x_mm,y_mm,z_mm,layer,kind,species,riparian,height_mm,slope_mm_per_m,dist_water_mm,standing_water_mm,treeline_delta_mm
-39710770,-57397923,1368870,0,rock,exfoliating-dome,0,5000,132,0,0,1742856
-39710615,-57377702,1369600,0,rock,mossy-forest-boulder,0,4500,0,14000,0,1695068
-39560428,-57257217,1367520,0,tree,norway-spruce,0,35000,22,4000,0,1744206
-39564942,-57238412,1368906,0,tree,western-hemlock,0,35000,179,28000,0,1695762
-39643276,-57148859,1418164,0,rock,tufa-curtain,1,2000,608,0,138,1552388
-39776150,-57431480,1356476,1,tree,tree-fern,1,6000,190,0,0,1708192
-39768641,-57427865,1356380,1,tree,scots-pine,0,25000,280,0,0,1708288
-39787968,-57421260,1373428,1,tree,columnar-cypress,0,13000,460,8000,0,1691240
-39791436,-57415169,1375376,1,tree,sycamore-maple,0,25000,361,16000,0,1689292
-39793273,-57412389,1376234,1,tree,quaking-aspen,0,18000,325,24000,0,1688434
-39765934,-57411086,1367383,1,tree,tree-fern,1,6000,459,10000,0,1697285
-39764344,-57411672,1367001,1,tree,scots-pine,0,25000,420,8000,0,1697667
-39750990,-57412772,1366282,1,tree,rowan,0,8000,412,0,0,1698386
-39799586,-57406233,1378633,1,tree,quaking-aspen,0,18000,377,22000,0,1686035
-39786058,-57407036,1376609,1,tree,sycamore-maple,0,25000,438,20000,0,1688059
-39766607,-57409573,1367809,1,tree,sycamore-maple,0,25000,256,10000,0,1696859
-39751941,-57406022,1367996,1,rock,granite-boulder,0,2400,91,8000,0,1696672
-39749867,-57407634,1367643,1,tree,sycamore-maple,0,25000,322,6000,0,1697025
-39740607,-57409435,1366662,1,tree,rowan,0,8000,382,4000,0,1698006
-39731161,-57405127,1367598,1,tree,birch,0,16000,234,4000,0,1697070
-39717437,-57405174,1367491,1,rock,granite-boulder,0,2400,276,0,0,1744235
-39797244,-57403254,1379232,1,tree,birch,0,16000,422,28000,0,1685436
-39756182,-57404666,1368225,1,rock,leaf-littered-slab,0,1900,302,14000,0,1696443
-39740404,-57401598,1368517,1,tree,rowan,0,8000,156,12000,0,1696151
-39794083,-57395617,1380725,1,tree,birch,0,16000,403,36000,0,1683943
-39757749,-57397505,1369055,1,tree,rowan,0,8000,183,16000,0,1695613
-39749606,-57399917,1368496,1,tree,scots-pine,0,25000,21,14000,0,1696172
-39708012,-57399453,1368589,1,tree,tree-fern,1,6000,156,0,0,1743137
-39794919,-57394758,1381107,1,tree,bur-oak,0,15000,377,36000,0,1683561
-39750016,-57393699,1368989,1,tree,quaking-aspen,0,18000,40,22000,0,1695679
-39747200,-57391329,1369203,1,tree,sugar-maple,0,25000,108,20000,0,1695465
-39717153,-57390681,1369461,1,rock,charcoal-blackened-block,0,1600,115,10000,0,1742265
-39705368,-57393614,1369207,1,tree,rowan,0,8000,74,6000,0,1742519
-39795649,-57388011,1382761,1,tree,sugar-maple,0,25000,474,36000,0,1681907
-39757303,-57387610,1369669,1,tree,tree-fern,1,6000,137,30000,0,1694999
-39747372,-57385162,1369497,1,tree,sugar-maple,0,25000,24,28000,0,1695171
-39732205,-57387175,1369574,1,rock,mossy-sandstone-bench,1,2400,33,26000,0,1695094
-39728542,-57386179,1369538,1,rock,leaf-littered-slab,0,1900,22,26000,0,1695130
-39717925,-57386233,1369502,1,tree,sycamore-maple,0,25000,7,16000,0,1695166
-39710487,-57387748,1369518,1,rock,mossy-sandstone-bench,1,2400,28,10000,0,1695150
-39697533,-57387514,1369665,1,tree,quaking-aspen,0,18000,312,4000,0,1695003
-39741530,-57383763,1369726,1,tree,rowan,0,8000,203,28000,0,1694942
-39732057,-57381050,1369979,1,tree,quaking-aspen,0,18000,173,32000,0,1694689
-39717711,-57382560,1369588,1,tree,rowan,0,8000,22,16000,0,1695080
-39702142,-57383214,1369547,1,tree,sugar-maple,0,25000,8,4000,0,1695121
-39759556,-57376036,1370387,1,tree,tundra-pine,0,9000,244,38000,0,1694281
-39726773,-57379362,1369812,1,rock,sinkhole-rim,0,3000,132,26000,0,1694856
-39713089,-57379404,1369600,1,tree,scots-pine,0,25000,0,20000,0,1695068
-39697031,-57375749,1369553,1,rock,mossy-sandstone-bench,1,2400,9,0,0,1695115
-39758376,-57373801,1370446,1,tree,tree-fern,1,6000,171,46000,0,1694222
-39754315,-57371284,1370771,1,rock,leaf-littered-slab,0,1900,226,44000,0,1693897
-39722425,-57373690,1370407,1,tree,columnar-cypress,0,13000,326,30000,0,1694261
-39718485,-57373008,1370060,1,tree,columnar-cypress,0,13000,323,24000,0,1694608
-39761676,-57366487,1372287,1,tree,sugar-maple,0,25000,334,52000,0,1692381
-39753789,-57367603,1371467,1,rock,granite-boulder,0,2400,284,44000,0,1693201
-39707309,-57368909,1369594,1,tree,quaking-aspen,0,18000,72,16000,0,1695074
-39741321,-57361221,1373982,1,tree,tundra-pine,0,9000,112,46000,0,1690686
-39712361,-57363217,1371409,1,rock,granite-boulder,0,2400,497,20000,0,1693259
-39702686,-57361298,1370068,1,tree,scots-pine,0,25000,499,14000,0,1694600
-39692627,-57361267,1369599,1,tree,quaking-aspen,0,18000,0,6000,0,1695069
-39765132,-57359705,1374039,1,tree,quaking-aspen,0,18000,345,62000,0,1643571
-39742820,-57359896,1374245,1,tree,quaking-aspen,0,18000,499,56000,0,1690423
-39679665,-57356824,1369570,1,rock,leaf-littered-slab,0,1900,211,0,0,1695098
-39761182,-57352132,1375847,1,tree,sugar-maple,0,25000,529,68000,0,1641763
-39682427,-57351900,1369554,1,tree,quaking-aspen,0,18000,16,2000,0,1695114
-39701086,-57349714,1371200,1,tree,scots-pine,0,25000,480,22000,0,1693468
-39699014,-57347303,1370744,1,tree,rowan,0,8000,412,22000,0,1693924
-39692181,-57345010,1369623,1,tree,quaking-aspen,0,18000,112,16000,0,1695045
-39689842,-57347726,1369584,1,tree,birch,0,16000,26,10000,0,1695084
-39717495,-57343811,1381939,1,tree,birch,0,16000,638,38000,0,1682729
-39712588,-57340810,1380079,1,tree,columnar-cypress,0,13000,664,38000,0,1684589
-39695573,-57340053,1370420,1,rock,leaf-littered-slab,0,1900,290,20000,0,1694248
-39675688,-57340810,1369539,1,tree,sycamore-maple,0,25000,35,6000,0,1695129
-39671305,-57344761,1369402,1,tree,tree-fern,1,6000,691,0,0,1695266
-39714440,-57336849,1381646,1,tree,rowan,0,8000,564,42000,0,1683022
-39693936,-57338449,1370257,1,tree,quaking-aspen,0,18000,276,20000,0,1694411
-39683863,-57337803,1369538,1,tree,quaking-aspen,0,18000,34,12000,0,1695130
-39677878,-57335484,1369500,1,rock,leaf-littered-slab,0,1900,0,10000,0,1695168
-39692184,-57332968,1370680,1,tree,tundra-pine,0,9000,411,24000,0,1693988
-39686420,-57334380,1369633,1,tree,sugar-maple,0,25000,110,16000,0,1695035
-39678355,-57332820,1369536,1,tree,rowan,0,8000,22,10000,0,1695132
-39672360,-57332429,1369540,1,tree,common-alder,1,18000,1,4000,0,1695128
-39688658,-57329892,1370614,1,tree,birch,0,16000,461,18000,0,1694054
-39765302,-57322307,1404888,1,tree,birch,0,16000,688,94000,0,1612722
-39744766,-57323011,1403042,1,tree,scots-pine,0,25000,454,72000,0,1614568
-39669166,-57323260,1368811,1,tree,quaking-aspen,0,18000,103,8000,0,1695857
-39661498,-57320024,1368289,1,rock,lake-bed-slab,1,2000,104,0,0,1696379
-39760411,-57315143,1409201,1,tree,quaking-aspen,0,18000,596,86000,0,1608409
-39753099,-57319557,1405384,1,tree,tree-fern,1,6000,850,78000,0,1612226
-39659685,-57315292,1367875,1,rock,quartz-vein-cobble-bar,1,1800,98,0,79,1743851
-39652503,-57315736,1367900,1,rock,chalk-outcrop,0,1600,369,0,0,1743826
-39677178,-57312939,1368669,1,tree,quaking-aspen,0,18000,312,4000,0,1695999
-39670642,-57312313,1367920,1,rock,marl-bench,1,1800,121,0,25,1696748
-39657066,-57314007,1367740,1,tree,birch,0,16000,60,0,189,1743986
-39650099,-57314632,1367883,1,tree,tundra-pine,0,9000,412,0,4,1743843
-39646499,-57311509,1367606,1,tree,sugar-maple,0,25000,241,0,236,1744120
-39765338,-57305925,1414812,1,tree,tundra-pine,0,9000,653,92000,0,1602798
-39679172,-57309692,1368955,1,tree,sycamore-maple,0,25000,246,4000,0,1695713
-39674895,-57305420,1368176,1,rock,quartz-vein-cobble-bar,1,1800,83,0,0,1696492
-39667765,-57305082,1367700,1,rock,rapids-whaleback,1,2400,48,0,217,1696968
-39663220,-57307250,1367576,1,rock,charcoal-blackened-block,0,1600,72,0,199,1697092
-39659604,-57305752,1367495,1,tree,common-alder,1,18000,43,0,171,1744231
-39649334,-57305623,1367400,1,tree,birch,0,16000,0,0,227,1744326
-39763556,-57300671,1417401,1,tree,birch,0,16000,567,86000,0,1600209
-39751861,-57301027,1416452,1,tree,quaking-aspen,0,18000,585,78000,0,1601158
-39677947,-57302067,1368319,1,tree,birch,0,16000,156,2000,0,1696349
-39665865,-57302164,1367588,1,rock,rapids-whaleback,1,2400,37,0,294,1697080
-39653829,-57303313,1367390,1,rock,quartz-vein-cobble-bar,1,1800,11,0,195,1744336
-39649065,-57304101,1367394,1,rock,gravel-bar,1,2400,12,0,208,1744332
-39642360,-57302660,1367334,1,rock,lake-bed-slab,1,2000,45,0,260,1744392
-39630793,-57300043,1367321,1,rock,rapids-whaleback,1,2400,53,0,206,1744405
-39745137,-57296789,1414298,1,tree,birch,0,16000,579,70000,0,1603312
-39685973,-57295107,1369398,1,tree,quaking-aspen,0,18000,214,10000,0,1695270
-39649400,-57299499,1367327,1,rock,gravel-bar,1,2400,39,0,251,1697341
-39633092,-57299814,1367303,1,tree,tundra-pine,0,9000,45,0,223,1697365
-39797457,-57290372,1428692,1,tree,sugar-maple,0,25000,534,102000,0,1541860
-39737370,-57290237,1412987,1,tree,tundra-pine,0,9000,379,62000,0,1604623
-39687846,-57290178,1369781,1,tree,tundra-pine,0,9000,235,10000,0,1694887
-39683165,-57293690,1369031,1,tree,birch,0,16000,130,10000,0,1695637
-39660925,-57290274,1367472,1,tree,birch,0,16000,41,0,211,1697196
-39642355,-57293440,1367299,1,rock,quartz-vein-cobble-bar,1,1800,0,0,0,1697369
-39637662,-57290131,1367300,1,rock,quartz-vein-cobble-bar,1,1800,0,2000,0,1697368
-39627539,-57290576,1367300,1,tree,tree-fern,1,6000,0,6000,0,1697368
-39792580,-57285519,1429556,1,tree,columnar-cypress,0,13000,586,106000,0,1540996
-39769387,-57285956,1424358,1,tree,sugar-maple,0,25000,536,92000,0,1546194
-39752666,-57288021,1419269,1,tree,columnar-cypress,0,13000,685,78000,0,1551283
-39692717,-57286012,1370689,1,rock,mossy-sandstone-bench,1,2400,331,18000,0,1646921
-39687642,-57285429,1370247,1,tree,rowan,0,8000,256,10000,0,1694421
-39670037,-57289831,1367795,1,tree,tundra-pine,0,9000,88,0,182,1696873
-39646145,-57286155,1367380,1,tree,columnar-cypress,0,13000,33,0,0,1697288
-39643783,-57285770,1367357,1,tree,common-alder,1,18000,41,2000,0,1697311
-39632330,-57288485,1367300,1,rock,rapids-whaleback,1,2400,0,4000,0,1697368
-39628094,-57285351,1367300,1,tree,rowan,0,8000,0,6000,0,1697368
-39788358,-57284146,1429555,1,tree,tundra-pine,0,9000,642,112000,0,1540997
-39777624,-57280334,1428337,1,tree,tundra-pine,0,9000,572,100000,0,1542215
-39770272,-57281221,1425587,1,tree,birch,0,16000,408,92000,0,1544965
-39696927,-57282436,1372446,1,tree,tree-fern,1,6000,500,18000,0,1645164
-39693034,-57283336,1371307,1,tree,birch,0,16000,377,18000,0,1646303
-39688323,-57282013,1370639,1,tree,scots-pine,0,25000,270,10000,0,1694029
-39681833,-57283803,1368989,1,tree,birch,0,16000,248,2000,0,1695679
-39670304,-57280240,1367940,1,tree,columnar-cypress,0,13000,132,0,8,1696728
-39643121,-57283751,1367399,1,tree,eastern-cottonwood,1,25000,2,2000,0,1697269
-39626128,-57282289,1367300,1,tree,rowan,0,8000,1,14000,0,1697368
-39613018,-57284926,1367300,1,tree,eastern-cottonwood,1,25000,0,8000,0,1697368
-39603120,-57283385,1367251,1,tree,birch,0,16000,41,4000,0,1697417
-39597653,-57283516,1367079,1,rock,granite-boulder,0,2400,496,0,0,1744647
-39762806,-57276017,1424845,1,tree,quaking-aspen,0,18000,488,86000,0,1545707
-39684757,-57278168,1369594,1,rock,leaf-littered-slab,0,1900,250,10000,0,1695074
-39653038,-57275859,1367531,1,rock,marl-bench,1,1800,45,0,203,1697137
-39640371,-57279963,1367400,1,rock,rapids-whaleback,1,2400,0,2000,0,1697268
-39598404,-57277690,1367350,1,rock,quartz-vein-cobble-bar,1,1800,24,0,0,1744376
-39791001,-57270380,1437421,1,tree,scots-pine,0,25000,564,116000,0,1533131
-39773762,-57273287,1427647,1,tree,quaking-aspen,0,18000,503,100000,0,1542905
-39682714,-57271451,1369689,1,tree,sycamore-maple,0,25000,242,12000,0,1694979
-39670025,-57273708,1368271,1,rock,undercut-bank-block,1,2000,164,0,0,1696397
-39655475,-57270374,1367609,1,tree,tundra-pine,0,9000,27,0,207,1697059
-39648518,-57274215,1367499,1,tree,sugar-maple,0,25000,2,0,0,1697169
-39629638,-57274026,1367400,1,tree,scots-pine,0,25000,0,18000,0,1697268
-39612984,-57274746,1367413,1,rock,leaf-littered-slab,0,1900,36,14000,0,1697255
-39582999,-57272506,1367406,1,tree,birch,0,16000,65,0,0,1744320
-39681157,-57266775,1370170,1,rock,chalk-outcrop,0,1600,286,10000,0,1647440
-39670558,-57268764,1368500,1,tree,rowan,0,8000,196,4000,0,1649110
-39659390,-57268861,1367761,1,rock,travertine-rimstone-dam,1,2400,52,0,203,1649849
-39642051,-57266263,1367503,1,rock,rapids-whaleback,1,2400,8,2000,0,1650107
-39603756,-57265768,1367857,1,tree,sugar-maple,0,25000,80,16000,0,1696811
-39599942,-57265427,1367881,1,rock,leaf-littered-slab,0,1900,85,14000,0,1696787
-39584376,-57266081,1367677,1,tree,common-alder,1,18000,52,6000,0,1696991
-39571348,-57266860,1367495,1,rock,mossy-sandstone-bench,1,2400,94,4000,0,1697173
-39800362,-57263230,1440245,1,tree,tundra-pine,0,9000,186,116000,0,1530307
-39798922,-57262936,1440118,1,rock,leaf-littered-slab,0,1900,226,116000,0,1530434
-39663318,-57264039,1368048,1,tree,quaking-aspen,0,18000,250,0,92,1649562
-39639614,-57260423,1367610,1,tree,sugar-maple,0,25000,20,4000,0,1650000
-39626439,-57260563,1367806,1,tree,rowan,0,8000,97,18000,0,1696862
-39616096,-57263504,1367774,1,tree,quaking-aspen,0,18000,48,24000,0,1696894
-39611508,-57260080,1368202,1,tree,quaking-aspen,0,18000,162,26000,0,1696466
-39606638,-57264112,1367950,1,tree,sugar-maple,0,25000,83,16000,0,1696718
-39586309,-57263139,1367800,1,tree,sugar-maple,0,25000,57,10000,0,1696868
-39568999,-57260607,1367600,1,rock,mossy-sandstone-bench,1,2400,3,6000,0,1744126
-39756656,-57256751,1424194,1,tree,birch,0,16000,549,80000,0,1546358
-39679259,-57256874,1371719,1,tree,quaking-aspen,0,18000,529,12000,0,1645891
-39670599,-57257122,1370314,1,tree,tundra-pine,0,9000,340,4000,0,1647296
-39666895,-57259772,1369518,1,tree,quaking-aspen,0,18000,329,0,0,1648092
-39608051,-57259420,1368494,1,tree,scots-pine,0,25000,226,26000,0,1696174
-39592483,-57256698,1368597,1,tree,birch,0,16000,163,16000,0,1696071
-39575993,-57259144,1367703,1,tree,eastern-cottonwood,1,25000,10,10000,0,1696965
-39541125,-57255165,1367314,1,rock,lake-bed-slab,1,2000,28,2000,0,1744412
-39521289,-57257795,1367241,1,rock,lake-bed-slab,1,2000,106,0,0,1744485
-39787562,-57254204,1439127,1,rock,granite-boulder,0,2400,354,120000,0,1531425
-39680526,-57253221,1373112,1,tree,birch,0,16000,667,16000,0,1644498
-39673133,-57251990,1371777,1,tree,scots-pine,0,25000,406,10000,0,1645833
-39655557,-57252505,1370393,1,rock,leaf-littered-slab,0,1900,203,2000,0,1647217
-39628770,-57253236,1368319,1,rock,charcoal-blackened-block,0,1600,114,20000,0,1696349
-39624232,-57252113,1368457,1,tree,quaking-aspen,0,18000,150,20000,0,1696211
-39601118,-57251834,1369429,1,tree,sugar-maple,0,25000,212,30000,0,1695239
-39573638,-57250660,1368028,1,tree,quaking-aspen,0,18000,107,16000,0,1696640
-39568708,-57254483,1367631,1,tree,tundra-pine,0,9000,57,12000,0,1744095
-39550027,-57252456,1367430,1,rock,mossy-sandstone-bench,1,2400,38,10000,0,1744296
-39540404,-57253085,1367312,1,tree,tundra-pine,0,9000,22,10000,0,1744414
-39538964,-57252612,1367308,1,tree,quaking-aspen,0,18000,20,10000,0,1744418
-39799803,-57247338,1440845,1,rock,leaf-littered-slab,0,1900,57,116000,0,1529707
-39791095,-57247622,1440454,1,tree,tundra-pine,0,9000,197,120000,0,1530098
-39789107,-57249124,1440045,1,tree,birch,0,16000,273,120000,0,1530507
-39720452,-57245578,1413518,1,tree,tundra-pine,0,9000,486,60000,0,1557034
-39676863,-57246712,1374764,1,tree,tree-fern,1,6000,766,20000,0,1642846
-39671762,-57246819,1373093,1,tree,birch,0,16000,549,16000,0,1644517
-39669682,-57249578,1371911,1,tree,tree-fern,1,6000,424,10000,0,1645699
-39657450,-57246358,1371947,1,rock,mossy-sandstone-bench,1,2400,370,2000,0,1645663
-39619832,-57248878,1369265,1,tree,sugar-maple,0,25000,347,28000,0,1695403
-39612579,-57246314,1370626,1,tree,birch,0,16000,206,34000,0,1694042
-39584364,-57245351,1369049,1,tree,birch,0,16000,213,26000,0,1695619
-39579752,-57248980,1368409,1,tree,sycamore-maple,0,25000,137,20000,0,1696259
-39574885,-57245964,1368561,1,tree,birch,0,16000,160,22000,0,1696107
-39565282,-57249335,1367790,1,tree,birch,0,16000,80,12000,0,1743936
-39557552,-57246912,1367811,1,tree,quaking-aspen,0,18000,104,20000,0,1743915
-39526153,-57246807,1367502,1,rock,leaf-littered-slab,0,1900,124,16000,0,1744224
-39780778,-57241279,1439113,1,tree,quaking-aspen,0,18000,406,114000,0,1531439
-39773685,-57241031,1436754,1,tree,tundra-pine,0,9000,537,106000,0,1533798
-39744837,-57244612,1422836,1,tree,birch,0,16000,533,80000,0,1547716
-39725531,-57244167,1415275,1,tree,birch,0,16000,419,60000,0,1555277
-39673578,-57242650,1375018,1,tree,quaking-aspen,0,18000,622,16000,0,1642592
-39661002,-57240987,1373829,1,tree,columnar-cypress,0,13000,361,10000,0,1643781
-39625268,-57241388,1370564,1,tree,quaking-aspen,0,18000,495,20000,0,1694104
-39605241,-57243581,1371048,1,tree,birch,0,16000,343,36000,0,1693620
-39587265,-57240524,1370003,1,tree,rowan,0,8000,271,30000,0,1694665
-39560412,-57242319,1368261,1,rock,charcoal-blackened-block,0,1600,138,20000,0,1743465
-39546867,-57242237,1368416,1,tree,tundra-pine,0,9000,163,18000,0,1743310
-39528848,-57243631,1367916,1,tree,quaking-aspen,0,18000,184,16000,0,1743810
-39799745,-57236794,1440486,1,rock,charcoal-blackened-block,0,1600,112,118000,0,1530066
-39792732,-57237818,1440867,1,rock,leaf-littered-slab,0,1900,38,124000,0,1529685
-39734276,-57239002,1418400,1,tree,tree-fern,1,6000,450,70000,0,1552152
-39729324,-57239581,1416935,1,tree,birch,0,16000,410,70000,0,1553617
-39646389,-57237980,1374046,1,tree,birch,0,16000,471,0,0,1643564
-39639960,-57237044,1374738,1,tree,quaking-aspen,0,18000,571,4000,0,1642872
-39620060,-57235821,1372225,1,tree,scots-pine,0,25000,456,28000,0,1645385
-39535726,-57238641,1368895,1,rock,mossy-sandstone-bench,1,2400,253,24000,0,1695773
-39529424,-57239175,1368682,1,tree,sugar-maple,0,25000,262,24000,0,1695986
-39774970,-57230634,1438498,1,tree,tundra-pine,0,9000,339,114000,0,1532054
-39722145,-57231151,1414548,1,tree,birch,0,16000,392,66000,0,1556004
-39689143,-57232218,1385313,1,tree,birch,0,16000,552,32000,0,1632297
-39670828,-57230088,1378797,1,tree,tundra-pine,0,9000,593,18000,0,1638813
-39609372,-57233132,1375136,1,tree,quaking-aspen,0,18000,395,34000,0,1642474
-39591279,-57230918,1372721,1,tree,quaking-aspen,0,18000,432,42000,0,1691947
-39539326,-57231087,1370304,1,tree,sycamore-maple,0,25000,193,32000,0,1694364
-39787359,-57229637,1440447,1,rock,leaf-littered-slab,0,1900,110,120000,0,1530105
-39736592,-57229400,1420118,1,tree,birch,0,16000,568,78000,0,1550434
-39689857,-57225924,1387279,1,tree,rowan,0,8000,628,32000,0,1630331
-39638674,-57226750,1379869,1,tree,columnar-cypress,0,13000,588,4000,0,1637741
-39624810,-57225141,1380116,1,tree,rowan,0,8000,559,20000,0,1637494
-39600801,-57228777,1375747,1,tree,scots-pine,0,25000,516,42000,0,1641863
-39574433,-57228093,1371284,1,tree,columnar-cypress,0,13000,276,36000,0,1693384
-39565457,-57225481,1370817,1,tree,birch,0,16000,286,34000,0,1693851
-39561700,-57229072,1369996,1,tree,birch,0,16000,167,34000,0,1694672
-39541299,-57226597,1371229,1,tree,sugar-maple,0,25000,325,32000,0,1693439
-39797630,-57222125,1439488,1,tree,quaking-aspen,0,18000,208,122000,0,1531064
-39792225,-57223991,1440141,1,tree,quaking-aspen,0,18000,149,130000,0,1530411
-39787335,-57221412,1439934,1,tree,birch,0,16000,88,124000,0,1530618
-39728092,-57223275,1415696,1,tree,scots-pine,0,25000,468,76000,0,1554856
-39683848,-57224796,1385826,1,tree,birch,0,16000,559,32000,0,1631784
-39679214,-57220010,1384909,1,tree,rowan,0,8000,596,26000,0,1632701
-39666864,-57222890,1380944,1,tree,columnar-cypress,0,13000,574,10000,0,1636666
-39664548,-57224777,1379859,1,tree,columnar-cypress,0,13000,531,10000,0,1637751
-39654667,-57221707,1381259,1,tree,scots-pine,0,25000,621,2000,0,1636351
-39636928,-57222496,1382053,1,tree,quaking-aspen,0,18000,530,12000,0,1635557
-39625365,-57224872,1380296,1,tree,birch,0,16000,548,20000,0,1637314
-39562723,-57222917,1371040,1,tree,tundra-pine,0,9000,700,42000,0,1693628
-39793992,-57218621,1439462,1,tree,quaking-aspen,0,18000,201,130000,0,1531090
-39783392,-57216186,1439272,1,tree,columnar-cypress,0,13000,162,126000,0,1531280
-39777536,-57216251,1438841,1,rock,granite-boulder,0,2400,154,120000,0,1531711
-39766511,-57218635,1436844,1,tree,quaking-aspen,0,18000,267,110000,0,1533708
-39762180,-57216917,1435518,1,tree,scots-pine,0,25000,415,106000,0,1535034
-39730069,-57215276,1418332,1,tree,columnar-cypress,0,13000,572,78000,0,1552220
-39667435,-57215615,1384319,1,tree,tree-fern,1,6000,580,10000,0,1633291
-39654163,-57216539,1383928,1,tree,tree-fern,1,6000,630,2000,0,1633682
-39647821,-57219194,1383591,1,tree,quaking-aspen,0,18000,582,0,0,1634019
-39641065,-57217419,1384269,1,tree,birch,0,16000,546,4000,0,1633341
-39612365,-57216728,1384083,1,tree,tundra-pine,0,9000,595,34000,0,1633527
-39771598,-57214264,1437670,1,tree,birch,0,16000,278,112000,0,1532882
-39737600,-57212788,1422197,1,tree,birch,0,16000,629,86000,0,1548355
-39629756,-57211431,1386544,1,tree,tree-fern,1,6000,570,20000,0,1631066
-39616685,-57212816,1386485,1,tree,rowan,0,8000,605,28000,0,1631125
-39797970,-57208167,1437656,1,rock,sinkhole-rim,0,3000,217,126000,0,1532896
-39788347,-57205644,1437780,1,tree,birch,0,16000,252,134000,0,1532772
-39783230,-57208700,1438452,1,tree,scots-pine,0,25000,120,130000,0,1532100
-39672627,-57209889,1387118,1,tree,sugar-maple,0,25000,398,18000,0,1630492
-39660521,-57206351,1388674,1,tree,columnar-cypress,0,13000,545,10000,0,1628936
-39632563,-57209712,1387351,1,tree,scots-pine,0,25000,615,12000,0,1630259
-39791085,-57202106,1437063,1,rock,leaf-littered-slab,0,1900,242,136000,0,1533489
-39784315,-57200520,1437038,1,tree,columnar-cypress,0,13000,259,130000,0,1533514
-39765354,-57201004,1435594,1,tree,birch,0,16000,228,116000,0,1534958
-39762262,-57200941,1435061,1,tree,scots-pine,0,25000,274,108000,0,1535491
-39758375,-57203145,1434208,1,tree,scots-pine,0,25000,419,108000,0,1536344
-39652485,-57201764,1392086,1,tree,tree-fern,1,6000,594,0,0,1625524
-39778629,-57192550,1435627,1,tree,scots-pine,0,25000,202,122000,0,1534925
-39765977,-57191654,1434898,1,tree,sugar-maple,0,25000,133,116000,0,1535654
-39677996,-57194346,1390714,1,tree,tree-fern,1,6000,225,26000,0,1626896
-39725243,-57187485,1424922,1,tree,tundra-pine,0,9000,555,70000,0,1545630
-39747346,-57170216,1429909,1,tree,birch,0,16000,510,92000,0,1540643
-39653365,-57170525,1409071,1,tree,tree-fern,1,6000,555,2000,0,1561481
-39636810,-57174101,1411703,1,tree,birch,0,16000,586,12000,0,1558849
-39766815,-57169712,1434781,1,tree,tundra-pine,0,9000,233,116000,0,1535771
-39771096,-57162747,1435769,1,tree,quaking-aspen,0,18000,210,116000,0,1534783
-39767605,-57162001,1435984,1,tree,columnar-cypress,0,13000,216,116000,0,1534568
-39725029,-57164537,1432332,1,tree,tundra-pine,0,9000,512,70000,0,1538220
-39777501,-57157586,1435695,1,rock,charcoal-blackened-block,0,1600,220,122000,0,1534857
-39768478,-57159841,1436259,1,tree,columnar-cypress,0,13000,212,116000,0,1534293
-39659975,-57156453,1413997,1,tree,birch,0,16000,490,2000,0,1556555
-39639714,-57158594,1416811,1,tree,scots-pine,0,25000,674,2000,0,1553741
-39761270,-57153052,1438143,1,tree,tundra-pine,0,9000,302,108000,0,1532409
-39635996,-57153982,1419391,1,tree,scots-pine,0,25000,493,4000,0,1551161
-39610006,-57152483,1435620,1,tree,quaking-aspen,0,18000,569,24000,0,1534932
-39791884,-57424496,1372673,2,bush,bramble-thicket,0,1500,528,8000,0,1691995
-39764425,-57424481,1356574,2,bush,hazel-coppice,0,3000,34,0,0,1708094
-39767401,-57424288,1356502,2,bush,rhododendron-thicket,0,3000,830,0,0,1708166
-39761795,-57423663,1355991,2,grass,bracken,0,1500,384,0,0,1708677
-39788477,-57421261,1373492,2,bush,blackthorn-scrub,0,3000,438,8000,0,1691176
-39786690,-57420365,1373263,2,bush,rhododendron-thicket,0,3000,524,6000,0,1691405
-39784225,-57421013,1371918,2,bush,blackthorn-scrub,0,3000,861,6000,0,1692750
-39794889,-57418204,1375098,2,bush,box,0,2000,337,16000,0,1689570
-39783971,-57418745,1373141,2,bush,bramble-thicket,0,1500,653,14000,0,1691527
-39793631,-57415666,1375552,2,bush,mountain-laurel,0,3000,331,16000,0,1689116
-39792486,-57416018,1375322,2,bush,guelder-rose,1,3000,356,16000,0,1689346
-39789521,-57416354,1374823,2,bush,common-dogwood,1,2500,349,16000,0,1689845
-39787871,-57417131,1374368,2,bush,bramble-thicket,0,1500,459,16000,0,1690300
-39777240,-57416739,1372393,2,bush,rhododendron-thicket,0,3000,803,10000,0,1692275
-39793160,-57413696,1375921,2,bush,red-huckleberry,0,2000,332,16000,0,1688747
-39784300,-57414064,1374997,2,bush,elder,0,3000,432,14000,0,1689671
-39781379,-57414160,1374306,2,bush,hazel-coppice,0,3000,466,14000,0,1690362
-39779673,-57415569,1373587,2,bush,hazel-coppice,0,3000,564,10000,0,1691081
-39776496,-57414797,1372671,2,bush,blackthorn-scrub,0,3000,582,10000,0,1691997
-39757439,-57413522,1366672,2,bush,red-huckleberry,0,2000,688,0,0,1697996
-39755284,-57414198,1366089,2,rock,streambed-cascade-block,1,1200,517,0,0,1698579
-39753069,-57414856,1365517,2,bush,common-dogwood,1,2500,697,0,0,1699151
-39736460,-57413971,1365400,2,bush,hazel-coppice,0,3000,263,0,0,1699268
-39735441,-57413699,1365480,2,bush,blackthorn-scrub,0,3000,275,0,0,1699188
-39730800,-57413632,1365763,2,bush,snowberry,0,1500,356,0,0,1698905
-39728201,-57414368,1365553,2,bush,elder,0,3000,101,0,0,1699115
-39791594,-57411285,1376385,2,tree,temperate-sapling,0,4500,326,24000,0,1688283
-39785842,-57412499,1375614,2,bush,rhododendron-thicket,0,3000,369,20000,0,1689054
-39783067,-57412408,1375162,2,bush,rhododendron-thicket,0,3000,395,20000,0,1689506
-39769997,-57412440,1368757,2,bush,snowberry,0,1500,645,10000,0,1695911
-39767626,-57411589,1367657,2,bush,rhododendron-thicket,0,3000,488,10000,0,1697011
-39761976,-57411618,1367008,2,tree,temperate-sapling,0,4500,361,8000,0,1697660
-39759361,-57412000,1366825,2,tree,temperate-sapling,0,4500,407,8000,0,1697843
-39754131,-57411977,1366706,2,bush,gorse,0,1800,571,8000,0,1697962
-39748358,-57411725,1366152,2,bush,mountain-laurel,0,3000,376,6000,0,1698516
-39723613,-57412586,1366318,2,bush,bramble-thicket,0,1500,489,0,0,1698350
-39722689,-57411465,1366244,2,tree,temperate-sapling,0,4500,328,2000,0,1698424
-39718323,-57411608,1366077,2,bush,blackthorn-scrub,0,3000,411,0,0,1745649
-39794324,-57410422,1376710,2,bush,rhododendron-thicket,0,3000,359,24000,0,1687958
-39793204,-57409614,1376939,2,bush,bramble-thicket,0,1500,369,24000,0,1687729
-39788612,-57411026,1376123,2,bush,elder,0,3000,359,24000,0,1688545
-39783934,-57410448,1375714,2,bush,red-huckleberry,0,2000,380,20000,0,1688954
-39781079,-57409920,1374898,2,tree,temperate-sapling,0,4500,385,20000,0,1689770
-39774460,-57410353,1369291,2,bush,elder,0,3000,406,16000,0,1695377
-39772317,-57409784,1370077,2,bush,common-broom,0,2000,73,10000,0,1694591
-39766608,-57409133,1367857,2,bush,red-huckleberry,0,2000,228,10000,0,1696811
-39762296,-57410650,1367375,2,bush,mountain-laurel,0,3000,513,8000,0,1697293
-39759022,-57410397,1367555,2,bush,guelder-rose,1,3000,419,8000,0,1697113
-39755978,-57410569,1367318,2,bush,snowberry,0,1500,281,8000,0,1697350
-39746937,-57409727,1366872,2,grass,bracken,0,1500,371,6000,0,1697796
-39736691,-57410784,1366093,2,bush,hazel-coppice,0,3000,302,4000,0,1698575
-39734990,-57410485,1366151,2,bush,box,0,2000,305,4000,0,1698517
-39732033,-57410960,1366254,2,bush,bramble-thicket,0,1500,302,4000,0,1698414
-39719068,-57410992,1366505,2,bush,bramble-thicket,0,1500,477,0,0,1745221
-39777098,-57407042,1371233,2,bush,red-huckleberry,0,2000,481,16000,0,1693435
-39769461,-57408795,1368528,2,bush,bramble-thicket,0,1500,420,10000,0,1696140
-39762748,-57408470,1368032,2,tree,temperate-sapling,0,4500,431,8000,0,1696636
-39760066,-57407520,1368286,2,tree,temperate-sapling,0,4500,402,8000,0,1696382
-39753304,-57407777,1367732,2,tree,temperate-sapling,0,4500,112,8000,0,1696936
-39747576,-57408868,1367180,2,bush,blackthorn-scrub,0,3000,346,6000,0,1697488
-39747004,-57408251,1367325,2,bush,blackthorn-scrub,0,3000,328,6000,0,1697343
-39742078,-57408117,1367244,2,bush,box,0,2000,325,4000,0,1697424
-39737297,-57408666,1366748,2,grass,bracken,0,1500,343,4000,0,1697920
-39732800,-57407363,1367078,2,bush,elder,0,3000,263,4000,0,1697590
-39725406,-57407080,1367218,2,grass,bracken,0,1500,224,2000,0,1697450
-39719952,-57407007,1367151,2,bush,rhododendron-thicket,0,3000,281,0,0,1744575
-39717154,-57408181,1366944,2,bush,blackthorn-scrub,0,3000,255,0,0,1744782
-39714544,-57407494,1366765,2,bush,blackthorn-scrub,0,3000,816,0,0,1744961
-39794989,-57406699,1377918,2,bush,gorse,0,1800,419,24000,0,1686750
-39791433,-57405273,1378141,2,bush,elder,0,3000,404,24000,0,1686527
-39791122,-57404643,1378244,2,bush,elder,0,3000,419,30000,0,1686424
-39787180,-57405975,1377117,2,bush,snowberry,0,1500,395,20000,0,1687551
-39773845,-57406005,1369826,2,bush,elder,0,3000,409,16000,0,1694842
-39766994,-57405448,1369137,2,bush,snowberry,0,1500,338,10000,0,1695531
-39763560,-57405969,1368945,2,bush,guelder-rose,1,3000,318,8000,0,1695723
-39761513,-57405947,1368744,2,tree,temperate-sapling,0,4500,445,8000,0,1695924
-39756969,-57404607,1368326,2,bush,red-huckleberry,0,2000,212,14000,0,1696342
-39754594,-57404685,1368185,2,bush,hazel-coppice,0,3000,176,14000,0,1696483
-39753124,-57404815,1368144,2,bush,mountain-laurel,0,3000,234,14000,0,1696524
-39747401,-57404794,1368135,2,bush,box,0,2000,225,14000,0,1696533
-39745780,-57406664,1367710,2,bush,guelder-rose,1,3000,274,6000,0,1696958
-39744088,-57405750,1367853,2,bush,box,0,2000,234,6000,0,1696815
-39741347,-57406726,1367481,2,bush,common-dogwood,1,2500,298,4000,0,1697187
-39734548,-57404626,1367780,2,grass,bracken,0,1500,243,10000,0,1696888
-39734107,-57405492,1367582,2,grass,bracken,0,1500,263,4000,0,1697086
-39728646,-57405552,1367555,2,bush,blackthorn-scrub,0,3000,246,4000,0,1697113
-39724085,-57405332,1367530,2,grass,bracken,0,1500,194,2000,0,1697138
-39794865,-57403778,1378834,2,bush,common-dogwood,1,2500,425,30000,0,1685834
-39792463,-57403412,1378737,2,tree,temperate-sapling,0,4500,426,30000,0,1685931
-39776787,-57404117,1370881,2,bush,hazel-coppice,0,3000,558,20000,0,1693787
-39774855,-57403030,1370900,2,bush,blackthorn-scrub,0,3000,433,20000,0,1693768
-39772803,-57403831,1370310,2,bush,common-dogwood,1,2500,446,20000,0,1694358
-39767901,-57402957,1370171,2,bush,elder,0,3000,375,16000,0,1694497
-39758885,-57404294,1368485,2,bush,snowberry,0,1500,206,16000,0,1696183
-39755635,-57403128,1368424,2,bush,red-huckleberry,0,2000,162,14000,0,1696244
-39747151,-57403745,1368335,2,bush,guelder-rose,1,3000,180,14000,0,1696333
-39740798,-57402822,1368299,2,bush,bramble-thicket,0,1500,182,12000,0,1696369
-39724670,-57404238,1367778,2,bush,elder,0,3000,237,10000,0,1696890
-39712611,-57404177,1367745,2,bush,red-huckleberry,0,2000,251,4000,0,1743981
-39709044,-57403312,1367964,2,bush,box,0,2000,889,0,0,1743762
-39793855,-57401063,1379546,2,bush,common-broom,0,2000,424,30000,0,1685122
-39792728,-57401825,1379184,2,bush,hazel-coppice,0,3000,426,30000,0,1685484
-39789965,-57400852,1378691,2,grass,bracken,0,1500,445,30000,0,1685977
-39782474,-57400410,1373756,2,bush,red-huckleberry,0,2000,536,26000,0,1690912
-39779766,-57401035,1372330,2,bush,blackthorn-scrub,0,3000,549,20000,0,1692338
-39777918,-57400534,1372113,2,bush,witch-hazel,0,3000,582,20000,0,1692555
-39770386,-57401831,1370875,2,bush,guelder-rose,1,3000,366,16000,0,1693793
-39768728,-57401153,1370921,2,bush,blackthorn-scrub,0,3000,299,16000,0,1693747
-39763863,-57401604,1369563,2,bush,rhododendron-thicket,0,3000,267,16000,0,1695105
-39762246,-57401062,1369314,2,tree,temperate-sapling,0,4500,156,16000,0,1695354
-39759220,-57402171,1368723,2,bush,hazel-coppice,0,3000,92,16000,0,1695945
-39757568,-57400431,1368794,2,bush,hazel-coppice,0,3000,59,16000,0,1695874
-39755967,-57401791,1368516,2,bush,snowberry,0,1500,111,14000,0,1696152
-39744345,-57400266,1368692,2,bush,common-broom,0,2000,115,14000,0,1695976
-39741983,-57400832,1368630,2,bush,hazel-coppice,0,3000,121,12000,0,1696038
-39737086,-57400302,1368611,2,bush,hazel-coppice,0,3000,155,12000,0,1696057
-39736184,-57400323,1368597,2,bush,blackthorn-scrub,0,3000,155,12000,0,1696071
-39732828,-57400996,1368531,2,grass,bracken,0,1500,142,10000,0,1696137
-39730657,-57400781,1368556,2,bush,witch-hazel,0,3000,154,10000,0,1696112
-39719324,-57400543,1368463,2,tree,temperate-sapling,0,4500,204,4000,0,1743263
-39712072,-57400892,1368403,2,bush,red-huckleberry,0,2000,176,0,0,1743323
-39708110,-57400641,1368542,2,bush,bramble-thicket,0,1500,260,0,0,1743184
-39793711,-57399836,1379846,2,grass,bracken,0,1500,424,30000,0,1684822
-39787934,-57399104,1377337,2,bush,dog-rose,0,2500,729,30000,0,1687331
-39781651,-57399017,1373488,2,bush,dog-rose,0,2500,544,26000,0,1691180
-39779795,-57398573,1373324,2,bush,blackthorn-scrub,0,3000,645,20000,0,1691344
-39777580,-57399194,1372698,2,bush,snowberry,0,1500,660,20000,0,1691970
-39764485,-57399049,1369914,2,bush,dog-rose,0,2500,230,16000,0,1694754
-39748865,-57399192,1368599,2,bush,hazel-coppice,0,3000,273,14000,0,1696069
-39745167,-57399580,1368797,2,bush,mountain-laurel,0,3000,131,14000,0,1695871
-39741001,-57398767,1368859,2,bush,mountain-laurel,0,3000,108,12000,0,1695809
-39738761,-57398089,1368951,2,grass,bracken,0,1500,102,12000,0,1695717
-39736689,-57398487,1368889,2,bush,blackthorn-scrub,0,3000,109,12000,0,1695779
-39723121,-57399375,1368690,2,tree,temperate-sapling,0,4500,131,10000,0,1695978
-39720331,-57399576,1368660,2,bush,blackthorn-scrub,0,3000,142,10000,0,1696008
-39718583,-57398386,1368834,2,tree,temperate-sapling,0,4500,117,4000,0,1742892
-39716106,-57398515,1368768,2,bush,blackthorn-scrub,0,3000,157,4000,0,1742958
-39711491,-57398225,1368831,2,grass,bracken,0,1500,140,0,0,1742895
-39792011,-57397240,1379885,2,tree,temperate-sapling,0,4500,542,36000,0,1684783
-39785755,-57396079,1376051,2,bush,blackthorn-scrub,0,3000,780,30000,0,1688617
-39784535,-57397894,1375101,2,bush,hazel-coppice,0,3000,669,26000,0,1689567
-39780970,-57397910,1373874,2,bush,guelder-rose,1,3000,642,26000,0,1690794
-39768414,-57395848,1370960,2,tree,temperate-sapling,0,4500,290,24000,0,1693708
-39765886,-57396049,1370341,2,bush,elder,0,3000,300,24000,0,1694327
-39763162,-57397045,1369770,2,grass,bracken,0,1500,309,24000,0,1694898
-39760675,-57396931,1369440,2,bush,hazel-coppice,0,3000,226,24000,0,1695228
-39752828,-57397215,1368805,2,bush,snowberry,0,1500,110,22000,0,1695863
-39741409,-57396202,1369128,2,tree,temperate-sapling,0,4500,126,20000,0,1695540
-39725564,-57396814,1368974,2,bush,blackthorn-scrub,0,3000,106,14000,0,1695694
-39719857,-57396489,1369038,2,bush,box,0,2000,96,10000,0,1742688
-39716556,-57397795,1368884,2,bush,elder,0,3000,131,4000,0,1742842
-39711543,-57397386,1368947,2,bush,blackthorn-scrub,0,3000,121,6000,0,1742779
-39794349,-57395258,1380899,2,bush,gorse,0,1800,401,36000,0,1683769
-39789423,-57394130,1379127,2,bush,bramble-thicket,0,1500,899,36000,0,1685541
-39781314,-57394619,1375710,2,bush,rhododendron-thicket,0,3000,722,30000,0,1688958
-39780005,-57394495,1375637,2,bush,guelder-rose,1,3000,738,30000,0,1689031
-39778030,-57394613,1374825,2,bush,common-dogwood,1,2500,660,26000,0,1689843
-39763276,-57395274,1369920,2,bush,box,0,2000,146,24000,0,1694748
-39760648,-57394809,1369538,2,tree,temperate-sapling,0,4500,224,24000,0,1695130
-39741239,-57395207,1369192,2,bush,guelder-rose,1,3000,36,20000,0,1695476
-39725555,-57394961,1369184,2,tree,temperate-sapling,0,4500,96,14000,0,1695484
-39725297,-57394364,1369235,2,grass,bracken,0,1500,76,14000,0,1695433
-39722042,-57394066,1369234,2,bush,common-dogwood,1,2500,84,14000,0,1695434
-39719987,-57393944,1369210,2,bush,blackthorn-scrub,0,3000,70,10000,0,1742516
-39718332,-57395158,1369136,2,bush,elder,0,3000,62,10000,0,1742590
-39705637,-57394685,1369150,2,bush,mountain-laurel,0,3000,76,6000,0,1742576
-39789899,-57393164,1379586,2,bush,red-huckleberry,0,2000,822,36000,0,1685082
-39785211,-57391921,1378180,2,bush,snowberry,0,1500,878,30000,0,1686488
-39782310,-57393587,1376560,2,bush,red-huckleberry,0,2000,773,30000,0,1688108
-39774352,-57392401,1373165,2,bush,blackthorn-scrub,0,3000,536,26000,0,1691503
-39771745,-57393244,1372027,2,tree,temperate-sapling,0,4500,473,24000,0,1692641
-39769436,-57391891,1371269,2,grass,bracken,0,1500,345,24000,0,1693399
-39766463,-57391536,1370637,2,tree,temperate-sapling,0,4500,284,24000,0,1694031
-39757663,-57393203,1369365,2,tree,temperate-sapling,0,4500,112,24000,0,1695303
-39751004,-57392534,1369091,2,tree,temperate-sapling,0,4500,108,22000,0,1695577
-39745211,-57391534,1369227,2,bush,snowberry,0,1500,77,20000,0,1695441
-39743393,-57391401,1369260,2,tree,temperate-sapling,0,4500,92,20000,0,1695408
-39742649,-57393077,1369197,2,bush,hazel-coppice,0,3000,83,20000,0,1695471
-39739143,-57391667,1369366,2,bush,red-huckleberry,0,2000,95,20000,0,1695302
-39735059,-57392259,1369340,2,bush,common-dogwood,1,2500,66,20000,0,1695328
-39725457,-57392978,1369303,2,bush,common-dogwood,1,2500,34,14000,0,1695365
-39722796,-57391469,1369371,2,bush,hazel-coppice,0,3000,98,14000,0,1695297
-39717439,-57392118,1369319,2,bush,bramble-thicket,0,1500,98,10000,0,1742407
-39709503,-57392651,1369242,2,bush,mountain-laurel,0,3000,62,6000,0,1742484
-39791440,-57389561,1381460,2,bush,snowberry,0,1500,692,42000,0,1683208
-39784058,-57389492,1379144,2,bush,snowberry,0,1500,787,36000,0,1685524
-39779352,-57390978,1376637,2,bush,elder,0,3000,779,26000,0,1688031
-39773712,-57390917,1373067,2,bush,hazel-coppice,0,3000,520,26000,0,1691601
-39770615,-57390757,1371750,2,bush,guelder-rose,1,3000,341,24000,0,1692918
-39745437,-57389574,1369316,2,bush,mountain-laurel,0,3000,112,28000,0,1695352
-39741515,-57390518,1369323,2,tree,temperate-sapling,0,4500,85,20000,0,1695345
-39739420,-57389247,1369358,2,bush,hazel-coppice,0,3000,26,28000,0,1695310
-39735099,-57391326,1369406,2,bush,guelder-rose,1,3000,113,20000,0,1695262
-39730399,-57390566,1369468,2,bush,guelder-rose,1,3000,113,18000,0,1695200
-39728966,-57390195,1369514,2,bush,common-broom,0,2000,80,18000,0,1695154
-39719913,-57391241,1369400,2,bush,dog-rose,0,2500,123,10000,0,1742326
-39713700,-57389666,1369543,2,bush,common-dogwood,1,2500,27,16000,0,1695125
-39711414,-57390561,1369442,2,bush,witch-hazel,0,3000,120,6000,0,1742284
-39708986,-57389610,1369532,2,bush,bramble-thicket,0,1500,53,10000,0,1695136
-39700670,-57389954,1369579,2,bush,dog-rose,0,2500,198,4000,0,1695089
-39790187,-57387109,1382066,2,bush,rhododendron-thicket,0,3000,670,42000,0,1682602
-39781980,-57388036,1378807,2,bush,dog-rose,0,2500,817,36000,0,1685861
-39778670,-57388819,1376380,2,bush,common-dogwood,1,2500,832,34000,0,1688288
-39776502,-57388598,1374714,2,bush,snowberry,0,1500,759,34000,0,1689954
-39774901,-57388547,1373811,2,bush,red-huckleberry,0,2000,677,34000,0,1690857
-39766901,-57388225,1370947,2,bush,hazel-coppice,0,3000,350,32000,0,1693721
-39762948,-57388633,1370259,2,bush,guelder-rose,1,3000,282,30000,0,1694409
-39755318,-57388190,1369446,2,bush,red-huckleberry,0,2000,54,30000,0,1695222
-39752876,-57387666,1369405,2,grass,bracken,0,1500,93,30000,0,1695263
-39740018,-57388235,1369377,2,bush,hazel-coppice,0,3000,46,28000,0,1695291
-39736286,-57387499,1369567,2,bush,mountain-laurel,0,3000,35,28000,0,1695101
-39732279,-57388927,1369540,2,bush,gorse,0,1800,29,26000,0,1695128
-39724839,-57389194,1369547,2,bush,blackthorn-scrub,0,3000,1,20000,0,1695121
-39721665,-57387347,1369506,2,bush,hazel-coppice,0,3000,12,20000,0,1695162
-39720102,-57387222,1369505,2,bush,guelder-rose,1,3000,10,20000,0,1695163
-39716556,-57388252,1369525,2,bush,bramble-thicket,0,1500,31,16000,0,1695143
-39710187,-57387876,1369521,2,bush,red-huckleberry,0,2000,29,10000,0,1695147
-39705691,-57388173,1369512,2,bush,elder,0,3000,25,10000,0,1695156
-39705302,-57387305,1369501,2,bush,witch-hazel,0,3000,4,10000,0,1695167
-39702027,-57388897,1369514,2,bush,mountain-laurel,0,3000,21,4000,0,1695154
-39699569,-57388126,1369489,2,bush,mountain-laurel,0,3000,131,4000,0,1695179
-39697527,-57389066,1369404,2,bush,bramble-thicket,0,1500,725,4000,0,1695264
-39790897,-57385396,1382879,2,bush,red-huckleberry,0,2000,576,42000,0,1681789
-39785884,-57385678,1380932,2,bush,bramble-thicket,0,1500,740,36000,0,1683736
-39782212,-57385683,1379195,2,bush,blackthorn-scrub,0,3000,877,36000,0,1685473
-39775465,-57386293,1374813,2,bush,common-broom,0,2000,880,34000,0,1689855
-39770628,-57386025,1372450,2,bush,witch-hazel,0,3000,628,32000,0,1692218
-39763348,-57385542,1370561,2,tree,temperate-sapling,0,4500,282,30000,0,1694107
-39759509,-57385392,1369939,2,bush,red-huckleberry,0,2000,129,30000,0,1694729
-39756070,-57386461,1369642,2,bush,dog-rose,0,2500,127,30000,0,1695026
-39742840,-57384973,1369528,2,bush,mountain-laurel,0,3000,87,28000,0,1695140
-39725344,-57386308,1369522,2,bush,hazel-coppice,0,3000,34,20000,0,1695146
-39723142,-57385500,1369530,2,bush,mountain-laurel,0,3000,42,20000,0,1695138
-39706898,-57386443,1369500,2,grass,bracken,0,1500,0,10000,0,1695168
-39794023,-57383090,1384208,2,grass,bracken,0,1500,482,42000,0,1680460
-39782226,-57383687,1379689,2,bush,bramble-thicket,0,1500,841,36000,0,1684979
-39770836,-57383462,1373092,2,bush,gorse,0,1800,677,32000,0,1691576
-39765097,-57384564,1371011,2,bush,hazel-coppice,0,3000,354,32000,0,1693657
-39759358,-57383918,1369968,2,bush,mountain-laurel,0,3000,168,30000,0,1694700
-39753941,-57383339,1369607,2,bush,rhododendron-thicket,0,3000,43,30000,0,1695061
-39748501,-57383844,1369523,2,tree,temperate-sapling,0,4500,82,28000,0,1695145
-39739252,-57383243,1369820,2,bush,guelder-rose,1,3000,128,28000,0,1694848
-39726941,-57384383,1369553,2,bush,guelder-rose,1,3000,20,20000,0,1695115
-39720390,-57382814,1369588,2,grass,bracken,0,1500,13,20000,0,1695080
-39718334,-57384490,1369532,2,bush,rhododendron-thicket,0,3000,47,16000,0,1695136
-39715064,-57384516,1369523,2,bush,bramble-thicket,0,1500,32,16000,0,1695145
-39713721,-57383718,1369549,2,bush,bramble-thicket,0,1500,39,16000,0,1695119
-39703892,-57382814,1369544,2,bush,mountain-laurel,0,3000,42,4000,0,1695124
-39701569,-57382779,1369539,2,tree,temperate-sapling,0,4500,17,4000,0,1695129
-39699965,-57384603,1369512,2,bush,guelder-rose,1,3000,11,4000,0,1695156
-39696235,-57384384,1369166,2,bush,bramble-thicket,0,1500,270,0,0,1695502
-39793220,-57382360,1384339,2,bush,bramble-thicket,0,1500,481,46000,0,1680329
-39787837,-57381528,1382745,2,bush,hazel-coppice,0,3000,563,46000,0,1681923
-39784026,-57382224,1381166,2,bush,mountain-laurel,0,3000,729,44000,0,1683502
-39779563,-57382120,1378527,2,bush,red-huckleberry,0,2000,948,40000,0,1686141
-39773225,-57381506,1374744,2,bush,rhododendron-thicket,0,3000,881,40000,0,1689924
-39770641,-57382290,1373112,2,bush,blackthorn-scrub,0,3000,716,38000,0,1691556
-39766145,-57382235,1371590,2,bush,guelder-rose,1,3000,446,38000,0,1693078
-39759333,-57381928,1370099,2,bush,elder,0,3000,141,38000,0,1694569
-39758040,-57381039,1369939,2,grass,bracken,0,1500,113,38000,0,1694729
-39752402,-57380558,1369684,2,bush,gorse,0,1800,78,36000,0,1694984
-39751697,-57380878,1369667,2,bush,elder,0,3000,58,36000,0,1695001
-39747218,-57382329,1369654,2,bush,blackthorn-scrub,0,3000,78,36000,0,1695014
-39743324,-57381404,1369892,2,bush,box,0,2000,198,36000,0,1694776
-39736108,-57381008,1370222,2,bush,mountain-laurel,0,3000,164,34000,0,1694446
-39733232,-57380818,1370083,2,bush,blackthorn-scrub,0,3000,196,32000,0,1694585
-39723397,-57381686,1369583,2,bush,bramble-thicket,0,1500,26,26000,0,1695085
-39719686,-57380756,1369581,2,bush,common-broom,0,2000,32,20000,0,1695087
-39717964,-57381518,1369598,2,tree,temperate-sapling,0,4500,1,20000,0,1695070
-39703439,-57381537,1369577,2,bush,bramble-thicket,0,1500,20,6000,0,1695091
-39702217,-57382421,1369549,2,bush,bramble-thicket,0,1500,22,6000,0,1695119
-39700310,-57382285,1369542,2,bush,guelder-rose,1,3000,19,6000,0,1695126
-39792361,-57378864,1384968,2,tree,temperate-sapling,0,4500,513,46000,0,1679700
-39789888,-57379530,1383879,2,bush,elder,0,3000,527,46000,0,1680789
-39766114,-57380067,1372048,2,bush,hazel-coppice,0,3000,541,38000,0,1692620
-39764751,-57379936,1371589,2,tree,temperate-sapling,0,4500,441,38000,0,1693079
-39762057,-57378895,1370748,2,grass,bracken,0,1500,371,38000,0,1693920
-39760256,-57379536,1370299,2,grass,bracken,0,1500,231,38000,0,1694369
-39756399,-57380284,1369821,2,grass,bracken,0,1500,132,36000,0,1694847
-39755663,-57379113,1369863,2,bush,bramble-thicket,0,1500,126,36000,0,1694805
-39750359,-57379135,1369841,2,tree,temperate-sapling,0,4500,94,36000,0,1694827
-39740950,-57379567,1370135,2,bush,box,0,2000,181,34000,0,1694533
-39732776,-57380395,1370107,2,bush,bramble-thicket,0,1500,199,32000,0,1694561
-39729030,-57379873,1369891,2,tree,temperate-sapling,0,4500,199,32000,0,1694777
-39723515,-57378627,1369686,2,bush,dog-rose,0,2500,112,26000,0,1694982
-39721561,-57378901,1369581,2,tree,temperate-sapling,0,4500,75,26000,0,1695087
-39715657,-57379314,1369599,2,tree,temperate-sapling,0,4500,2,20000,0,1695069
-39713776,-57379672,1369600,2,bush,snowberry,0,1500,0,20000,0,1695068
-39701281,-57379891,1369556,2,bush,red-huckleberry,0,2000,28,6000,0,1695112
-39794828,-57377476,1386091,2,bush,hazel-coppice,0,3000,615,46000,0,1678577
-39793393,-57377489,1385563,2,bush,blackthorn-scrub,0,3000,588,46000,0,1679105
-39787381,-57376716,1383432,2,bush,elder,0,3000,572,44000,0,1681236
-39786043,-57376920,1383084,2,bush,rhododendron-thicket,0,3000,613,44000,0,1681584
-39782597,-57377035,1381782,2,bush,box,0,2000,732,44000,0,1682886
-39778682,-57377322,1379799,2,bush,bramble-thicket,0,1500,898,40000,0,1684869
-39771816,-57376449,1375503,2,bush,common-broom,0,2000,907,38000,0,1689165
-39764435,-57376733,1371556,2,bush,blackthorn-scrub,0,3000,514,38000,0,1693112
-39761473,-57376644,1370672,2,grass,bracken,0,1500,272,38000,0,1693996
-39751363,-57376814,1369994,2,bush,blackthorn-scrub,0,3000,121,36000,0,1694674
-39748301,-57377231,1370026,2,bush,rhododendron-thicket,0,3000,95,36000,0,1694642
-39743480,-57377162,1370377,2,bush,rhododendron-thicket,0,3000,140,36000,0,1694291
-39740219,-57376823,1370678,2,grass,bracken,0,1500,229,34000,0,1693990
-39738357,-57376831,1370857,2,bush,bramble-thicket,0,1500,349,34000,0,1693811
-39735479,-57378189,1370600,2,tree,temperate-sapling,0,4500,265,34000,0,1694068
-39733762,-57377049,1370662,2,bush,common-dogwood,1,2500,266,32000,0,1694006
-39730639,-57377962,1370305,2,bush,blackthorn-scrub,0,3000,230,32000,0,1694363
-39729152,-57377523,1370206,2,grass,bracken,0,1500,220,32000,0,1694462
-39727180,-57377084,1370061,2,grass,bracken,0,1500,206,26000,0,1694607
-39724632,-57377744,1369819,2,grass,bracken,0,1500,149,26000,0,1694849
-39722630,-57376813,1369785,2,grass,bracken,0,1500,145,26000,0,1694883
-39718212,-57376782,1369554,2,bush,mountain-laurel,0,3000,1,20000,0,1695114
-39711473,-57376603,1369599,2,bush,rhododendron-thicket,0,3000,0,14000,0,1695069
-39700237,-57377182,1369585,2,grass,bracken,0,1500,27,6000,0,1695083
-39696350,-57376052,1369554,2,rock,streambed-cascade-block,1,1200,10,0,0,1695114
-39694508,-57377841,1369733,2,bush,guelder-rose,1,3000,61,0,0,1694935
-39792456,-57375149,1385784,2,bush,rhododendron-thicket,0,3000,689,46000,0,1678884
-39783592,-57375043,1382906,2,bush,bramble-thicket,0,1500,714,44000,0,1681762
-39781559,-57375451,1381820,2,bush,red-huckleberry,0,2000,763,44000,0,1682848
-39779950,-57373876,1381534,2,bush,dog-rose,0,2500,805,48000,0,1683134
-39768899,-57375453,1374233,2,bush,hazel-coppice,0,3000,843,38000,0,1690435
-39766314,-57375137,1372761,2,bush,common-dogwood,1,2500,741,38000,0,1691907
-39760933,-57374587,1370684,2,grass,bracken,0,1500,275,46000,0,1693984
-39755267,-57375293,1370123,2,bush,witch-hazel,0,3000,150,36000,0,1694545
-39751121,-57375840,1370104,2,bush,common-dogwood,1,2500,132,36000,0,1694564
-39748225,-57374498,1370251,2,tree,temperate-sapling,0,4500,119,42000,0,1694417
-39742378,-57375388,1370695,2,bush,gorse,0,1800,257,34000,0,1693973
-39736187,-57373833,1371455,2,bush,elder,0,3000,192,42000,0,1693213
-39729810,-57374988,1370714,2,bush,mountain-laurel,0,3000,269,36000,0,1693954
-39723601,-57374746,1370232,2,bush,blackthorn-scrub,0,3000,272,30000,0,1694436
-39722553,-57375322,1370005,2,bush,snowberry,0,1500,233,26000,0,1694663
-39719741,-57375043,1369765,2,bush,mountain-laurel,0,3000,221,20000,0,1694903
-39704882,-57375161,1369600,2,bush,guelder-rose,1,3000,0,6000,0,1695068
-39694657,-57375785,1369589,2,bush,common-dogwood,1,2500,105,0,0,1695079
-39694362,-57374798,1369518,2,tree,temperate-sapling,0,4500,32,4000,0,1695150
-39793852,-57373449,1386925,2,bush,red-huckleberry,0,2000,809,50000,0,1677743
-39791783,-57371644,1386933,2,bush,dog-rose,0,2500,848,50000,0,1677735
-39787058,-57373522,1384282,2,bush,bramble-thicket,0,1500,746,50000,0,1680386
-39781938,-57373235,1382876,2,bush,elder,0,3000,770,50000,0,1681792
-39774235,-57372229,1378373,2,bush,mountain-laurel,0,3000,722,48000,0,1686295
-39773392,-57372919,1377682,2,bush,box,0,2000,751,48000,0,1686986
-39769624,-57373607,1375356,2,bush,bramble-thicket,0,1500,886,46000,0,1689312
-39767870,-57372534,1374226,2,bush,bramble-thicket,0,1500,849,46000,0,1690442
-39766746,-57373767,1373298,2,bush,elder,0,3000,760,46000,0,1691370
-39761926,-57372930,1371060,2,tree,temperate-sapling,0,4500,339,46000,0,1693608
-39755164,-57372841,1370468,2,bush,hazel-coppice,0,3000,199,44000,0,1694200
-39753948,-57372411,1370577,2,grass,bracken,0,1500,165,44000,0,1694091
-39749615,-57373234,1370385,2,bush,red-huckleberry,0,2000,129,42000,0,1694283
-39745869,-57371747,1370859,2,bush,box,0,2000,430,42000,0,1693809
-39744765,-57372733,1370863,2,bush,gorse,0,1800,390,42000,0,1693805
-39733576,-57373048,1371385,2,bush,mountain-laurel,0,3000,277,36000,0,1693283
-39727664,-57372687,1370958,2,bush,hazel-coppice,0,3000,313,36000,0,1693710
-39720435,-57371819,1370683,2,bush,blackthorn-scrub,0,3000,482,30000,0,1693985
-39693172,-57371880,1369568,2,bush,elder,0,3000,70,4000,0,1695100
-39692389,-57371628,1369574,2,bush,gorse,0,1800,94,4000,0,1695094
-39789442,-57370652,1386419,2,bush,bramble-thicket,0,1500,845,50000,0,1678249
-39788467,-57371169,1385801,2,bush,snowberry,0,1500,825,50000,0,1678867
-39784347,-57371058,1384485,2,bush,hazel-coppice,0,3000,836,50000,0,1680183
-39781950,-57371419,1383056,2,bush,mountain-laurel,0,3000,812,50000,0,1681612
-39776292,-57370699,1379661,2,bush,bramble-thicket,0,1500,737,48000,0,1685007
-39762820,-57371599,1371418,2,bush,box,0,2000,432,46000,0,1693250
-39759968,-57369609,1371402,2,bush,guelder-rose,1,3000,348,46000,0,1693266
-39752693,-57370783,1370826,2,grass,bracken,0,1500,204,44000,0,1693842
-39748402,-57369518,1371034,2,bush,elder,0,3000,326,42000,0,1693634
-39738759,-57371078,1371810,2,grass,bracken,0,1500,339,42000,0,1692858
-39738424,-57369596,1372275,2,tree,temperate-sapling,0,4500,390,42000,0,1692393
-39729386,-57370527,1371715,2,bush,bramble-thicket,0,1500,421,36000,0,1692953
-39725833,-57371544,1371204,2,tree,temperate-sapling,0,4500,377,30000,0,1693464
-39722979,-57370449,1371440,2,bush,dog-rose,0,2500,485,30000,0,1693228
-39719009,-57369723,1371133,2,bush,guelder-rose,1,3000,574,24000,0,1693535
-39717428,-57370981,1370412,2,bush,rhododendron-thicket,0,3000,444,24000,0,1694256
-39715015,-57370141,1370209,2,tree,temperate-sapling,0,4500,373,24000,0,1694459
-39710504,-57369844,1369704,2,tree,temperate-sapling,0,4500,218,16000,0,1694964
-39708484,-57369936,1369577,2,tree,temperate-sapling,0,4500,42,16000,0,1695091
-39704665,-57370726,1369599,2,bush,bramble-thicket,0,1500,0,10000,0,1695069
-39700166,-57370966,1369600,2,bush,blackthorn-scrub,0,3000,0,10000,0,1695068
-39698289,-57371352,1369599,2,bush,witch-hazel,0,3000,1,10000,0,1695069
-39680777,-57370106,1354029,2,bush,dog-rose,0,2500,574,0,0,1757697
-39793504,-57368191,1389327,2,bush,witch-hazel,0,3000,887,50000,0,1675341
-39789838,-57367297,1388479,2,bush,box,0,2000,853,54000,0,1676189
-39779955,-57367784,1382235,2,bush,box,0,2000,891,48000,0,1682433
-39775950,-57368415,1379860,2,bush,blackthorn-scrub,0,3000,698,48000,0,1684808
-39773608,-57368785,1378492,2,bush,rhododendron-thicket,0,3000,658,48000,0,1686176
-39771085,-57368644,1376987,2,bush,snowberry,0,1500,833,46000,0,1687681
-39762726,-57368533,1371955,2,bush,guelder-rose,1,3000,394,46000,0,1692713
-39751265,-57367320,1371624,2,bush,red-huckleberry,0,2000,393,52000,0,1693044
-39745573,-57368129,1371833,2,bush,guelder-rose,1,3000,612,42000,0,1692835
-39743254,-57367404,1372488,2,bush,red-huckleberry,0,2000,481,50000,0,1692180
-39742375,-57368016,1372332,2,bush,snowberry,0,1500,414,42000,0,1692336
-39737749,-57368589,1372524,2,bush,red-huckleberry,0,2000,240,42000,0,1692144
-39735782,-57368802,1372434,2,bush,elder,0,3000,198,42000,0,1692234
-39732690,-57368447,1372423,2,bush,gorse,0,1800,554,36000,0,1692245
-39724475,-57368015,1372586,2,bush,mountain-laurel,0,3000,568,30000,0,1692082
-39714719,-57369121,1370425,2,bush,snowberry,0,1500,422,24000,0,1694243
-39713604,-57368745,1370326,2,bush,common-dogwood,1,2500,384,24000,0,1694342
-39711040,-57367740,1370096,2,bush,common-dogwood,1,2500,342,16000,0,1694572
-39706639,-57368058,1369613,2,tree,temperate-sapling,0,4500,118,16000,0,1695055
-39692530,-57367806,1369595,2,grass,bracken,0,1500,11,4000,0,1695073
-39792310,-57366192,1390204,2,bush,bramble-thicket,0,1500,868,54000,0,1674464
-39789625,-57366667,1388773,2,bush,snowberry,0,1500,854,54000,0,1675895
-39787300,-57366736,1387867,2,bush,snowberry,0,1500,925,58000,0,1676801
-39778680,-57366373,1381578,2,bush,elder,0,3000,860,54000,0,1683090
-39775801,-57366237,1380309,2,bush,red-huckleberry,0,2000,822,54000,0,1684359
-39772510,-57365674,1378592,2,bush,red-huckleberry,0,2000,890,54000,0,1686076
-39769984,-57366544,1376020,2,bush,bramble-thicket,0,1500,923,54000,0,1688648
-39765051,-57366556,1372762,2,bush,rhododendron-thicket,0,3000,518,54000,0,1691906
-39764287,-57366997,1372500,2,bush,red-huckleberry,0,2000,413,52000,0,1692168
-39751829,-57365523,1371967,2,tree,temperate-sapling,0,4500,492,52000,0,1692701
-39746484,-57366243,1372987,2,bush,bramble-thicket,0,1500,890,50000,0,1691681
-39739345,-57365642,1373058,2,bush,blackthorn-scrub,0,3000,306,46000,0,1691610
-39735738,-57366723,1372862,2,bush,dog-rose,0,2500,393,46000,0,1691806
-39730765,-57365728,1374233,2,bush,common-dogwood,1,2500,491,40000,0,1690435
-39725524,-57365322,1374202,2,bush,dog-rose,0,2500,655,34000,0,1690466
-39724793,-57365143,1374206,2,bush,mountain-laurel,0,3000,656,34000,0,1690462
-39721436,-57366143,1372947,2,bush,hazel-coppice,0,3000,691,34000,0,1691721
-39720152,-57367177,1372344,2,bush,bramble-thicket,0,1500,573,34000,0,1692324
-39714665,-57366573,1370980,2,bush,bramble-thicket,0,1500,482,26000,0,1693688
-39711863,-57365722,1370620,2,bush,rhododendron-thicket,0,3000,441,20000,0,1694048
-39692499,-57366484,1369597,2,bush,mountain-laurel,0,3000,4,6000,0,1695071
-39687795,-57365692,1369575,2,tree,temperate-sapling,0,4500,129,0,0,1742151
-39791396,-57363473,1391584,2,bush,bramble-thicket,0,1500,895,54000,0,1673084
-39767862,-57364937,1374340,2,bush,hazel-coppice,0,3000,636,54000,0,1690328
-39751659,-57363860,1372909,2,bush,red-huckleberry,0,2000,807,52000,0,1691759
-39747917,-57363925,1373906,2,bush,red-huckleberry,0,2000,548,50000,0,1690762
-39745230,-57364065,1374152,2,tree,temperate-sapling,0,4500,345,50000,0,1690516
-39732699,-57363303,1374903,2,tree,temperate-sapling,0,4500,449,40000,0,1689765
-39731909,-57363233,1375043,2,bush,rhododendron-thicket,0,3000,400,40000,0,1689625
-39729698,-57364251,1374870,2,bush,common-dogwood,1,2500,342,40000,0,1689798
-39726439,-57363190,1375020,2,bush,guelder-rose,1,3000,342,34000,0,1689648
-39723890,-57362884,1375124,2,bush,dog-rose,0,2500,450,34000,0,1689544
-39721355,-57362886,1374773,2,bush,rhododendron-thicket,0,3000,752,34000,0,1689895
-39717792,-57364599,1372421,2,bush,box,0,2000,701,26000,0,1692247
-39716431,-57364015,1372043,2,bush,mountain-laurel,0,3000,555,26000,0,1692625
-39713432,-57363856,1371451,2,bush,guelder-rose,1,3000,485,26000,0,1693217
-39711363,-57364750,1370753,2,bush,red-huckleberry,0,2000,459,20000,0,1693915
-39706802,-57363427,1370526,2,bush,hazel-coppice,0,3000,523,20000,0,1694142
-39703637,-57364460,1369664,2,grass,bracken,0,1500,202,14000,0,1695004
-39699158,-57364321,1369599,2,bush,common-broom,0,2000,2,14000,0,1695069
-39695360,-57362809,1369599,2,bush,bramble-thicket,0,1500,0,6000,0,1695069
-39694564,-57363358,1369600,2,bush,blackthorn-scrub,0,3000,0,6000,0,1695068
-39685253,-57363395,1369665,2,bush,blackthorn-scrub,0,3000,200,0,0,1742061
-39675640,-57362976,1354156,2,bush,blackthorn-scrub,0,3000,491,0,0,1757570
-39791818,-57360991,1392659,2,bush,red-huckleberry,0,2000,917,54000,0,1672009
-39765680,-57361476,1373753,2,bush,snowberry,0,1500,329,54000,0,1690915
-39758959,-57362747,1372985,2,grass,bracken,0,1500,261,52000,0,1691683
-39758186,-57361982,1373113,2,bush,hazel-coppice,0,3000,263,52000,0,1691555
-39750307,-57361850,1374157,2,bush,elder,0,3000,443,52000,0,1690511
-39748337,-57362316,1374363,2,bush,hazel-coppice,0,3000,391,50000,0,1690305
-39741962,-57362063,1373942,2,bush,mountain-laurel,0,3000,209,46000,0,1690726
-39740611,-57362372,1373895,2,bush,rhododendron-thicket,0,3000,203,46000,0,1690773
-39737481,-57360832,1374802,2,bush,bramble-thicket,0,1500,584,46000,0,1689866
-39736131,-57361296,1374923,2,bush,blackthorn-scrub,0,3000,524,46000,0,1689745
-39730646,-57362179,1375362,2,bush,rhododendron-thicket,0,3000,343,40000,0,1689306
-39729604,-57361257,1375702,2,bush,hazel-coppice,0,3000,507,40000,0,1688966
-39724229,-57361214,1375755,2,bush,dog-rose,0,2500,483,34000,0,1688913
-39719420,-57361467,1374714,2,bush,snowberry,0,1500,893,26000,0,1689954
-39710660,-57360607,1372494,2,bush,snowberry,0,1500,629,20000,0,1692174
-39709190,-57361881,1371654,2,bush,guelder-rose,1,3000,624,20000,0,1693014
-39693618,-57362709,1369600,2,bush,red-huckleberry,0,2000,0,6000,0,1695068
-39690265,-57361762,1369587,2,bush,red-huckleberry,0,2000,23,6000,0,1695081
-39769208,-57360470,1374846,2,bush,box,0,2000,639,54000,0,1689822
-39764554,-57359270,1374090,2,bush,guelder-rose,1,3000,357,60000,0,1643520
-39758582,-57358636,1373887,2,grass,bracken,0,1500,257,60000,0,1643723
-39754154,-57358653,1374467,2,bush,snowberry,0,1500,546,60000,0,1643143
-39753863,-57358742,1374516,2,bush,blackthorn-scrub,0,3000,529,60000,0,1643094
-39746593,-57359940,1375004,2,bush,mountain-laurel,0,3000,269,56000,0,1689664
-39742323,-57360264,1374109,2,bush,hazel-coppice,0,3000,285,46000,0,1690559
-39739466,-57358954,1375389,2,bush,bramble-thicket,0,1500,916,50000,0,1689279
-39736604,-57360300,1375205,2,bush,hazel-coppice,0,3000,695,46000,0,1689463
-39734307,-57360320,1375608,2,bush,box,0,2000,739,40000,0,1689060
-39730155,-57359177,1376876,2,bush,dog-rose,0,2500,682,44000,0,1687792
-39728317,-57359799,1376740,2,bush,hazel-coppice,0,3000,622,44000,0,1687928
-39726852,-57358560,1377389,2,bush,bramble-thicket,0,1500,610,36000,0,1687279
-39724707,-57359258,1376811,2,bush,box,0,2000,618,36000,0,1687857
-39720140,-57359485,1375896,2,bush,hazel-coppice,0,3000,814,36000,0,1688772
-39712610,-57358521,1373722,2,bush,bramble-thicket,0,1500,918,30000,0,1690946
-39708838,-57358844,1372987,2,bush,common-broom,0,2000,749,24000,0,1691681
-39706210,-57358783,1372071,2,bush,rhododendron-thicket,0,3000,782,24000,0,1692597
-39704076,-57358618,1371158,2,bush,bramble-thicket,0,1500,677,18000,0,1693510
-39700471,-57360254,1369697,2,bush,elder,0,3000,257,14000,0,1694971
-39694084,-57359644,1369599,2,bush,gorse,0,1800,0,12000,0,1695069
-39689995,-57358749,1369599,2,bush,red-huckleberry,0,2000,0,6000,0,1695069
-39768440,-57357911,1375027,2,tree,temperate-sapling,0,4500,613,62000,0,1642583
-39747409,-57357716,1375724,2,bush,snowberry,0,1500,714,56000,0,1688944
-39742772,-57357364,1375558,2,tree,temperate-sapling,0,4500,745,56000,0,1689110
-39737018,-57356256,1377565,2,bush,red-huckleberry,0,2000,947,50000,0,1687103
-39725570,-57357940,1377527,2,bush,hazel-coppice,0,3000,623,36000,0,1687141
-39723217,-57357126,1377741,2,bush,dog-rose,0,2500,577,36000,0,1686927
-39721768,-57358297,1376961,2,tree,temperate-sapling,0,4500,691,36000,0,1687707
-39719645,-57357868,1376782,2,bush,common-dogwood,1,2500,845,30000,0,1687886
-39709372,-57356750,1374205,2,bush,hazel-coppice,0,3000,712,24000,0,1690463
-39704781,-57356316,1372177,2,bush,rhododendron-thicket,0,3000,734,18000,0,1692491
-39686236,-57357823,1369593,2,bush,snowberry,0,1500,10,6000,0,1695075
-39683011,-57357834,1369571,2,bush,rhododendron-thicket,0,3000,57,6000,0,1695097
-39766638,-57355351,1375525,2,bush,red-huckleberry,0,2000,548,62000,0,1642085
-39763625,-57355435,1375087,2,bush,witch-hazel,0,3000,456,60000,0,1642523
-39751773,-57356148,1375898,2,bush,bramble-thicket,0,1500,692,60000,0,1641712
-39742501,-57356179,1376324,2,bush,dog-rose,0,2500,753,56000,0,1688344
-39738556,-57355208,1377786,2,bush,box,0,2000,987,50000,0,1686882
-39730941,-57355317,1379544,2,bush,bramble-thicket,0,1500,859,44000,0,1685124
-39728994,-57354998,1379531,2,bush,bramble-thicket,0,1500,862,44000,0,1685137
-39727471,-57354633,1379625,2,bush,common-dogwood,1,2500,846,36000,0,1685043
-39724765,-57356006,1378381,2,bush,bramble-thicket,0,1500,607,36000,0,1686287
-39717922,-57355221,1378264,2,bush,dog-rose,0,2500,707,30000,0,1686404
-39715558,-57354687,1377705,2,bush,snowberry,0,1500,843,30000,0,1686963
-39708351,-57356147,1373962,2,tree,temperate-sapling,0,4500,729,24000,0,1690706
-39679355,-57356095,1369665,2,bush,common-broom,0,2000,54,0,0,1695003
-39678836,-57355859,1369607,2,grass,bracken,0,1500,274,0,0,1695061
-39766757,-57353256,1376411,2,bush,blackthorn-scrub,0,3000,726,62000,0,1641199
-39763894,-57352225,1376213,2,bush,snowberry,0,1500,606,68000,0,1641397
-39759648,-57352921,1375372,2,grass,bracken,0,1500,373,60000,0,1642238
-39747512,-57352681,1380690,2,bush,hazel-coppice,0,3000,837,56000,0,1683978
-39740923,-57353923,1377768,2,bush,bramble-thicket,0,1500,797,50000,0,1686900
-39726601,-57353635,1379771,2,bush,bramble-thicket,0,1500,849,36000,0,1684897
-39723278,-57352631,1379471,2,bush,common-dogwood,1,2500,543,36000,0,1685197
-39720268,-57352933,1379447,2,bush,gorse,0,1800,572,36000,0,1685221
-39713602,-57352627,1378428,2,tree,temperate-sapling,0,4500,740,30000,0,1686240
-39705407,-57353405,1372801,2,bush,bramble-thicket,0,1500,660,24000,0,1691867
-39698692,-57352280,1370149,2,bush,witch-hazel,0,3000,314,22000,0,1694519
-39695568,-57352530,1369604,2,bush,red-huckleberry,0,2000,77,12000,0,1695064
-39686821,-57352052,1369593,2,bush,mountain-laurel,0,3000,13,10000,0,1695075
-39685046,-57352461,1369556,2,bush,snowberry,0,1500,16,10000,0,1695112
-39683339,-57353036,1369568,2,bush,hazel-coppice,0,3000,28,6000,0,1695100
-39680802,-57352897,1369527,2,grass,bracken,0,1500,18,0,0,1695141
-39768219,-57351247,1377742,2,bush,hazel-coppice,0,3000,865,68000,0,1639868
-39760623,-57351607,1375927,2,bush,hazel-coppice,0,3000,566,68000,0,1641683
-39760553,-57350185,1376646,2,bush,rhododendron-thicket,0,3000,774,68000,0,1640964
-39747796,-57349713,1382828,2,bush,box,0,2000,932,60000,0,1681840
-39740954,-57350632,1380159,2,bush,gorse,0,1800,928,54000,0,1684509
-39724788,-57351767,1380178,2,bush,bramble-thicket,0,1500,766,40000,0,1684490
-39721012,-57350192,1380615,2,tree,temperate-sapling,0,4500,485,40000,0,1684053
-39718874,-57349953,1380555,2,bush,mountain-laurel,0,3000,565,34000,0,1684113
-39716645,-57350272,1380083,2,bush,rhododendron-thicket,0,3000,578,34000,0,1684585
-39715931,-57350624,1379806,2,tree,temperate-sapling,0,4500,553,34000,0,1684862
-39706516,-57351183,1373579,2,bush,red-huckleberry,0,2000,709,28000,0,1691089
-39701975,-57351796,1371233,2,tree,temperate-sapling,0,4500,525,22000,0,1693435
-39699102,-57350134,1370508,2,bush,mountain-laurel,0,3000,389,22000,0,1694160
-39690543,-57351171,1369595,2,bush,guelder-rose,1,3000,13,16000,0,1695073
-39685733,-57351264,1369583,2,bush,common-dogwood,1,2500,29,10000,0,1695085
-39680824,-57350799,1369534,2,tree,temperate-sapling,0,4500,17,2000,0,1695134
-39760901,-57349199,1377369,2,bush,witch-hazel,0,3000,786,68000,0,1640241
-39730969,-57348502,1386320,2,bush,bramble-thicket,0,1500,876,46000,0,1678348
-39712320,-57348441,1378923,2,bush,blackthorn-scrub,0,3000,672,28000,0,1685745
-39711288,-57347857,1378358,2,bush,dog-rose,0,2500,774,28000,0,1686310
-39700066,-57348933,1370928,2,bush,witch-hazel,0,3000,432,22000,0,1693740
-39696717,-57349478,1369973,2,bush,red-huckleberry,0,2000,245,16000,0,1694695
-39691963,-57349179,1369547,2,bush,common-dogwood,1,2500,12,16000,0,1695121
-39688319,-57347931,1369598,2,grass,bracken,0,1500,1,10000,0,1695070
-39686463,-57347758,1369599,2,bush,guelder-rose,1,3000,0,10000,0,1695069
-39681382,-57349372,1369548,2,grass,bracken,0,1500,17,2000,0,1695120
-39677362,-57349542,1369622,2,bush,witch-hazel,0,3000,135,2000,0,1695046
-39732292,-57346895,1387072,2,bush,rhododendron-thicket,0,3000,772,46000,0,1677596
-39717814,-57347334,1381220,2,bush,common-dogwood,1,2500,515,34000,0,1683448
-39715318,-57345996,1380601,2,bush,red-huckleberry,0,2000,574,34000,0,1684067
-39704861,-57345833,1373177,2,bush,snowberry,0,1500,809,22000,0,1691491
-39701610,-57345224,1371710,2,bush,elder,0,3000,450,22000,0,1692958
-39695772,-57346053,1370116,2,bush,common-broom,0,2000,271,16000,0,1694552
-39693216,-57346650,1369686,2,bush,hazel-coppice,0,3000,166,16000,0,1694982
-39689352,-57346038,1369573,2,tree,temperate-sapling,0,4500,34,10000,0,1695095
-39686712,-57346579,1369599,2,bush,mountain-laurel,0,3000,0,10000,0,1695069
-39678483,-57346727,1369561,2,rock,streambed-cascade-block,1,1200,26,2000,0,1695107
-39674969,-57346755,1369493,2,bush,guelder-rose,1,3000,401,0,0,1695175
-39674370,-57347333,1369001,2,bush,snowberry,0,1500,954,0,0,1695667
-39667484,-57346756,1354628,2,rock,streambed-cascade-block,1,1200,202,0,0,1710040
-39733033,-57344081,1388386,2,bush,common-broom,0,2000,687,50000,0,1676282
-39730879,-57343411,1388734,2,bush,bramble-thicket,0,1500,680,50000,0,1675934
-39712933,-57344059,1379651,2,bush,witch-hazel,0,3000,646,38000,0,1685017
-39698158,-57343673,1370838,2,bush,blackthorn-scrub,0,3000,355,26000,0,1693830
-39686824,-57345037,1369599,2,bush,common-dogwood,1,2500,0,10000,0,1695069
-39786906,-57341369,1401613,2,bush,snowberry,0,1500,976,74000,0,1615997
-39733870,-57341162,1390548,2,bush,dog-rose,0,2500,758,50000,0,1674120
-39727907,-57340994,1388958,2,bush,bramble-thicket,0,1500,727,50000,0,1675710
-39713361,-57342966,1380012,2,bush,box,0,2000,621,38000,0,1684656
-39710683,-57342853,1378450,2,bush,red-huckleberry,0,2000,844,32000,0,1686218
-39709952,-57341378,1378334,2,bush,bramble-thicket,0,1500,899,32000,0,1686334
-39700355,-57341664,1371679,2,bush,mountain-laurel,0,3000,416,26000,0,1692989
-39697750,-57341937,1370812,2,bush,mountain-laurel,0,3000,326,26000,0,1693856
-39694996,-57342044,1370187,2,bush,box,0,2000,240,20000,0,1694481
-39678909,-57342497,1369541,2,bush,rhododendron-thicket,0,3000,25,6000,0,1695127
-39674046,-57341387,1369527,2,rock,streambed-cascade-block,1,1200,55,0,0,1695141
-39670864,-57342374,1369414,2,bush,snowberry,0,1500,907,0,0,1695254
-39794395,-57339846,1404179,2,bush,bramble-thicket,0,1500,732,70000,0,1613431
-39731716,-57339999,1390744,2,bush,blackthorn-scrub,0,3000,835,50000,0,1673924
-39717642,-57339969,1382773,2,bush,guelder-rose,1,3000,707,38000,0,1681895
-39716323,-57338906,1382189,2,bush,bramble-thicket,0,1500,626,38000,0,1682479
-39713470,-57338788,1380894,2,bush,bramble-thicket,0,1500,574,38000,0,1683774
-39710599,-57340209,1378928,2,bush,snowberry,0,1500,816,32000,0,1685740
-39709251,-57339506,1378193,2,bush,snowberry,0,1500,950,32000,0,1686475
-39699160,-57339289,1371387,2,bush,red-huckleberry,0,2000,413,26000,0,1693281
-39697832,-57338609,1371029,2,bush,red-huckleberry,0,2000,393,26000,0,1693639
-39684963,-57340562,1369533,2,grass,bracken,0,1500,40,12000,0,1695135
-39681187,-57339630,1369500,2,bush,elder,0,3000,0,6000,0,1695168
-39675382,-57338622,1369507,2,bush,bramble-thicket,0,1500,19,6000,0,1695161
-39674505,-57338881,1369522,2,tree,temperate-sapling,0,4500,34,0,0,1695146
-39672070,-57338700,1369504,2,rock,riffle-slab,1,1600,28,0,0,1695164
-39669716,-57340168,1369579,2,bush,bramble-thicket,0,1500,170,0,0,1695089
-39751043,-57336681,1394971,2,tree,temperate-sapling,0,4500,745,74000,0,1622639
-39730485,-57337758,1391173,2,bush,bramble-thicket,0,1500,904,50000,0,1673495
-39725644,-57337305,1389154,2,tree,temperate-sapling,0,4500,763,48000,0,1675514
-39715392,-57336863,1381993,2,bush,guelder-rose,1,3000,589,42000,0,1682675
-39712367,-57338439,1380284,2,bush,common-dogwood,1,2500,634,32000,0,1684384
-39710562,-57336417,1379491,2,tree,temperate-sapling,0,4500,747,36000,0,1685177
-39709354,-57337552,1378585,2,bush,gorse,0,1800,902,32000,0,1686083
-39697653,-57337344,1371144,2,bush,rhododendron-thicket,0,3000,392,30000,0,1693524
-39696294,-57338467,1370710,2,bush,common-dogwood,1,2500,331,20000,0,1693958
-39690860,-57338516,1369815,2,tree,temperate-sapling,0,4500,156,20000,0,1694853
-39688327,-57338494,1369593,2,grass,bracken,0,1500,101,12000,0,1695075
-39687218,-57338545,1369553,2,grass,bracken,0,1500,7,12000,0,1695115
-39680497,-57337239,1369503,2,tree,temperate-sapling,0,4500,9,10000,0,1695165
-39670807,-57336775,1369506,2,bush,blackthorn-scrub,0,3000,50,4000,0,1695162
-39792819,-57335149,1405982,2,bush,red-huckleberry,0,2000,617,74000,0,1611628
-39789594,-57335506,1405312,2,bush,gorse,0,1800,632,74000,0,1612298
-39787090,-57336131,1404245,2,bush,bramble-thicket,0,1500,853,80000,0,1613365
-39752072,-57334597,1396564,2,bush,gorse,0,1800,766,74000,0,1621046
-39749644,-57334914,1395954,2,bush,bramble-thicket,0,1500,826,68000,0,1668714
-39726469,-57335346,1390102,2,bush,dog-rose,0,2500,821,48000,0,1674566
-39724828,-57334383,1389183,2,bush,mountain-laurel,0,3000,878,48000,0,1675485
-39711143,-57334327,1380199,2,bush,bramble-thicket,0,1500,697,36000,0,1684469
-39694750,-57335991,1370653,2,grass,bracken,0,1500,349,24000,0,1694015
-39693018,-57336299,1370330,2,bush,hazel-coppice,0,3000,291,24000,0,1694338
-39687435,-57334274,1369758,2,tree,temperate-sapling,0,4500,179,16000,0,1694910
-39669193,-57335588,1369611,2,bush,bramble-thicket,0,1500,215,4000,0,1695057
-39794861,-57333506,1406962,2,bush,common-broom,0,2000,640,74000,0,1610648
-39750508,-57332191,1397844,2,bush,hazel-coppice,0,3000,773,74000,0,1619766
-39738466,-57332888,1397170,2,bush,gorse,0,1800,809,60000,0,1667498
-39715501,-57333479,1382750,2,tree,temperate-sapling,0,4500,801,42000,0,1681918
-39713318,-57333284,1381652,2,tree,temperate-sapling,0,4500,660,42000,0,1683016
-39710385,-57333096,1379904,2,bush,bramble-thicket,0,1500,692,36000,0,1684764
-39708581,-57333872,1378937,2,bush,box,0,2000,873,36000,0,1685731
-39697241,-57332348,1372075,2,bush,gorse,0,1800,949,24000,0,1692593
-39688899,-57333525,1370066,2,bush,bramble-thicket,0,1500,273,16000,0,1694602
-39682759,-57332692,1369543,2,bush,red-huckleberry,0,2000,14,16000,0,1695125
-39680041,-57333163,1369527,2,bush,rhododendron-thicket,0,3000,30,10000,0,1695141
-39676237,-57332278,1369538,2,grass,bracken,0,1500,14,10000,0,1695130
-39666829,-57332396,1369530,2,bush,witch-hazel,0,3000,124,0,0,1695138
-39756680,-57331565,1399328,2,bush,rhododendron-thicket,0,3000,873,74000,0,1618282
-39752709,-57331214,1398985,2,bush,gorse,0,1800,886,74000,0,1618625
-39751795,-57330781,1398975,2,bush,snowberry,0,1500,859,74000,0,1618635
-39736398,-57330989,1397298,2,bush,bramble-thicket,0,1500,892,60000,0,1667370
-39709211,-57331617,1379765,2,bush,mountain-laurel,0,3000,790,36000,0,1684903
-39695395,-57331389,1371650,2,bush,bramble-thicket,0,1500,716,24000,0,1693018
-39673006,-57331258,1369479,2,bush,hazel-coppice,0,3000,132,4000,0,1695189
-39671552,-57330815,1369338,2,bush,common-broom,0,2000,200,4000,0,1695330
-39669620,-57330887,1369239,2,bush,gorse,0,1800,221,4000,0,1695429
-39665691,-57331491,1369356,2,bush,red-huckleberry,0,2000,314,0,0,1695312
-39788873,-57327824,1408106,2,bush,common-broom,0,2000,814,80000,0,1609504
-39786715,-57329318,1406694,2,bush,bramble-thicket,0,1500,838,86000,0,1610916
-39762638,-57327866,1401931,2,bush,common-broom,0,2000,881,84000,0,1615679
-39758421,-57329228,1401188,2,bush,red-huckleberry,0,2000,791,84000,0,1616422
-39756977,-57328908,1401115,2,bush,rhododendron-thicket,0,3000,833,78000,0,1616495
-39752517,-57329063,1400120,2,bush,red-huckleberry,0,2000,888,78000,0,1617490
-39749506,-57328497,1399341,2,tree,temperate-sapling,0,4500,691,72000,0,1618269
-39745444,-57327967,1400085,2,bush,bramble-thicket,0,1500,912,72000,0,1617525
-39743777,-57328328,1400155,2,bush,dog-rose,0,2500,749,72000,0,1617455
-39742440,-57329438,1399511,2,bush,hazel-coppice,0,3000,746,66000,0,1618099
-39735856,-57329078,1398011,2,bush,red-huckleberry,0,2000,895,66000,0,1619599
-39680373,-57329598,1369240,2,bush,common-dogwood,1,2500,74,12000,0,1695428
-39673746,-57327850,1369159,2,tree,temperate-sapling,0,4500,29,8000,0,1695509
-39664988,-57329316,1369045,2,bush,bramble-thicket,0,1500,105,2000,0,1695623
-39662234,-57327824,1369103,2,rock,riffle-slab,1,1600,77,2000,0,1695565
-39788924,-57326195,1408945,2,bush,box,0,2000,872,80000,0,1608665
-39771725,-57325847,1400619,2,bush,blackthorn-scrub,0,3000,865,90000,0,1616991
-39756297,-57325651,1402788,2,bush,hazel-coppice,0,3000,755,78000,0,1614822
-39750746,-57327426,1400192,2,bush,rhododendron-thicket,0,3000,816,78000,0,1617418
-39745249,-57327093,1400755,2,bush,gorse,0,1800,812,72000,0,1616855
-39744705,-57326955,1401013,2,bush,box,0,2000,762,72000,0,1616597
-39742565,-57326151,1401626,2,bush,red-huckleberry,0,2000,573,72000,0,1615984
-39686595,-57326871,1370631,2,bush,elder,0,3000,513,18000,0,1694037
-39678239,-57326936,1369151,2,bush,hazel-coppice,0,3000,45,12000,0,1695517
-39676967,-57326474,1369120,2,grass,bracken,0,1500,51,12000,0,1695548
-39673049,-57325951,1369040,2,bush,hazel-coppice,0,3000,104,8000,0,1695628
-39668279,-57326572,1369018,2,bush,rhododendron-thicket,0,3000,53,8000,0,1695650
-39792494,-57323670,1411517,2,bush,box,0,2000,761,80000,0,1606093
-39790994,-57323565,1410991,2,bush,blackthorn-scrub,0,3000,756,80000,0,1606619
-39777769,-57325148,1403061,2,bush,red-huckleberry,0,2000,950,90000,0,1614549
-39771912,-57323448,1402792,2,bush,dog-rose,0,2500,898,90000,0,1614818
-39764254,-57323647,1404341,2,bush,elder,0,3000,671,84000,0,1613269
-39758314,-57324005,1404113,2,bush,hazel-coppice,0,3000,669,84000,0,1613497
-39753495,-57324460,1402525,2,bush,hazel-coppice,0,3000,748,78000,0,1615085
-39751316,-57323957,1402335,2,bush,snowberry,0,1500,787,78000,0,1615275
-39738143,-57325354,1400379,2,bush,dog-rose,0,2500,820,66000,0,1617231
-39732327,-57324851,1398114,2,bush,bramble-thicket,0,1500,985,58000,0,1619496
-39707023,-57324576,1381351,2,bush,bramble-thicket,0,1500,893,36000,0,1636259
-39696287,-57323380,1377264,2,bush,bramble-thicket,0,1500,943,24000,0,1640346
-39693792,-57324015,1376043,2,bush,bramble-thicket,0,1500,912,24000,0,1641567
-39686528,-57324374,1371498,2,bush,rhododendron-thicket,0,3000,721,18000,0,1693170
-39665417,-57324334,1368804,2,bush,rhododendron-thicket,0,3000,84,2000,0,1695864
-39662499,-57324935,1368849,2,bush,rhododendron-thicket,0,3000,157,2000,0,1695819
-39789748,-57321285,1411660,2,bush,bramble-thicket,0,1500,828,86000,0,1605950
-39789078,-57322850,1410404,2,bush,witch-hazel,0,3000,886,80000,0,1607206
-39762956,-57322176,1405175,2,bush,red-huckleberry,0,2000,515,86000,0,1612435
-39759094,-57321244,1405598,2,bush,blackthorn-scrub,0,3000,599,86000,0,1612012
-39756582,-57322202,1404532,2,bush,blackthorn-scrub,0,3000,853,78000,0,1613078
-39751177,-57321365,1403940,2,bush,witch-hazel,0,3000,829,78000,0,1613670
-39748685,-57321601,1403464,2,bush,bramble-thicket,0,1500,635,72000,0,1614146
-39744791,-57321778,1403518,2,bush,box,0,2000,485,72000,0,1614092
-39733972,-57322369,1400178,2,bush,bramble-thicket,0,1500,955,56000,0,1617432
-39709377,-57321294,1384274,2,bush,dog-rose,0,2500,905,34000,0,1633336
-39702271,-57321178,1381035,2,bush,red-huckleberry,0,2000,829,28000,0,1636575
-39699460,-57321448,1379790,2,bush,box,0,2000,818,28000,0,1637820
-39694399,-57322501,1376762,2,bush,elder,0,3000,849,24000,0,1640848
-39691758,-57322507,1375113,2,bush,snowberry,0,1500,920,24000,0,1642497
-39687575,-57321973,1372535,2,bush,box,0,2000,792,14000,0,1692133
-39683730,-57321431,1370710,2,bush,box,0,2000,529,14000,0,1693958
-39681150,-57322777,1369668,2,bush,common-dogwood,1,2500,345,12000,0,1695000
-39677356,-57322226,1369090,2,grass,bracken,0,1500,302,6000,0,1695578
-39675892,-57322056,1368815,2,bush,mountain-laurel,0,3000,165,6000,0,1695853
-39670599,-57322133,1368720,2,bush,common-dogwood,1,2500,138,2000,0,1695948
-39664541,-57322441,1368608,2,bush,dog-rose,0,2500,143,0,0,1696060
-39658315,-57321631,1368550,2,bush,rhododendron-thicket,0,3000,428,0,0,1743176
-39790775,-57319826,1412602,2,bush,elder,0,3000,724,86000,0,1605008
-39769330,-57320850,1405122,2,bush,box,0,2000,897,94000,0,1612488
-39766706,-57320863,1405679,2,bush,rhododendron-thicket,0,3000,718,94000,0,1611931
-39748865,-57320713,1404012,2,bush,bramble-thicket,0,1500,628,72000,0,1613598
-39742356,-57320112,1403815,2,bush,dog-rose,0,2500,619,64000,0,1613795
-39736140,-57319212,1402614,2,bush,blackthorn-scrub,0,3000,876,64000,0,1614996
-39733456,-57320881,1400496,2,bush,dog-rose,0,2500,976,56000,0,1617114
-39702866,-57319583,1382044,2,bush,red-huckleberry,0,2000,780,28000,0,1635566
-39690269,-57320147,1374654,2,bush,rhododendron-thicket,0,3000,834,20000,0,1642956
-39684461,-57320281,1371249,2,bush,guelder-rose,1,3000,544,14000,0,1693419
-39682181,-57320708,1370252,2,grass,bracken,0,1500,392,6000,0,1694416
-39674177,-57319603,1368459,2,bush,blackthorn-scrub,0,3000,170,2000,0,1696209
-39669998,-57320732,1368507,2,rock,riffle-slab,1,1600,120,2000,0,1696161
-39663758,-57318975,1368233,2,rock,streambed-cascade-block,1,1200,107,0,0,1696435
-39661508,-57319497,1368227,2,bush,elder,0,3000,104,0,0,1696441
-39659295,-57318814,1368156,2,bush,bramble-thicket,0,1500,87,0,0,1743570
-39655841,-57319625,1368323,2,bush,bramble-thicket,0,1500,549,0,0,1743403
-39762750,-57318446,1406994,2,bush,box,0,2000,538,86000,0,1610616
-39759988,-57316633,1408208,2,bush,hazel-coppice,0,3000,620,86000,0,1609402
-39756796,-57317848,1407142,2,bush,bramble-thicket,0,1500,760,78000,0,1610468
-39752015,-57318545,1405808,2,bush,bramble-thicket,0,1500,851,78000,0,1611802
-39744757,-57317925,1405269,2,bush,blackthorn-scrub,0,3000,625,72000,0,1612341
-39742792,-57316616,1405526,2,bush,elder,0,3000,751,72000,0,1612084
-39740083,-57317002,1405084,2,bush,rhododendron-thicket,0,3000,769,64000,0,1612526
-39734910,-57316688,1403371,2,bush,rhododendron-thicket,0,3000,856,56000,0,1614239
-39701718,-57318626,1381811,2,bush,bramble-thicket,0,1500,767,28000,0,1635799
-39700550,-57317473,1381543,2,bush,bramble-thicket,0,1500,703,28000,0,1636067
-39697027,-57318437,1379566,2,bush,dog-rose,0,2500,652,20000,0,1638044
-39689680,-57317199,1374860,2,bush,snowberry,0,1500,649,14000,0,1689808
-39685353,-57317156,1371919,2,bush,mountain-laurel,0,3000,762,14000,0,1692749
-39680510,-57318613,1369939,2,bush,hazel-coppice,0,3000,366,6000,0,1694729
-39673259,-57317642,1368234,2,rock,streambed-cascade-block,1,1200,162,2000,0,1696434
-39667740,-57317259,1368140,2,bush,rhododendron-thicket,0,3000,106,2000,0,1696528
-39661718,-57316778,1368003,2,bush,hazel-coppice,0,3000,75,0,0,1696665
-39657622,-57317573,1368005,2,rock,streambed-cascade-block,1,1200,136,0,0,1743721
-39656431,-57318405,1368039,2,bush,bramble-thicket,0,1500,205,0,0,1743687
-39791790,-57316086,1414859,2,bush,box,0,2000,793,86000,0,1602751
-39790413,-57316252,1414541,2,bush,dog-rose,0,2500,770,86000,0,1603069
-39788622,-57315813,1414242,2,bush,bramble-thicket,0,1500,849,86000,0,1603368
-39774491,-57316071,1407989,2,bush,rhododendron-thicket,0,3000,748,96000,0,1609621
-39767039,-57314708,1408968,2,bush,hazel-coppice,0,3000,710,92000,0,1608642
-39760692,-57316165,1408563,2,bush,hazel-coppice,0,3000,594,86000,0,1609047
-39756367,-57314401,1409103,2,bush,elder,0,3000,745,78000,0,1608507
-39755374,-57315536,1408241,2,bush,elder,0,3000,809,78000,0,1609369
-39751237,-57316112,1407642,2,bush,common-broom,0,2000,868,78000,0,1609968
-39741839,-57315175,1406239,2,bush,gorse,0,1800,808,64000,0,1611371
-39739265,-57315175,1405809,2,bush,bramble-thicket,0,1500,796,64000,0,1611801
-39732018,-57315806,1402572,2,bush,bramble-thicket,0,1500,942,56000,0,1615038
-39730475,-57314921,1402006,2,bush,gorse,0,1800,928,56000,0,1615604
-39728401,-57315628,1400548,2,bush,bramble-thicket,0,1500,923,56000,0,1617062
-39700994,-57314822,1382000,2,bush,snowberry,0,1500,665,26000,0,1635610
-39698080,-57316118,1380587,2,bush,snowberry,0,1500,670,28000,0,1637023
-39696120,-57314889,1379708,2,bush,elder,0,3000,601,18000,0,1637902
-39689908,-57315340,1375118,2,bush,box,0,2000,679,14000,0,1689550
-39684286,-57314894,1371396,2,bush,rhododendron-thicket,0,3000,578,10000,0,1693272
-39677665,-57314992,1369040,2,bush,blackthorn-scrub,0,3000,265,4000,0,1695628
-39668328,-57315184,1367952,2,bush,common-dogwood,1,2500,94,2000,0,1696716
-39660547,-57315056,1367883,2,bush,hazel-coppice,0,3000,88,0,90,1696785
-39655365,-57315787,1367826,2,rock,riffle-slab,1,1600,77,0,0,1743900
-39654799,-57315684,1367805,2,bush,hazel-coppice,0,3000,15,0,0,1743921
-39652076,-57314447,1367761,2,bush,blackthorn-scrub,0,3000,99,0,169,1743965
-39790150,-57314126,1415467,2,bush,dog-rose,0,2500,810,90000,0,1602143
-39787738,-57313561,1414894,2,bush,dog-rose,0,2500,892,90000,0,1602716
-39774666,-57313740,1409363,2,bush,box,0,2000,723,100000,0,1608247
-39769542,-57314138,1409183,2,bush,red-huckleberry,0,2000,787,92000,0,1608427
-39765768,-57312816,1410403,2,bush,snowberry,0,1500,693,92000,0,1607207
-39761900,-57313750,1409934,2,bush,rhododendron-thicket,0,3000,624,86000,0,1607676
-39754747,-57314378,1408951,2,bush,bramble-thicket,0,1500,801,78000,0,1608659
-39753220,-57313136,1409764,2,bush,common-broom,0,2000,851,78000,0,1607846
-39746001,-57313180,1408461,2,bush,hazel-coppice,0,3000,888,70000,0,1609149
-39740488,-57313722,1406812,2,bush,gorse,0,1800,845,62000,0,1610798
-39732904,-57313028,1403896,2,bush,box,0,2000,880,56000,0,1613714
-39731352,-57313492,1403135,2,bush,bramble-thicket,0,1500,906,56000,0,1614475
-39729189,-57312749,1402016,2,bush,bramble-thicket,0,1500,914,56000,0,1615594
-39699404,-57314293,1381501,2,bush,snowberry,0,1500,608,26000,0,1636109
-39698703,-57312519,1380772,2,bush,hazel-coppice,0,3000,793,26000,0,1636838
-39696097,-57313221,1379322,2,bush,common-dogwood,1,2500,681,18000,0,1638288
-39685885,-57313509,1372278,2,bush,hazel-coppice,0,3000,786,10000,0,1692390
-39685590,-57314142,1372016,2,bush,elder,0,3000,766,10000,0,1692652
-39671376,-57313066,1368011,2,bush,common-dogwood,1,2500,53,0,0,1696657
-39666952,-57312592,1367784,2,bush,rhododendron-thicket,0,3000,92,0,159,1696884
-39663123,-57313754,1367815,2,rock,streambed-cascade-block,1,1200,91,0,184,1696853
-39660871,-57313307,1367754,2,bush,hazel-coppice,0,3000,94,0,242,1696914
-39658664,-57313565,1367729,2,bush,box,0,2000,80,0,250,1743997
-39655701,-57313871,1367738,2,bush,red-huckleberry,0,2000,70,0,201,1743988
-39791080,-57312118,1416688,2,bush,rhododendron-thicket,0,3000,873,90000,0,1600922
-39788525,-57311232,1416169,2,bush,rhododendron-thicket,0,3000,890,90000,0,1601441
-39773092,-57311351,1410764,2,bush,blackthorn-scrub,0,3000,811,100000,0,1606846
-39768174,-57310834,1411635,2,bush,common-broom,0,2000,723,92000,0,1605975
-39765654,-57310612,1412055,2,bush,bramble-thicket,0,1500,681,92000,0,1605555
-39759745,-57310335,1412089,2,bush,common-broom,0,2000,627,86000,0,1605521
-39752276,-57310037,1411780,2,bush,rhododendron-thicket,0,3000,726,78000,0,1605830
-39749737,-57311775,1410241,2,bush,red-huckleberry,0,2000,913,70000,0,1607369
-39745968,-57311513,1409399,2,bush,bramble-thicket,0,1500,930,70000,0,1608211
-39741569,-57310189,1408659,2,bush,bramble-thicket,0,1500,897,62000,0,1608951
-39734716,-57312158,1404991,2,bush,blackthorn-scrub,0,3000,851,56000,0,1612619
-39732625,-57311207,1404350,2,bush,bramble-thicket,0,1500,871,56000,0,1613260
-39731922,-57310437,1404276,2,bush,bramble-thicket,0,1500,868,56000,0,1613334
-39714051,-57311589,1393389,2,bush,bramble-thicket,0,1500,977,40000,0,1624221
-39698959,-57311025,1380299,2,bush,snowberry,0,1500,773,26000,0,1637311
-39688443,-57311320,1373917,2,bush,elder,0,3000,689,10000,0,1690751
-39687651,-57310260,1373376,2,bush,guelder-rose,1,3000,711,10000,0,1691292
-39681261,-57310811,1369845,2,bush,elder,0,3000,518,4000,0,1694823
-39659715,-57310538,1367603,2,rock,riffle-slab,1,1600,27,0,200,1744123
-39655816,-57311056,1367586,2,bush,common-dogwood,1,2500,52,0,204,1744140
-39653838,-57311799,1367626,2,bush,common-dogwood,1,2500,69,0,234,1744100
-39648864,-57311915,1367701,2,bush,hazel-coppice,0,3000,222,0,157,1744025
-39773480,-57309815,1411753,2,bush,blackthorn-scrub,0,3000,825,100000,0,1605857
-39771597,-57308677,1412944,2,bush,snowberry,0,1500,928,92000,0,1604666
-39760657,-57309305,1412734,2,bush,hazel-coppice,0,3000,610,86000,0,1604876
-39739427,-57308700,1408551,2,bush,bramble-thicket,0,1500,850,62000,0,1609059
-39734634,-57308588,1406093,2,bush,dog-rose,0,2500,812,56000,0,1611517
-39733710,-57307952,1405837,2,bush,rhododendron-thicket,0,3000,818,56000,0,1611773
-39697284,-57309437,1379197,2,bush,dog-rose,0,2500,788,18000,0,1638413
-39684501,-57308556,1371143,2,bush,red-huckleberry,0,2000,708,10000,0,1693525
-39681064,-57308507,1369481,2,bush,bramble-thicket,0,1500,507,4000,0,1695187
-39677571,-57308290,1368526,2,bush,common-dogwood,1,2500,226,4000,0,1696142
-39675325,-57308523,1368283,2,bush,blackthorn-scrub,0,3000,118,4000,0,1696385
-39671740,-57309117,1367952,2,bush,mountain-laurel,0,3000,34,0,1,1696716
-39667520,-57308408,1367681,2,bush,rhododendron-thicket,0,3000,105,0,238,1696987
-39654096,-57309890,1367531,2,bush,blackthorn-scrub,0,3000,38,0,261,1744195
-39652382,-57309472,1367519,2,rock,streambed-cascade-block,1,1200,36,0,276,1744207
-39646613,-57309969,1367521,2,bush,red-huckleberry,0,2000,69,0,257,1744205
-39787771,-57306096,1419128,2,bush,bramble-thicket,0,1500,943,96000,0,1598482
-39777898,-57306086,1414379,2,bush,dog-rose,0,2500,870,100000,0,1603231
-39767699,-57307704,1414027,2,bush,blackthorn-scrub,0,3000,666,92000,0,1603583
-39766292,-57305918,1415061,2,bush,snowberry,0,1500,676,92000,0,1602549
-39763980,-57307796,1413707,2,bush,red-huckleberry,0,2000,642,86000,0,1603903
-39756597,-57306383,1414414,2,bush,dog-rose,0,2500,625,78000,0,1603196
-39752063,-57307784,1413546,2,bush,box,0,2000,739,78000,0,1604064
-39750091,-57307715,1413138,2,bush,bramble-thicket,0,1500,872,78000,0,1604472
-39743974,-57307798,1410843,2,bush,bramble-thicket,0,1500,938,70000,0,1606767
-39730473,-57306020,1405200,2,bush,red-huckleberry,0,2000,946,56000,0,1612410
-39722658,-57306028,1401916,2,bush,common-broom,0,2000,950,48000,0,1615694
-39703678,-57306530,1382892,2,bush,common-dogwood,1,2500,767,26000,0,1634718
-39701717,-57307325,1381832,2,bush,bramble-thicket,0,1500,760,26000,0,1635778
-39690994,-57306101,1374686,2,bush,blackthorn-scrub,0,3000,670,18000,0,1642924
-39683795,-57307544,1370556,2,bush,elder,0,3000,739,10000,0,1694112
-39678746,-57307394,1368648,2,bush,mountain-laurel,0,3000,299,2000,0,1696020
-39675002,-57306485,1368189,2,tree,temperate-sapling,0,4500,121,2000,0,1696479
-39672739,-57306707,1368022,2,bush,dog-rose,0,2500,138,0,0,1696646
-39669483,-57306607,1367757,2,bush,gorse,0,1800,111,0,188,1696911
-39660263,-57307353,1367468,2,grass,bracken,0,1500,35,0,222,1697200
-39655162,-57306558,1367463,2,grass,bracken,0,1500,38,0,230,1744263
-39654209,-57307291,1367487,2,bush,box,0,2000,21,0,196,1744239
-39649103,-57305786,1367400,2,rock,streambed-cascade-block,1,1200,0,0,227,1744326
-39641532,-57305877,1367391,2,bush,common-dogwood,1,2500,44,0,255,1744335
-39771102,-57304088,1416137,2,bush,red-huckleberry,0,2000,722,92000,0,1601473
-39768132,-57305346,1415536,2,bush,bramble-thicket,0,1500,632,92000,0,1602074
-39765714,-57303534,1416031,2,bush,rhododendron-thicket,0,3000,647,92000,0,1601579
-39754496,-57303960,1416186,2,bush,rhododendron-thicket,0,3000,629,78000,0,1601424
-39741871,-57304118,1411281,2,bush,bramble-thicket,0,1500,732,62000,0,1606329
-39736678,-57305359,1408451,2,bush,bramble-thicket,0,1500,836,62000,0,1609159
-39733340,-57304803,1407149,2,bush,dog-rose,0,2500,841,56000,0,1610461
-39724664,-57304628,1403616,2,bush,bramble-thicket,0,1500,919,48000,0,1613994
-39695068,-57304005,1376332,2,bush,guelder-rose,1,3000,833,18000,0,1641278
-39690108,-57304778,1373816,2,bush,common-dogwood,1,2500,870,18000,0,1643794
-39680330,-57305214,1368846,2,bush,red-huckleberry,0,2000,242,2000,0,1695822
-39676189,-57305560,1368245,2,bush,elder,0,3000,113,2000,0,1696423
-39674546,-57304981,1368134,2,bush,snowberry,0,1500,134,0,0,1696534
-39672525,-57304620,1367918,2,bush,guelder-rose,1,3000,98,0,123,1696750
-39668894,-57304034,1367746,2,bush,common-dogwood,1,2500,57,0,171,1696922
-39668003,-57305265,1367695,2,bush,mountain-laurel,0,3000,44,0,222,1696973
-39662384,-57305344,1367495,2,rock,streambed-cascade-block,1,1200,23,0,228,1697173
-39641470,-57305176,1367401,2,tree,temperate-sapling,0,4500,12,0,201,1744325
-39638913,-57303446,1367347,2,bush,rhododendron-thicket,0,3000,20,0,222,1744379
-39636317,-57304378,1367464,2,bush,common-dogwood,1,2500,170,0,133,1744262
-39794219,-57302274,1423297,2,bush,dog-rose,0,2500,876,96000,0,1594313
-39777440,-57302441,1416701,2,bush,box,0,2000,875,100000,0,1600909
-39772095,-57301672,1417635,2,bush,dog-rose,0,2500,714,92000,0,1599975
-39768690,-57301393,1417576,2,bush,dog-rose,0,2500,685,92000,0,1600034
-39763853,-57303342,1415847,2,bush,snowberry,0,1500,580,86000,0,1601763
-39761568,-57302019,1416576,2,bush,hazel-coppice,0,3000,572,86000,0,1601034
-39757112,-57301464,1417588,2,bush,red-huckleberry,0,2000,489,78000,0,1600022
-39755673,-57301247,1417547,2,bush,elder,0,3000,587,78000,0,1600063
-39753056,-57303074,1416123,2,bush,red-huckleberry,0,2000,644,78000,0,1601487
-39751337,-57302209,1415828,2,bush,bramble-thicket,0,1500,671,78000,0,1601782
-39745943,-57302081,1413894,2,bush,blackthorn-scrub,0,3000,720,70000,0,1603716
-39742261,-57303088,1411904,2,bush,hazel-coppice,0,3000,700,62000,0,1605706
-39737095,-57301275,1410036,2,bush,red-huckleberry,0,2000,717,62000,0,1607574
-39705110,-57302924,1383085,2,bush,common-broom,0,2000,820,32000,0,1634525
-39686239,-57301402,1369960,2,bush,hazel-coppice,0,3000,650,10000,0,1694708
-39683150,-57302480,1369252,2,tree,temperate-sapling,0,4500,303,10000,0,1695416
-39673482,-57302689,1368015,2,tree,temperate-sapling,0,4500,96,0,52,1696653
-39671545,-57302596,1367866,2,bush,elder,0,3000,75,0,109,1696802
-39661612,-57301315,1367476,2,bush,blackthorn-scrub,0,3000,28,0,207,1697192
-39658988,-57301429,1367393,2,bush,rhododendron-thicket,0,3000,41,0,244,1744333
-39655795,-57301434,1367381,2,rock,riffle-slab,1,1600,6,0,186,1744345
-39650841,-57302169,1367339,2,bush,dog-rose,0,2500,26,0,247,1744387
-39637746,-57302228,1367311,2,bush,hazel-coppice,0,3000,10,0,258,1744415
-39635401,-57302650,1367330,2,grass,bracken,0,1500,26,0,247,1744396
-39792591,-57299091,1424503,2,bush,dog-rose,0,2500,767,102000,0,1546049
-39789953,-57300084,1423296,2,bush,hazel-coppice,0,3000,882,96000,0,1594314
-39789127,-57299512,1423372,2,bush,snowberry,0,1500,894,102000,0,1547180
-39776009,-57300335,1417883,2,bush,bramble-thicket,0,1500,709,100000,0,1599727
-39763412,-57300372,1417565,2,bush,elder,0,3000,558,86000,0,1600045
-39761052,-57299211,1418321,2,bush,bramble-thicket,0,1500,748,86000,0,1552231
-39754679,-57300948,1417458,2,bush,elder,0,3000,605,78000,0,1600152
-39750122,-57299556,1416232,2,bush,bramble-thicket,0,1500,566,78000,0,1554320
-39745204,-57300603,1413886,2,bush,snowberry,0,1500,681,70000,0,1603724
-39733761,-57299668,1409516,2,bush,witch-hazel,0,3000,746,56000,0,1608094
-39730595,-57299710,1408187,2,bush,red-huckleberry,0,2000,837,56000,0,1609423
-39705909,-57300913,1383422,2,bush,bramble-thicket,0,1500,836,32000,0,1634188
-39702586,-57300781,1380950,2,bush,gorse,0,1800,818,26000,0,1636660
-39693135,-57300855,1374724,2,bush,bramble-thicket,0,1500,899,18000,0,1642886
-39682758,-57301066,1369096,2,bush,bramble-thicket,0,1500,313,10000,0,1695572
-39679908,-57301159,1368581,2,bush,guelder-rose,1,3000,106,2000,0,1696087
-39673094,-57300012,1367981,2,bush,hazel-coppice,0,3000,87,0,73,1696687
-39672199,-57299589,1367980,2,bush,guelder-rose,1,3000,61,0,0,1696688
-39660193,-57300168,1367434,2,bush,dog-rose,0,2500,40,0,249,1697234
-39653131,-57299438,1367360,2,bush,snowberry,0,1500,29,0,199,1697308
-39650789,-57300286,1367362,2,bush,mountain-laurel,0,3000,29,0,199,1744364
-39643136,-57299473,1367300,2,bush,common-broom,0,2000,0,0,250,1697368
-39636311,-57299394,1367301,2,bush,common-dogwood,1,2500,3,0,241,1697367
-39632082,-57301168,1367270,2,bush,elder,0,3000,25,0,257,1744456
-39623643,-57299382,1367243,2,bush,elder,0,3000,397,0,299,1697425
-39793765,-57297639,1425485,2,bush,red-huckleberry,0,2000,670,102000,0,1545067
-39791953,-57298351,1424642,2,bush,hazel-coppice,0,3000,747,102000,0,1545910
-39790058,-57298726,1424121,2,bush,common-broom,0,2000,835,102000,0,1546431
-39785725,-57298425,1423168,2,bush,common-broom,0,2000,960,106000,0,1547384
-39763959,-57298780,1418554,2,bush,elder,0,3000,554,86000,0,1551998
-39761707,-57297942,1419091,2,bush,bramble-thicket,0,1500,530,86000,0,1551461
-39756929,-57298777,1418458,2,grass,bracken,0,1500,447,78000,0,1552094
-39747471,-57298979,1415242,2,bush,witch-hazel,0,3000,591,70000,0,1602368
-39746422,-57298929,1414796,2,bush,rhododendron-thicket,0,3000,601,70000,0,1602814
-39739781,-57298253,1411795,2,bush,hazel-coppice,0,3000,638,62000,0,1605815
-39738004,-57297809,1411467,2,bush,rhododendron-thicket,0,3000,638,62000,0,1606143
-39735453,-57298778,1410435,2,bush,blackthorn-scrub,0,3000,693,62000,0,1607175
-39733258,-57297168,1410241,2,bush,gorse,0,1800,690,56000,0,1607369
-39710618,-57297990,1386406,2,bush,bramble-thicket,0,1500,905,32000,0,1631204
-39667037,-57298925,1367721,2,tree,temperate-sapling,0,4500,60,0,149,1696947
-39649480,-57298215,1367308,2,bush,elder,0,3000,21,0,270,1697360
-39638586,-57298835,1367300,2,bush,dog-rose,0,2500,0,0,240,1697368
-39630085,-57297390,1367294,2,bush,hazel-coppice,0,3000,14,0,0,1697374
-39624820,-57298943,1367438,2,bush,hazel-coppice,0,3000,160,0,93,1697230
-39622348,-57297992,1367319,2,rock,streambed-cascade-block,1,1200,216,0,0,1697349
-39787239,-57295099,1425496,2,bush,dog-rose,0,2500,722,106000,0,1545056
-39769989,-57296786,1420377,2,bush,bramble-thicket,0,1500,722,92000,0,1550175
-39763763,-57295839,1419899,2,bush,common-broom,0,2000,445,86000,0,1550653
-39759738,-57294860,1419788,2,bush,hazel-coppice,0,3000,378,86000,0,1550764
-39753097,-57296107,1418020,2,bush,bramble-thicket,0,1500,516,78000,0,1552532
-39746016,-57295566,1414801,2,bush,dog-rose,0,2500,549,70000,0,1602809
-39742514,-57295805,1413364,2,bush,dog-rose,0,2500,566,70000,0,1604246
-39734805,-57295388,1411371,2,bush,bramble-thicket,0,1500,624,56000,0,1606239
-39729092,-57295688,1409121,2,bush,dog-rose,0,2500,594,56000,0,1608489
-39709383,-57296012,1385136,2,bush,bramble-thicket,0,1500,858,32000,0,1632474
-39706816,-57294712,1383184,2,bush,bramble-thicket,0,1500,858,32000,0,1634426
-39689720,-57296484,1370696,2,bush,bramble-thicket,0,1500,950,10000,0,1693972
-39683946,-57294761,1369070,2,bush,bramble-thicket,0,1500,135,10000,0,1695598
-39682935,-57295483,1368929,2,bush,dog-rose,0,2500,185,10000,0,1695739
-39680891,-57294942,1368726,2,bush,mountain-laurel,0,3000,126,4000,0,1695942
-39672586,-57296199,1367978,2,bush,box,0,2000,94,0,0,1696690
-39665095,-57295221,1367575,2,tree,temperate-sapling,0,4500,82,0,234,1697093
-39646321,-57295861,1367300,2,bush,guelder-rose,1,3000,0,0,250,1697368
-39643149,-57296464,1367300,2,bush,guelder-rose,1,3000,0,0,0,1697368
-39638746,-57294605,1367300,2,bush,dog-rose,0,2500,0,0,0,1697368
-39634928,-57295729,1367300,2,bush,dog-rose,0,2500,0,0,0,1697368
-39631630,-57295374,1367300,2,bush,rhododendron-thicket,0,3000,0,0,0,1697368
-39629261,-57294665,1367299,2,bush,common-dogwood,1,2500,0,0,0,1697369
-39627087,-57296694,1367283,2,rock,streambed-cascade-block,1,1200,32,0,0,1697385
-39625202,-57295881,1367314,2,bush,bramble-thicket,0,1500,18,0,0,1697354
-39624133,-57294994,1367284,2,tree,temperate-sapling,0,4500,54,0,0,1697384
-39620812,-57295506,1367340,2,bush,snowberry,0,1500,92,0,0,1697328
-39618478,-57295951,1367342,2,tree,temperate-sapling,0,4500,74,0,0,1697326
-39615907,-57294914,1367039,2,bush,red-huckleberry,0,2000,916,0,0,1697629
-39794992,-57292552,1427526,2,bush,rhododendron-thicket,0,3000,470,102000,0,1543026
-39781664,-57292756,1424155,2,bush,common-broom,0,2000,894,106000,0,1546397
-39772491,-57292760,1422929,2,bush,hazel-coppice,0,3000,753,92000,0,1547623
-39771225,-57293966,1422085,2,bush,common-broom,0,2000,704,92000,0,1548467
-39765873,-57292604,1421402,2,bush,bramble-thicket,0,1500,577,92000,0,1549150
-39764640,-57292884,1421172,2,bush,red-huckleberry,0,2000,491,86000,0,1549380
-39760816,-57292607,1420594,2,bush,dog-rose,0,2500,419,86000,0,1549958
-39760348,-57292431,1420563,2,bush,snowberry,0,1500,422,86000,0,1549989
-39746261,-57293402,1415247,2,bush,red-huckleberry,0,2000,604,70000,0,1602363
-39743803,-57294183,1414193,2,bush,hazel-coppice,0,3000,573,70000,0,1603417
-39741556,-57294554,1413517,2,bush,gorse,0,1800,541,62000,0,1604093
-39734501,-57294229,1411562,2,bush,elder,0,3000,576,56000,0,1606048
-39708992,-57292991,1384462,2,bush,red-huckleberry,0,2000,889,32000,0,1633148
-39690248,-57292468,1370244,2,bush,elder,0,3000,401,18000,0,1647366
-39688646,-57292526,1369890,2,bush,box,0,2000,184,10000,0,1694778
-39684922,-57293550,1369254,2,bush,dog-rose,0,2500,176,10000,0,1695414
-39678407,-57293531,1368603,2,grass,bracken,0,1500,134,4000,0,1696065
-39674234,-57292952,1368116,2,bush,rhododendron-thicket,0,3000,64,0,0,1696552
-39668507,-57294107,1367736,2,bush,elder,0,3000,50,0,174,1696932
-39666003,-57294268,1367605,2,bush,common-broom,0,2000,86,0,270,1697063
-39665723,-57293471,1367582,2,rock,streambed-cascade-block,1,1200,54,0,293,1697086
-39660108,-57292607,1367449,2,bush,rhododendron-thicket,0,3000,11,0,211,1697219
-39651146,-57292712,1367398,2,grass,bracken,0,1500,4,0,208,1697270
-39650153,-57292704,1367393,2,grass,bracken,0,1500,17,0,209,1697275
-39647602,-57292993,1367336,2,rock,riffle-slab,1,1600,50,0,238,1697332
-39641938,-57293004,1367300,2,bush,guelder-rose,1,3000,0,0,0,1697368
-39640937,-57293655,1367300,2,bush,snowberry,0,1500,0,0,0,1697368
-39634670,-57292939,1367300,2,bush,rhododendron-thicket,0,3000,0,0,0,1697368
-39631858,-57294108,1367300,2,bush,guelder-rose,1,3000,0,0,0,1697368
-39627328,-57292987,1367300,2,bush,common-dogwood,1,2500,0,0,0,1697368
-39624456,-57292840,1367299,2,bush,box,0,2000,0,0,0,1697369
-39623559,-57292679,1367299,2,bush,guelder-rose,1,3000,2,0,0,1697369
-39621650,-57293154,1367282,2,tree,temperate-sapling,0,4500,32,0,0,1697386
-39615093,-57293983,1367395,2,bush,common-dogwood,1,2500,222,0,0,1697273
-39793572,-57291160,1427628,2,bush,rhododendron-thicket,0,3000,436,106000,0,1542924
-39790713,-57290865,1427507,2,bush,box,0,2000,389,106000,0,1543045
-39784846,-57292217,1425929,2,bush,rhododendron-thicket,0,3000,712,108000,0,1544623
-39783702,-57291231,1425856,2,bush,bramble-thicket,0,1500,703,108000,0,1544696
-39781147,-57291712,1424469,2,bush,bramble-thicket,0,1500,826,108000,0,1546083
-39770692,-57290438,1423352,2,bush,rhododendron-thicket,0,3000,696,92000,0,1547200
-39764774,-57291710,1421631,2,bush,blackthorn-scrub,0,3000,532,86000,0,1548921
-39762264,-57292225,1421016,2,bush,blackthorn-scrub,0,3000,470,86000,0,1549536
-39755353,-57290427,1419694,2,bush,bramble-thicket,0,1500,589,78000,0,1550858
-39741160,-57290387,1414357,2,bush,red-huckleberry,0,2000,490,62000,0,1603253
-39740279,-57291317,1413871,2,bush,bramble-thicket,0,1500,489,62000,0,1603739
-39737496,-57291511,1412908,2,bush,bramble-thicket,0,1500,441,62000,0,1604702
-39729817,-57291745,1410010,2,bush,bramble-thicket,0,1500,808,56000,0,1607600
-39683378,-57292371,1369152,2,bush,red-huckleberry,0,2000,186,10000,0,1695516
-39678129,-57291184,1368525,2,bush,gorse,0,1800,149,2000,0,1696143
-39676823,-57291676,1368366,2,bush,blackthorn-scrub,0,3000,123,2000,0,1696302
-39673808,-57291290,1368035,2,bush,mountain-laurel,0,3000,137,0,0,1696633
-39664780,-57292334,1367576,2,bush,red-huckleberry,0,2000,23,0,215,1697092
-39655516,-57292221,1367400,2,rock,riffle-slab,1,1600,1,0,192,1697268
-39650831,-57290358,1367400,2,bush,common-dogwood,1,2500,0,0,220,1697268
-39644662,-57290618,1367307,2,bush,bramble-thicket,0,1500,17,2000,0,1697361
-39642695,-57291622,1367300,2,bush,bramble-thicket,0,1500,0,2000,0,1697368
-39641753,-57291426,1367300,2,bush,mountain-laurel,0,3000,0,2000,0,1697368
-39635119,-57290511,1367300,2,bush,snowberry,0,1500,0,4000,0,1697368
-39626002,-57292225,1367300,2,bush,hazel-coppice,0,3000,0,6000,0,1697368
-39615485,-57291756,1367225,2,bush,bramble-thicket,0,1500,51,6000,0,1697443
-39611066,-57290740,1367149,2,bush,elder,0,3000,606,2000,0,1697519
-39794862,-57289059,1428644,2,bush,rhododendron-thicket,0,3000,499,106000,0,1541908
-39785766,-57288873,1427252,2,bush,red-huckleberry,0,2000,526,108000,0,1543300
-39783079,-57289854,1426221,2,bush,box,0,2000,697,108000,0,1544331
-39774968,-57289166,1425144,2,bush,dog-rose,0,2500,648,100000,0,1545408
-39767603,-57289493,1422931,2,bush,hazel-coppice,0,3000,550,92000,0,1547621
-39760839,-57289063,1421754,2,bush,blackthorn-scrub,0,3000,496,86000,0,1548798
-39757399,-57288843,1420839,2,bush,box,0,2000,583,78000,0,1549713
-39756130,-57288615,1420457,2,bush,bramble-thicket,0,1500,594,78000,0,1550095
-39749522,-57288256,1417639,2,bush,rhododendron-thicket,0,3000,696,70000,0,1599971
-39740633,-57288894,1414424,2,bush,witch-hazel,0,3000,446,62000,0,1603186
-39736726,-57289787,1412758,2,bush,bramble-thicket,0,1500,446,62000,0,1604852
-39735321,-57288641,1412041,2,bush,witch-hazel,0,3000,740,62000,0,1605569
-39711838,-57289564,1386009,2,bush,box,0,2000,880,32000,0,1631601
-39709526,-57289264,1384298,2,bush,red-huckleberry,0,2000,923,32000,0,1633312
-39690206,-57289080,1370169,2,tree,temperate-sapling,0,4500,208,18000,0,1647441
-39688322,-57290066,1369842,2,bush,red-huckleberry,0,2000,246,10000,0,1694826
-39687799,-57288306,1369969,2,bush,box,0,2000,202,10000,0,1694699
-39684696,-57288776,1369546,2,bush,red-huckleberry,0,2000,204,10000,0,1695122
-39676790,-57288262,1368388,2,bush,red-huckleberry,0,2000,205,2000,0,1696280
-39670255,-57289594,1367802,2,bush,snowberry,0,1500,89,0,175,1696866
-39665439,-57290065,1367596,2,bush,blackthorn-scrub,0,3000,40,0,196,1697072
-39655425,-57289422,1367420,2,bush,blackthorn-scrub,0,3000,38,0,194,1697248
-39648016,-57288511,1367399,2,bush,elder,0,3000,2,0,0,1697269
-39625827,-57290176,1367300,2,bush,rhododendron-thicket,0,3000,0,6000,0,1697368
-39616048,-57289290,1367296,2,bush,rhododendron-thicket,0,3000,13,6000,0,1697372
-39613900,-57288035,1367291,2,bush,box,0,2000,20,2000,0,1697377
-39610987,-57288912,1367292,2,bush,rhododendron-thicket,0,3000,161,2000,0,1697376
-39597141,-57290047,1353287,2,bush,rhododendron-thicket,0,3000,881,0,0,1758439
-39793433,-57286494,1429321,2,bush,box,0,2000,546,106000,0,1541231
-39790943,-57286047,1429103,2,bush,box,0,2000,506,106000,0,1541449
-39769447,-57287852,1423874,2,bush,elder,0,3000,618,92000,0,1546678
-39765528,-57286286,1423437,2,bush,bramble-thicket,0,1500,447,92000,0,1547115
-39753579,-57286065,1420155,2,bush,bramble-thicket,0,1500,664,78000,0,1550397
-39751449,-57286194,1419079,2,bush,dog-rose,0,2500,688,78000,0,1551473
-39747086,-57287834,1416732,2,bush,blackthorn-scrub,0,3000,622,70000,0,1600878
-39744279,-57286935,1415970,2,bush,red-huckleberry,0,2000,511,70000,0,1601640
-39740752,-57287600,1414584,2,bush,dog-rose,0,2500,457,62000,0,1603026
-39735707,-57287657,1411995,2,bush,bramble-thicket,0,1500,825,62000,0,1605615
-39695445,-57287496,1371712,2,bush,red-huckleberry,0,2000,905,18000,0,1645898
-39693350,-57286484,1370796,2,bush,blackthorn-scrub,0,3000,357,18000,0,1646814
-39687909,-57287919,1370011,2,bush,rhododendron-thicket,0,3000,195,10000,0,1694657
-39677451,-57286879,1368450,2,bush,hazel-coppice,0,3000,220,2000,0,1696218
-39675602,-57287358,1368238,2,rock,streambed-cascade-block,1,1200,136,2000,0,1696430
-39671478,-57286791,1367826,2,bush,rhododendron-thicket,0,3000,60,0,231,1696842
-39669541,-57287412,1367742,2,bush,witch-hazel,0,3000,54,0,213,1696926
-39664883,-57286852,1367567,2,rock,riffle-slab,1,1600,25,0,240,1697101
-39651635,-57286987,1367400,2,bush,hazel-coppice,0,3000,2,0,232,1697268
-39647387,-57285846,1367396,2,bush,guelder-rose,1,3000,9,0,0,1697272
-39642044,-57285885,1367361,2,bush,guelder-rose,1,3000,38,2000,0,1697307
-39641481,-57287786,1367303,2,bush,rhododendron-thicket,0,3000,9,2000,0,1697365
-39638661,-57286331,1367330,2,bush,common-broom,0,2000,43,2000,0,1697338
-39632081,-57287975,1367300,2,bush,gorse,0,1800,0,4000,0,1697368
-39624418,-57287052,1367300,2,bush,common-broom,0,2000,0,6000,0,1697368
-39621070,-57287620,1367300,2,bush,common-dogwood,1,2500,0,6000,0,1697368
-39618481,-57286612,1367300,2,bush,mountain-laurel,0,3000,0,6000,0,1697368
-39611349,-57287242,1367275,2,bush,rhododendron-thicket,0,3000,59,2000,0,1697393
-39608341,-57286829,1367259,2,rock,streambed-cascade-block,1,1200,69,2000,0,1697409
-39603806,-57286287,1367328,2,grass,bracken,0,1500,222,0,0,1697340
-39792713,-57285141,1429820,2,bush,blackthorn-scrub,0,3000,627,106000,0,1540732
-39789332,-57285434,1429036,2,bush,bramble-thicket,0,1500,533,106000,0,1541516
-39786686,-57284525,1429119,2,bush,rhododendron-thicket,0,3000,618,108000,0,1541433
-39782013,-57285398,1428154,2,bush,elder,0,3000,557,108000,0,1542398
-39778662,-57284696,1427787,2,bush,blackthorn-scrub,0,3000,549,100000,0,1542765
-39775509,-57283695,1427144,2,bush,elder,0,3000,548,100000,0,1543408
-39773628,-57285683,1425917,2,bush,blackthorn-scrub,0,3000,620,100000,0,1544635
-39771468,-57285481,1425136,2,bush,red-huckleberry,0,2000,593,92000,0,1545416
-39767351,-57284227,1424203,2,bush,blackthorn-scrub,0,3000,450,92000,0,1546349
-39763051,-57283843,1423608,2,bush,dog-rose,0,2500,453,86000,0,1546944
-39758102,-57284686,1422256,2,bush,elder,0,3000,547,86000,0,1548296
-39749918,-57285369,1418482,2,bush,hazel-coppice,0,3000,650,70000,0,1599128
-39748805,-57284320,1418274,2,bush,red-huckleberry,0,2000,600,70000,0,1599336
-39747147,-57285151,1417337,2,bush,bramble-thicket,0,1500,516,70000,0,1600273
-39741618,-57285591,1414990,2,bush,bramble-thicket,0,1500,528,62000,0,1602620
-39740600,-57284700,1414373,2,bush,dog-rose,0,2500,600,62000,0,1603237
-39736115,-57283659,1411899,2,bush,bramble-thicket,0,1500,759,62000,0,1605711
-39713578,-57283955,1386006,2,bush,common-broom,0,2000,765,40000,0,1631604
-39710339,-57284652,1384017,2,bush,hazel-coppice,0,3000,808,32000,0,1633593
-39707962,-57285692,1382108,2,bush,box,0,2000,919,32000,0,1635502
-39696857,-57285180,1372406,2,bush,common-dogwood,1,2500,923,18000,0,1645204
-39695771,-57285336,1371582,2,bush,mountain-laurel,0,3000,544,18000,0,1646028
-39694392,-57284136,1371333,2,bush,dog-rose,0,2500,381,18000,0,1646277
-39683754,-57284859,1369443,2,tree,temperate-sapling,0,4500,230,10000,0,1695225
-39677811,-57285195,1368426,2,bush,common-broom,0,2000,129,2000,0,1696242
-39676784,-57284090,1368256,2,grass,bracken,0,1500,172,2000,0,1696412
-39671660,-57283902,1367924,2,tree,temperate-sapling,0,4500,129,0,126,1696744
-39666366,-57283672,1367717,2,bush,common-broom,0,2000,78,0,164,1696951
-39665899,-57284012,1367676,2,bush,rhododendron-thicket,0,3000,81,0,205,1696992
-39644956,-57285507,1367371,2,bush,snowberry,0,1500,41,2000,0,1697297
-39631475,-57284326,1367300,2,bush,snowberry,0,1500,1,10000,0,1697368
-39627214,-57283927,1367300,2,bush,box,0,2000,0,14000,0,1697368
-39621583,-57285269,1367300,2,bush,hazel-coppice,0,3000,0,6000,0,1697368
-39610573,-57283807,1367301,2,bush,common-dogwood,1,2500,2,8000,0,1697367
-39604320,-57284565,1367261,2,bush,dog-rose,0,2500,93,4000,0,1697407
-39600122,-57285431,1366761,2,bush,bramble-thicket,0,1500,933,0,0,1697907
-39794055,-57282803,1431344,2,bush,bramble-thicket,0,1500,782,112000,0,1539208
-39786239,-57283066,1430005,2,bush,bramble-thicket,0,1500,677,108000,0,1540547
-39779468,-57281436,1428936,2,bush,box,0,2000,574,100000,0,1541616
-39773304,-57282970,1426372,2,bush,gorse,0,1800,526,100000,0,1544180
-39761093,-57282677,1423417,2,bush,snowberry,0,1500,444,86000,0,1547135
-39752908,-57282364,1420683,2,bush,witch-hazel,0,3000,622,78000,0,1549869
-39749726,-57283356,1418968,2,bush,box,0,2000,587,70000,0,1598642
-39746128,-57282532,1417161,2,bush,blackthorn-scrub,0,3000,521,70000,0,1600449
-39743932,-57282768,1415691,2,bush,blackthorn-scrub,0,3000,575,70000,0,1601919
-39740249,-57282822,1413910,2,bush,bramble-thicket,0,1500,645,62000,0,1603700
-39736729,-57281497,1412040,2,bush,blackthorn-scrub,0,3000,717,62000,0,1605570
-39736017,-57282626,1411785,2,bush,elder,0,3000,721,62000,0,1605825
-39714751,-57281462,1386607,2,bush,red-huckleberry,0,2000,664,40000,0,1631003
-39714370,-57282112,1386399,2,bush,dog-rose,0,2500,690,40000,0,1631211
-39711492,-57281806,1384656,2,bush,hazel-coppice,0,3000,687,32000,0,1632954
-39692384,-57281791,1371463,2,bush,rhododendron-thicket,0,3000,382,18000,0,1646147
-39690062,-57282005,1371078,2,bush,mountain-laurel,0,3000,303,18000,0,1646532
-39687167,-57281617,1370253,2,bush,bramble-thicket,0,1500,285,10000,0,1694415
-39685598,-57283388,1369852,2,bush,mountain-laurel,0,3000,244,10000,0,1694816
-39679431,-57281919,1368535,2,bush,gorse,0,1800,187,2000,0,1696133
-39678847,-57283447,1368507,2,bush,common-broom,0,2000,150,2000,0,1696161
-39674577,-57282326,1368126,2,bush,red-huckleberry,0,2000,91,0,0,1696542
-39670731,-57282190,1367948,2,bush,dog-rose,0,2500,119,0,59,1696720
-39666487,-57281993,1367757,2,bush,common-dogwood,1,2500,58,0,169,1696911
-39663705,-57281938,1367661,2,bush,common-dogwood,1,2500,55,0,207,1697007
-39661146,-57282590,1367596,2,bush,guelder-rose,1,3000,17,0,193,1697072
-39655625,-57282879,1367498,2,bush,bramble-thicket,0,1500,8,0,194,1697170
-39643229,-57282246,1367400,2,bush,mountain-laurel,0,3000,0,2000,0,1697268
-39630409,-57283496,1367303,2,bush,blackthorn-scrub,0,3000,9,10000,0,1697365
-39626501,-57281574,1367303,2,grass,bracken,0,1500,10,14000,0,1697365
-39625015,-57282023,1367300,2,bush,red-huckleberry,0,2000,0,14000,0,1697368
-39619277,-57282649,1367300,2,grass,bracken,0,1500,1,12000,0,1697368
-39610071,-57283342,1367300,2,tree,temperate-sapling,0,4500,1,8000,0,1697368
-39601577,-57281536,1367262,2,bush,rhododendron-thicket,0,3000,49,4000,0,1697406
-39598194,-57283476,1367044,2,bush,dog-rose,0,2500,446,0,0,1744682
-39787569,-57281355,1430983,2,bush,bramble-thicket,0,1500,758,112000,0,1539569
-39786464,-57280217,1431559,2,bush,witch-hazel,0,3000,759,108000,0,1538993
-39784326,-57280229,1430952,2,bush,box,0,2000,740,108000,0,1539600
-39781896,-57281056,1429864,2,bush,elder,0,3000,636,108000,0,1540688
-39776656,-57280641,1427921,2,bush,bramble-thicket,0,1500,550,100000,0,1542631
-39772793,-57279484,1426558,2,bush,blackthorn-scrub,0,3000,437,100000,0,1543994
-39770947,-57279625,1426035,2,bush,red-huckleberry,0,2000,402,92000,0,1544517
-39768763,-57279703,1425485,2,bush,blackthorn-scrub,0,3000,364,92000,0,1545067
-39766349,-57281167,1424800,2,bush,bramble-thicket,0,1500,381,92000,0,1545752
-39761981,-57280720,1424109,2,bush,red-huckleberry,0,2000,457,86000,0,1546443
-39759197,-57280822,1423373,2,grass,bracken,0,1500,436,86000,0,1547179
-39758084,-57280204,1423079,2,grass,bracken,0,1500,423,86000,0,1547473
-39752630,-57281364,1420583,2,bush,blackthorn-scrub,0,3000,608,78000,0,1549969
-39751111,-57281258,1419814,2,bush,common-broom,0,2000,588,78000,0,1550738
-39744588,-57281286,1416038,2,bush,rhododendron-thicket,0,3000,647,70000,0,1601572
-39738713,-57279642,1412905,2,bush,blackthorn-scrub,0,3000,824,62000,0,1604705
-39734575,-57280604,1410465,2,bush,bramble-thicket,0,1500,828,56000,0,1607145
-39714623,-57281313,1386569,2,bush,blackthorn-scrub,0,3000,665,40000,0,1631041
-39708995,-57281374,1382843,2,bush,common-broom,0,2000,789,32000,0,1634767
-39706858,-57281138,1381027,2,bush,dog-rose,0,2500,861,32000,0,1636583
-39689181,-57280489,1370883,2,bush,bramble-thicket,0,1500,300,10000,0,1693785
-39684300,-57280619,1369450,2,tree,temperate-sapling,0,4500,317,10000,0,1695218
-39681623,-57279966,1368846,2,bush,common-dogwood,1,2500,186,2000,0,1695822
-39679510,-57280121,1368545,2,grass,bracken,0,1500,152,2000,0,1696123
-39677595,-57280388,1368349,2,rock,streambed-cascade-block,1,1200,113,2000,0,1696319
-39672858,-57280996,1368131,2,bush,bramble-thicket,0,1500,96,0,0,1696537
-39671218,-57280125,1368028,2,bush,gorse,0,1800,130,0,0,1696640
-39668878,-57281165,1367836,2,grass,bracken,0,1500,66,0,110,1696832
-39664632,-57281356,1367702,2,grass,bracken,0,1500,51,0,166,1696966
-39660874,-57280760,1367614,2,bush,bramble-thicket,0,1500,31,0,200,1697054
-39657434,-57280795,1367545,2,bush,rhododendron-thicket,0,3000,44,0,206,1697123
-39655025,-57281205,1367493,2,bush,blackthorn-scrub,0,3000,16,0,199,1697175
-39651708,-57279919,1367440,2,bush,box,0,2000,52,0,217,1697228
-39648647,-57281073,1367400,2,rock,streambed-cascade-block,1,1200,0,0,260,1697268
-39646943,-57279459,1367400,2,bush,guelder-rose,1,3000,0,0,260,1697268
-39637499,-57279838,1367399,2,bush,guelder-rose,1,3000,0,10000,0,1697269
-39632102,-57281221,1367366,2,tree,temperate-sapling,0,4500,44,10000,0,1697302
-39620430,-57279590,1367315,2,bush,hazel-coppice,0,3000,30,12000,0,1697353
-39619733,-57281308,1367304,2,bush,common-dogwood,1,2500,13,12000,0,1697364
-39615355,-57279957,1367337,2,bush,common-dogwood,1,2500,32,12000,0,1697331
-39611009,-57281042,1367303,2,bush,bramble-thicket,0,1500,11,8000,0,1697365
-39606321,-57280896,1367300,2,bush,gorse,0,1800,1,4000,0,1697368
-39598428,-57281005,1367310,2,bush,box,0,2000,67,0,0,1744416
-39792786,-57278571,1433396,2,bush,red-huckleberry,0,2000,797,112000,0,1537156
-39784986,-57278683,1431753,2,bush,common-broom,0,2000,781,108000,0,1538799
-39783780,-57278527,1431321,2,bush,bramble-thicket,0,1500,768,108000,0,1539231
-39781250,-57278518,1430010,2,bush,elder,0,3000,673,108000,0,1540542
-39775503,-57277087,1427722,2,bush,blackthorn-scrub,0,3000,505,100000,0,1542830
-39769154,-57278163,1425866,2,bush,box,0,2000,349,92000,0,1544686
-39765865,-57277584,1425441,2,bush,bramble-thicket,0,1500,334,92000,0,1545111
-39763653,-57278259,1425034,2,bush,gorse,0,1800,354,86000,0,1545518
-39762008,-57278222,1424681,2,bush,witch-hazel,0,3000,395,86000,0,1545871
-39758566,-57278856,1423405,2,bush,red-huckleberry,0,2000,441,86000,0,1547147
-39756288,-57279139,1422190,2,bush,hazel-coppice,0,3000,470,78000,0,1548362
-39754854,-57278938,1421457,2,bush,blackthorn-scrub,0,3000,604,78000,0,1549095
-39718465,-57278033,1388819,2,bush,box,0,2000,756,40000,0,1628791
-39713587,-57277552,1386024,2,bush,blackthorn-scrub,0,3000,597,40000,0,1631586
-39710432,-57277521,1384262,2,bush,elder,0,3000,754,32000,0,1633348
-39709084,-57277438,1383474,2,bush,box,0,2000,882,34000,0,1634136
-39692746,-57277301,1372019,2,tree,temperate-sapling,0,4500,570,20000,0,1645591
-39685668,-57278612,1369897,2,bush,bramble-thicket,0,1500,337,10000,0,1694771
-39681879,-57278411,1368872,2,bush,bramble-thicket,0,1500,170,2000,0,1695796
-39681060,-57278340,1368764,2,bush,hazel-coppice,0,3000,160,2000,0,1695904
-39678181,-57279179,1368466,2,bush,guelder-rose,1,3000,144,2000,0,1696202
-39676746,-57278948,1368415,2,bush,common-dogwood,1,2500,118,2000,0,1696253
-39666817,-57277762,1367883,2,bush,common-dogwood,1,2500,94,0,137,1696785
-39664938,-57277215,1367803,2,bush,elder,0,3000,54,0,155,1696865
-39660813,-57277342,1367689,2,bush,hazel-coppice,0,3000,27,0,201,1696979
-39658894,-57278557,1367602,2,bush,common-dogwood,1,2500,36,0,202,1697066
-39646928,-57277442,1367417,2,tree,temperate-sapling,0,4500,29,0,0,1697251
-39644111,-57278688,1367400,2,bush,blackthorn-scrub,0,3000,0,2000,0,1697268
-39641600,-57277305,1367400,2,bush,mountain-laurel,0,3000,0,4000,0,1697268
-39632624,-57277382,1367400,2,bush,gorse,0,1800,0,10000,0,1697268
-39628007,-57277493,1367398,2,bush,box,0,2000,3,18000,0,1697270
-39622124,-57277513,1367329,2,bush,mountain-laurel,0,3000,22,12000,0,1697339
-39604729,-57277140,1367399,2,bush,guelder-rose,1,3000,40,10000,0,1697269
-39603826,-57279117,1367317,2,bush,guelder-rose,1,3000,27,4000,0,1697351
-39598563,-57278482,1367345,2,rock,streambed-cascade-block,1,1200,13,0,0,1744381
-39593831,-57277833,1367336,2,rock,riffle-slab,1,1600,57,0,0,1744390
-39591667,-57278875,1367417,2,bush,blackthorn-scrub,0,3000,90,0,0,1744309
-39586821,-57278784,1367008,2,bush,hazel-coppice,0,3000,498,0,0,1744718
-39791958,-57274965,1435765,2,bush,gorse,0,1800,787,116000,0,1534787
-39778547,-57275916,1429199,2,bush,box,0,2000,666,100000,0,1541353
-39778014,-57275116,1428994,2,bush,rhododendron-thicket,0,3000,666,100000,0,1541558
-39774582,-57275253,1427580,2,bush,blackthorn-scrub,0,3000,462,100000,0,1542972
-39772720,-57276835,1426892,2,bush,red-huckleberry,0,2000,406,100000,0,1543660
-39769471,-57276051,1426256,2,bush,rhododendron-thicket,0,3000,360,94000,0,1544296
-39768704,-57276348,1426061,2,bush,snowberry,0,1500,330,94000,0,1544491
-39765539,-57275120,1425677,2,bush,common-broom,0,2000,334,94000,0,1544875
-39764025,-57276050,1425250,2,bush,blackthorn-scrub,0,3000,325,86000,0,1545302
-39762730,-57274908,1424627,2,bush,snowberry,0,1500,525,86000,0,1545925
-39689116,-57275116,1370701,2,bush,hazel-coppice,0,3000,402,12000,0,1693967
-39683764,-57274862,1369397,2,bush,mountain-laurel,0,3000,219,12000,0,1695271
-39678568,-57276251,1368780,2,grass,bracken,0,1500,158,6000,0,1695888
-39671704,-57276254,1368280,2,bush,mountain-laurel,0,3000,123,0,0,1696388
-39668497,-57275415,1368060,2,bush,bramble-thicket,0,1500,82,0,7,1696608
-39655233,-57276032,1367580,2,bush,hazel-coppice,0,3000,36,0,184,1697088
-39647581,-57275301,1367483,2,bush,common-dogwood,1,2500,31,0,0,1697185
-39643285,-57276431,1367402,2,bush,dog-rose,0,2500,6,4000,0,1697266
-39637828,-57276662,1367400,2,bush,rhododendron-thicket,0,3000,0,4000,0,1697268
-39633286,-57275974,1367400,2,bush,blackthorn-scrub,0,3000,0,10000,0,1697268
-39629961,-57275046,1367400,2,bush,red-huckleberry,0,2000,0,18000,0,1697268
-39628533,-57276189,1367399,2,bush,elder,0,3000,0,18000,0,1697269
-39626143,-57276535,1367389,2,bush,gorse,0,1800,13,18000,0,1697279
-39622254,-57276042,1367352,2,grass,bracken,0,1500,17,18000,0,1697316
-39620935,-57276955,1367350,2,bush,mountain-laurel,0,3000,10,18000,0,1697318
-39616236,-57276288,1367398,2,bush,bramble-thicket,0,1500,13,18000,0,1697270
-39608589,-57275442,1367398,2,bush,bramble-thicket,0,1500,50,14000,0,1697270
-39605276,-57275515,1367435,2,bush,gorse,0,1800,14,10000,0,1697233
-39600976,-57276591,1367398,2,bush,elder,0,3000,13,10000,0,1697270
-39587741,-57276342,1367453,2,grass,bracken,0,1500,104,4000,0,1744273
-39582331,-57275243,1367295,2,rock,streambed-cascade-block,1,1200,165,0,0,1744431
-39791359,-57273802,1436052,2,bush,box,0,2000,703,116000,0,1534500
-39785013,-57272977,1433768,2,bush,bramble-thicket,0,1500,870,108000,0,1536784
-39783697,-57273095,1432908,2,bush,snowberry,0,1500,867,108000,0,1537644
-39781282,-57272739,1431584,2,bush,gorse,0,1800,811,108000,0,1538968
-39780134,-57272936,1430983,2,bush,gorse,0,1800,815,108000,0,1539569
-39773485,-57273967,1427439,2,bush,dog-rose,0,2500,451,100000,0,1543113
-39770728,-57272999,1427004,2,bush,box,0,2000,461,94000,0,1543548
-39763552,-57274263,1424961,2,bush,box,0,2000,612,86000,0,1545591
-39761374,-57272664,1423605,2,bush,blackthorn-scrub,0,3000,707,86000,0,1546947
-39725884,-57274178,1394579,2,bush,bramble-thicket,0,1500,748,48000,0,1623031
-39724476,-57274292,1393744,2,bush,rhododendron-thicket,0,3000,795,48000,0,1623866
-39717982,-57273056,1388763,2,bush,common-dogwood,1,2500,880,40000,0,1628847
-39714133,-57274519,1386399,2,bush,common-dogwood,1,2500,637,40000,0,1631211
-39688121,-57274059,1370537,2,tree,temperate-sapling,0,4500,418,12000,0,1694131
-39687419,-57272858,1370457,2,tree,temperate-sapling,0,4500,445,12000,0,1694211
-39685541,-57272925,1369960,2,bush,box,0,2000,328,12000,0,1694708
-39683215,-57273959,1369429,2,bush,snowberry,0,1500,211,12000,0,1695239
-39680899,-57273321,1369273,2,bush,gorse,0,1800,215,6000,0,1695395
-39677852,-57272889,1369059,2,bush,snowberry,0,1500,182,6000,0,1695609
-39666980,-57273091,1368027,2,bush,common-dogwood,1,2500,96,0,0,1696641
-39665457,-57272723,1367923,2,bush,bramble-thicket,0,1500,96,0,114,1696745
-39657008,-57273862,1367641,2,rock,riffle-slab,1,1600,46,0,186,1697027
-39654340,-57274244,1367590,2,rock,riffle-slab,1,1600,19,0,209,1697078
-39652659,-57273942,1367535,2,rock,riffle-slab,1,1600,37,0,246,1697133
-39648937,-57274669,1367498,2,bush,rhododendron-thicket,0,3000,4,0,249,1697170
-39641582,-57273771,1367427,2,bush,elder,0,3000,43,4000,0,1697241
-39638197,-57273582,1367405,2,tree,temperate-sapling,0,4500,13,4000,0,1697263
-39634801,-57273543,1367401,2,bush,mountain-laurel,0,3000,0,10000,0,1697267
-39628653,-57273684,1367400,2,bush,common-dogwood,1,2500,0,18000,0,1697268
-39623014,-57272809,1367424,2,bush,witch-hazel,0,3000,34,18000,0,1697244
-39620593,-57273375,1367390,2,bush,elder,0,3000,20,18000,0,1697278
-39616626,-57273052,1367439,2,bush,hazel-coppice,0,3000,37,18000,0,1697229
-39613702,-57273661,1367444,2,grass,bracken,0,1500,20,14000,0,1697224
-39611901,-57273349,1367444,2,bush,common-dogwood,1,2500,19,14000,0,1697224
-39604755,-57273695,1367437,2,bush,common-dogwood,1,2500,48,10000,0,1697231
-39602275,-57272704,1367471,2,tree,temperate-sapling,0,4500,26,10000,0,1697197
-39598495,-57273160,1367434,2,bush,dog-rose,0,2500,52,6000,0,1744292
-39597700,-57274771,1367396,2,bush,bramble-thicket,0,1500,11,6000,0,1744330
-39592660,-57274168,1367414,2,bush,guelder-rose,1,3000,24,6000,0,1744312
-39585274,-57273180,1367387,2,bush,mountain-laurel,0,3000,29,4000,0,1744339
-39583372,-57274651,1367475,2,bush,guelder-rose,1,3000,78,0,0,1744251
-39791517,-57272117,1436834,2,bush,common-broom,0,2000,626,116000,0,1533718
-39789631,-57271431,1436432,2,bush,rhododendron-thicket,0,3000,740,116000,0,1534120
-39772301,-57270755,1427936,2,bush,blackthorn-scrub,0,3000,565,94000,0,1542616
-39753643,-57271062,1418809,2,bush,rhododendron-thicket,0,3000,611,78000,0,1551743
-39749850,-57272569,1416393,2,bush,snowberry,0,1500,806,70000,0,1601217
-39748840,-57272173,1415766,2,bush,blackthorn-scrub,0,3000,780,70000,0,1601844
-39724428,-57271928,1394066,2,bush,red-huckleberry,0,2000,867,48000,0,1623544
-39713316,-57271697,1386591,2,bush,common-dogwood,1,2500,656,40000,0,1631019
-39685821,-57272257,1370113,2,bush,elder,0,3000,340,12000,0,1694555
-39683533,-57271581,1369793,2,bush,snowberry,0,1500,284,12000,0,1694875
-39678534,-57271903,1369201,2,grass,bracken,0,1500,214,6000,0,1695467
-39670226,-57272103,1368316,2,bush,mountain-laurel,0,3000,186,0,0,1696352
-39666902,-57272067,1368042,2,bush,dog-rose,0,2500,92,0,0,1696626
-39664678,-57271465,1367915,2,bush,rhododendron-thicket,0,3000,73,0,53,1696753
-39658277,-57270811,1367697,2,bush,bramble-thicket,0,1500,44,0,220,1696971
-39657037,-57271086,1367648,2,bush,dog-rose,0,2500,43,0,237,1697020
-39654757,-57270479,1367601,2,grass,bracken,0,1500,22,0,215,1697067
-39648219,-57270429,1367500,2,tree,temperate-sapling,0,4500,0,0,0,1697168
-39644391,-57272455,1367498,2,bush,common-dogwood,1,2500,4,4000,0,1697170
-39640349,-57270961,1367494,2,bush,guelder-rose,1,3000,13,4000,0,1697174
-39636550,-57271341,1367438,2,tree,temperate-sapling,0,4500,40,10000,0,1697230
-39623322,-57272137,1367447,2,tree,temperate-sapling,0,4500,43,18000,0,1697221
-39616117,-57272270,1367463,2,bush,dog-rose,0,2500,28,18000,0,1697205
-39611233,-57271299,1367497,2,bush,guelder-rose,1,3000,52,14000,0,1697171
-39610042,-57271266,1367487,2,bush,snowberry,0,1500,42,14000,0,1697181
-39607260,-57270752,1367507,2,bush,snowberry,0,1500,33,10000,0,1697161
-39595833,-57270556,1367572,2,bush,mountain-laurel,0,3000,84,6000,0,1744154
-39593423,-57272094,1367488,2,bush,guelder-rose,1,3000,44,6000,0,1744238
-39589118,-57270670,1367482,2,bush,common-dogwood,1,2500,52,4000,0,1744244
-39587180,-57271042,1367452,2,bush,bramble-thicket,0,1500,49,4000,0,1744274
-39586201,-57270557,1367485,2,bush,guelder-rose,1,3000,53,4000,0,1744241
-39580936,-57270712,1367400,2,bush,elder,0,3000,75,0,0,1744326
-39577716,-57271485,1367458,2,rock,streambed-cascade-block,1,1200,181,0,0,1744268
-39566682,-57272548,1353352,2,bush,common-dogwood,1,2500,585,0,0,1758374
-39783758,-57270095,1434360,2,bush,red-huckleberry,0,2000,942,108000,0,1536192
-39782555,-57268773,1434069,2,bush,snowberry,0,1500,893,108000,0,1536483
-39765001,-57268830,1425166,2,bush,blackthorn-scrub,0,3000,677,94000,0,1545386
-39764396,-57268706,1424810,2,bush,hazel-coppice,0,3000,665,86000,0,1545742
-39760926,-57268492,1423114,2,bush,blackthorn-scrub,0,3000,697,86000,0,1547438
-39755170,-57268821,1419862,2,bush,box,0,2000,747,80000,0,1550690
-39750482,-57268387,1417816,2,bush,red-huckleberry,0,2000,904,80000,0,1552736
-39714618,-57270262,1387563,2,bush,common-broom,0,2000,930,40000,0,1630047
-39708534,-57269585,1385565,2,bush,elder,0,3000,843,36000,0,1632045
-39685843,-57269778,1370613,2,bush,hazel-coppice,0,3000,519,16000,0,1646997
-39683877,-57269550,1370153,2,grass,bracken,0,1500,352,16000,0,1647457
-39678845,-57269407,1369522,2,bush,hazel-coppice,0,3000,270,10000,0,1648088
-39667262,-57269396,1368149,2,bush,dog-rose,0,2500,132,0,0,1649461
-39665241,-57269644,1367977,2,bush,dog-rose,0,2500,86,0,33,1649633
-39644135,-57269632,1367500,2,rock,streambed-cascade-block,1,1200,0,2000,0,1650110
-39637225,-57269423,1367496,2,bush,guelder-rose,1,3000,8,10000,0,1650114
-39627964,-57268838,1367448,2,grass,bracken,0,1500,2,18000,0,1697220
-39625954,-57269111,1367469,2,bush,guelder-rose,1,3000,40,18000,0,1697199
-39619864,-57269965,1367534,2,bush,rhododendron-thicket,0,3000,43,24000,0,1697134
-39619266,-57269073,1367555,2,bush,guelder-rose,1,3000,17,24000,0,1697113
-39613053,-57269416,1367585,2,bush,mountain-laurel,0,3000,64,20000,0,1697083
-39607899,-57270030,1367516,2,bush,mountain-laurel,0,3000,37,14000,0,1697152
-39597219,-57268341,1367687,2,bush,common-dogwood,1,2500,66,14000,0,1696981
-39588484,-57269041,1367555,2,bush,blackthorn-scrub,0,3000,54,10000,0,1697113
-39586756,-57268703,1367573,2,bush,box,0,2000,52,10000,0,1697095
-39579021,-57269530,1367439,2,bush,hazel-coppice,0,3000,37,6000,0,1697229
-39571623,-57268287,1367447,2,bush,common-dogwood,1,2500,23,4000,0,1697221
-39569148,-57269758,1367392,2,bush,snowberry,0,1500,903,0,0,1744334
-39559009,-57269711,1354288,2,bush,rhododendron-thicket,0,3000,747,0,0,1757438
-39788770,-57267756,1437060,2,bush,bramble-thicket,0,1500,490,116000,0,1533492
-39786873,-57267779,1436422,2,bush,box,0,2000,606,108000,0,1534130
-39783182,-57266497,1435091,2,bush,snowberry,0,1500,802,108000,0,1535461
-39778679,-57267658,1431616,2,bush,red-huckleberry,0,2000,876,102000,0,1538936
-39776555,-57266495,1431156,2,bush,snowberry,0,1500,873,102000,0,1539396
-39774597,-57266286,1430547,2,bush,bramble-thicket,0,1500,820,102000,0,1540005
-39767781,-57267868,1427002,2,bush,rhododendron-thicket,0,3000,788,94000,0,1543550
-39764998,-57267586,1425344,2,bush,snowberry,0,1500,734,86000,0,1545208
-39761465,-57267482,1423618,2,bush,snowberry,0,1500,741,86000,0,1546934
-39757331,-57267019,1421520,2,bush,rhododendron-thicket,0,3000,693,80000,0,1549032
-39706361,-57267570,1385423,2,bush,common-dogwood,1,2500,884,36000,0,1632187
-39702775,-57266682,1384565,2,bush,red-huckleberry,0,2000,813,30000,0,1633045
-39686108,-57268070,1371025,2,bush,gorse,0,1800,608,16000,0,1646585
-39684471,-57267243,1370673,2,bush,bramble-thicket,0,1500,382,16000,0,1646937
-39682352,-57267695,1370199,2,bush,guelder-rose,1,3000,318,10000,0,1647411
-39676084,-57266116,1369539,2,bush,common-dogwood,1,2500,227,10000,0,1648071
-39674189,-57266362,1369307,2,bush,common-dogwood,1,2500,236,4000,0,1648303
-39669752,-57266626,1368558,2,bush,elder,0,3000,177,4000,0,1649052
-39663386,-57267731,1367973,2,tree,temperate-sapling,0,4500,77,0,133,1649637
-39660682,-57268193,1367828,2,bush,bramble-thicket,0,1500,56,0,149,1649782
-39652273,-57266537,1367556,2,bush,guelder-rose,1,3000,53,0,231,1650054
-39648175,-57267546,1367516,2,bush,snowberry,0,1500,31,0,276,1650094
-39644328,-57268095,1367500,2,bush,snowberry,0,1500,2,2000,0,1650110
-39642827,-57266836,1367500,2,bush,common-dogwood,1,2500,3,2000,0,1650110
-39638888,-57267807,1367500,2,bush,rhododendron-thicket,0,3000,0,2000,0,1650110
-39635027,-57266382,1367503,2,bush,hazel-coppice,0,3000,11,10000,0,1650107
-39631400,-57267298,1367470,2,bush,hazel-coppice,0,3000,31,10000,0,1650140
-39629961,-57267986,1367469,2,bush,mountain-laurel,0,3000,24,18000,0,1697199
-39625141,-57267551,1367504,2,grass,bracken,0,1500,22,18000,0,1697164
-39620113,-57267369,1367597,2,bush,elder,0,3000,46,24000,0,1697071
-39612922,-57268012,1367643,2,bush,guelder-rose,1,3000,36,20000,0,1697025
-39608289,-57266760,1367680,2,bush,dog-rose,0,2500,67,20000,0,1696988
-39603388,-57267635,1367746,2,grass,bracken,0,1500,47,16000,0,1696922
-39598244,-57266524,1367782,2,bush,snowberry,0,1500,66,14000,0,1696886
-39592258,-57266572,1367658,2,bush,witch-hazel,0,3000,45,10000,0,1697010
-39590634,-57267789,1367629,2,grass,bracken,0,1500,70,10000,0,1697039
-39588628,-57268154,1367609,2,bush,red-huckleberry,0,2000,62,10000,0,1697059
-39585526,-57268018,1367614,2,bush,red-huckleberry,0,2000,53,10000,0,1697054
-39580045,-57267211,1367547,2,bush,guelder-rose,1,3000,47,6000,0,1697121
-39576931,-57266942,1367558,2,bush,snowberry,0,1500,56,4000,0,1697110
-39573393,-57266152,1367566,2,bush,mountain-laurel,0,3000,73,4000,0,1697102
-39565926,-57266638,1367195,2,bush,bramble-thicket,0,1500,659,0,0,1744531
-39545714,-57267952,1354626,2,bush,snowberry,0,1500,305,0,0,1757100
-39791355,-57264241,1438414,2,grass,bracken,0,1500,426,116000,0,1532138
-39788097,-57265139,1437330,2,bush,rhododendron-thicket,0,3000,499,116000,0,1533222
-39778579,-57264039,1433236,2,bush,snowberry,0,1500,827,102000,0,1537316
-39772817,-57265338,1430331,2,bush,witch-hazel,0,3000,852,102000,0,1540221
-39769418,-57264837,1428844,2,bush,rhododendron-thicket,0,3000,866,94000,0,1541708
-39764407,-57265781,1425447,2,bush,box,0,2000,816,86000,0,1545105
-39758689,-57263889,1422927,2,bush,snowberry,0,1500,705,86000,0,1547625
-39756164,-57264071,1421896,2,bush,elder,0,3000,791,80000,0,1548656
-39706838,-57265372,1386663,2,bush,snowberry,0,1500,724,36000,0,1630947
-39683894,-57265751,1370818,2,bush,red-huckleberry,0,2000,370,16000,0,1646792
-39677207,-57265476,1369752,2,bush,common-dogwood,1,2500,260,10000,0,1647858
-39676110,-57265810,1369578,2,bush,witch-hazel,0,3000,228,10000,0,1648032
-39671533,-57264653,1368950,2,bush,rhododendron-thicket,0,3000,224,4000,0,1648660
-39668032,-57264459,1368504,2,tree,temperate-sapling,0,4500,170,4000,0,1649106
-39665976,-57264717,1368235,2,bush,rhododendron-thicket,0,3000,187,0,0,1649375
-39662193,-57265442,1367890,2,rock,riffle-slab,1,1600,63,0,236,1649720
-39657271,-57263998,1367746,2,bush,hazel-coppice,0,3000,144,0,213,1649864
-39655549,-57265464,1367638,2,bush,common-dogwood,1,2500,43,0,255,1649972
-39654417,-57264433,1367633,2,bush,common-dogwood,1,2500,62,0,260,1649977
-39647520,-57265739,1367565,2,bush,bramble-thicket,0,1500,32,0,0,1650045
-39645779,-57264603,1367547,2,bush,red-huckleberry,0,2000,38,0,0,1650063
-39642161,-57264334,1367536,2,rock,streambed-cascade-block,1,1200,34,2000,0,1650074
-39637802,-57265874,1367500,2,bush,rhododendron-thicket,0,3000,0,2000,0,1650110
-39631764,-57265876,1367510,2,tree,temperate-sapling,0,4500,25,10000,0,1650100
-39629714,-57264858,1367555,2,bush,snowberry,0,1500,49,18000,0,1697113
-39627185,-57264228,1367597,2,bush,guelder-rose,1,3000,48,18000,0,1697071
-39625648,-57265453,1367584,2,bush,dog-rose,0,2500,82,18000,0,1697084
-39618898,-57265938,1367677,2,bush,common-dogwood,1,2500,44,24000,0,1696991
-39615388,-57265258,1367706,2,bush,red-huckleberry,0,2000,34,24000,0,1696962
-39609438,-57263922,1367855,2,tree,temperate-sapling,0,4500,144,20000,0,1696813
-39604626,-57264457,1367956,2,grass,bracken,0,1500,127,16000,0,1696712
-39603288,-57264380,1368009,2,bush,bramble-thicket,0,1500,148,16000,0,1696659
-39599849,-57264297,1367986,2,bush,blackthorn-scrub,0,3000,127,14000,0,1696682
-39595668,-57265956,1367816,2,grass,bracken,0,1500,89,14000,0,1696852
-39589575,-57265714,1367738,2,tree,temperate-sapling,0,4500,53,10000,0,1696930
-39587878,-57264657,1367764,2,bush,blackthorn-scrub,0,3000,52,10000,0,1696904
-39586185,-57264231,1367762,2,bush,bramble-thicket,0,1500,53,10000,0,1696906
-39576219,-57265129,1367616,2,bush,rhododendron-thicket,0,3000,41,4000,0,1697052
-39574808,-57265118,1367601,2,tree,temperate-sapling,0,4500,20,4000,0,1697067
-39570259,-57265455,1367520,2,bush,dog-rose,0,2500,68,4000,0,1697148
-39565620,-57265680,1367509,2,bush,elder,0,3000,211,0,0,1744217
-39556291,-57264091,1367212,2,tree,temperate-sapling,0,4500,454,0,0,1744514
-39555631,-57264129,1367192,2,bush,elder,0,3000,517,0,0,1744534
-39778467,-57263738,1433335,2,bush,dog-rose,0,2500,819,102000,0,1537217
-39777377,-57262760,1433451,2,bush,rhododendron-thicket,0,3000,856,102000,0,1537101
-39770871,-57262616,1430674,2,bush,snowberry,0,1500,921,94000,0,1539878
-39759328,-57262748,1423368,2,bush,rhododendron-thicket,0,3000,734,86000,0,1547184
-39755658,-57263714,1422061,2,bush,elder,0,3000,786,80000,0,1548491
-39701729,-57262866,1385001,2,bush,bramble-thicket,0,1500,934,30000,0,1632609
-39701067,-57263379,1384429,2,bush,bramble-thicket,0,1500,912,30000,0,1633181
-39679644,-57263047,1370498,2,bush,elder,0,3000,371,10000,0,1647112
-39677150,-57263546,1369953,2,grass,bracken,0,1500,295,10000,0,1647657
-39674042,-57262970,1369483,2,bush,elder,0,3000,276,4000,0,1648127
-39672080,-57262480,1369186,2,bush,hazel-coppice,0,3000,321,4000,0,1648424
-39668936,-57262329,1368925,2,bush,red-huckleberry,0,2000,326,4000,0,1648685
-39665663,-57263097,1368461,2,bush,gorse,0,1800,345,0,0,1649149
-39662824,-57261790,1368594,2,bush,snowberry,0,1500,334,0,0,1649016
-39656609,-57263184,1367805,2,bush,guelder-rose,1,3000,228,0,154,1649805
-39653419,-57261644,1368116,2,bush,gorse,0,1800,376,0,0,1649494
-39652593,-57263305,1367650,2,bush,bramble-thicket,0,1500,158,0,213,1649960
-39644263,-57262710,1367552,2,bush,bramble-thicket,0,1500,11,2000,0,1650058
-39640515,-57263670,1367529,2,bush,mountain-laurel,0,3000,36,2000,0,1650081
-39638239,-57263461,1367525,2,bush,red-huckleberry,0,2000,36,2000,0,1650085
-39633291,-57263430,1367550,2,bush,common-dogwood,1,2500,3,10000,0,1650060
-39620230,-57262616,1367765,2,bush,bramble-thicket,0,1500,53,24000,0,1696903
-39612856,-57263071,1367877,2,bush,blackthorn-scrub,0,3000,81,20000,0,1696791
-39608014,-57263628,1367967,2,bush,rhododendron-thicket,0,3000,145,20000,0,1696701
-39603671,-57262195,1368253,2,grass,bracken,0,1500,103,24000,0,1696415
-39600550,-57261926,1368244,2,bush,box,0,2000,97,24000,0,1696424
-39597661,-57263602,1367989,2,bush,rhododendron-thicket,0,3000,110,14000,0,1696679
-39594147,-57262750,1367999,2,bush,blackthorn-scrub,0,3000,101,14000,0,1696669
-39592999,-57262432,1367955,2,bush,common-broom,0,2000,105,20000,0,1696713
-39588322,-57263513,1367837,2,grass,bracken,0,1500,93,10000,0,1696831
-39586631,-57261844,1367860,2,bush,witch-hazel,0,3000,73,16000,0,1696808
-39582590,-57262826,1367762,2,bush,red-huckleberry,0,2000,54,6000,0,1696906
-39581527,-57263495,1367714,2,bush,blackthorn-scrub,0,3000,41,6000,0,1696954
-39577952,-57263570,1367691,2,bush,elder,0,3000,20,6000,0,1696977
-39572961,-57263256,1367635,2,bush,red-huckleberry,0,2000,48,4000,0,1697033
-39570590,-57263193,1367599,2,bush,hazel-coppice,0,3000,18,4000,0,1697069
-39568554,-57261889,1367592,2,bush,guelder-rose,1,3000,19,6000,0,1744134
-39561387,-57262859,1367447,2,bush,bramble-thicket,0,1500,246,0,0,1744279
-39560149,-57263462,1367134,2,bush,hazel-coppice,0,3000,82,0,0,1744592
-39557540,-57263298,1367184,2,bush,common-dogwood,1,2500,186,0,0,1744542
-39551640,-57263487,1367167,2,bush,box,0,2000,368,0,0,1744559
-39536250,-57261891,1367086,2,bush,bramble-thicket,0,1500,474,2000,0,1744640
-39779432,-57261429,1434561,2,bush,gorse,0,1800,829,102000,0,1535991
-39776487,-57260307,1434034,2,bush,bramble-thicket,0,1500,854,102000,0,1536518
-39775399,-57260066,1433733,2,bush,snowberry,0,1500,855,102000,0,1536819
-39765963,-57261212,1427766,2,bush,red-huckleberry,0,2000,927,96000,0,1542786
-39753664,-57260403,1422325,2,bush,blackthorn-scrub,0,3000,645,80000,0,1548227
-39751058,-57260954,1420646,2,bush,box,0,2000,772,80000,0,1549906
-39699261,-57259700,1384610,2,bush,snowberry,0,1500,973,34000,0,1633000
-39681851,-57260362,1371568,2,bush,blackthorn-scrub,0,3000,554,12000,0,1646042
-39681371,-57259900,1371522,2,bush,common-dogwood,1,2500,567,12000,0,1646088
-39672469,-57259646,1369799,2,bush,common-dogwood,1,2500,342,4000,0,1647811
-39669057,-57261159,1369277,2,grass,bracken,0,1500,371,4000,0,1648333
-39666270,-57259439,1369586,2,rock,streambed-cascade-block,1,1200,334,0,0,1648024
-39662415,-57260607,1368899,2,bush,rhododendron-thicket,0,3000,320,0,0,1648711
-39660518,-57261138,1368646,2,bush,red-huckleberry,0,2000,331,0,0,1648964
-39653182,-57259905,1368531,2,bush,rhododendron-thicket,0,3000,332,0,0,1649079
-39649377,-57259453,1368270,2,bush,bramble-thicket,0,1500,370,0,0,1649340
-39640017,-57260252,1367613,2,bush,guelder-rose,1,3000,22,4000,0,1649997
-39633078,-57260258,1367606,2,bush,hazel-coppice,0,3000,49,12000,0,1650004
-39631418,-57260624,1367627,2,bush,blackthorn-scrub,0,3000,67,12000,0,1649983
-39629413,-57260526,1367733,2,grass,bracken,0,1500,103,18000,0,1696935
-39625242,-57261576,1367761,2,bush,blackthorn-scrub,0,3000,86,18000,0,1696907
-39623310,-57259717,1367878,2,grass,bracken,0,1500,59,18000,0,1696790
-39618157,-57259742,1367912,2,bush,mountain-laurel,0,3000,51,26000,0,1696756
-39616528,-57259647,1367946,2,bush,elder,0,3000,114,26000,0,1696722
-39613824,-57259794,1368075,2,tree,temperate-sapling,0,4500,174,26000,0,1696593
-39606898,-57260447,1368365,2,tree,temperate-sapling,0,4500,197,24000,0,1696303
-39604849,-57259573,1368507,2,bush,bramble-thicket,0,1500,122,24000,0,1696161
-39604064,-57259688,1368503,2,tree,temperate-sapling,0,4500,139,24000,0,1696165
-39601308,-57261325,1368312,2,grass,bracken,0,1500,117,24000,0,1696356
-39593682,-57261575,1368044,2,bush,blackthorn-scrub,0,3000,114,20000,0,1696624
-39592522,-57260316,1368143,2,bush,rhododendron-thicket,0,3000,153,20000,0,1696525
-39584383,-57261339,1367853,2,bush,snowberry,0,1500,67,14000,0,1696815
-39577125,-57261145,1367700,2,grass,bracken,0,1500,3,10000,0,1696968
-39559813,-57261287,1367589,2,bush,common-dogwood,1,2500,58,4000,0,1744137
-39544579,-57259452,1367427,2,bush,guelder-rose,1,3000,94,2000,0,1744299
-39541236,-57261407,1367023,2,bush,rhododendron-thicket,0,3000,234,2000,0,1744703
-39539753,-57260931,1367231,2,bush,rhododendron-thicket,0,3000,354,2000,0,1744495
-39536545,-57260276,1367359,2,rock,riffle-slab,1,1600,125,2000,0,1744367
-39792830,-57257248,1439968,2,bush,snowberry,0,1500,297,118000,0,1530584
-39786497,-57257987,1438293,2,bush,rhododendron-thicket,0,3000,471,110000,0,1532259
-39784195,-57258212,1437666,2,bush,elder,0,3000,464,110000,0,1532886
-39780954,-57259256,1436264,2,bush,snowberry,0,1500,757,110000,0,1534288
-39775662,-57257500,1434690,2,bush,bramble-thicket,0,1500,800,102000,0,1535862
-39770042,-57257406,1431558,2,bush,red-huckleberry,0,2000,995,96000,0,1538994
-39756313,-57257898,1423999,2,bush,hazel-coppice,0,3000,541,80000,0,1546553
-39755475,-57257278,1423646,2,bush,rhododendron-thicket,0,3000,509,80000,0,1546906
-39751688,-57257805,1421506,2,bush,blackthorn-scrub,0,3000,659,80000,0,1549046
-39748670,-57257389,1420276,2,bush,red-huckleberry,0,2000,878,74000,0,1550276
-39684086,-57257918,1372839,2,bush,snowberry,0,1500,545,20000,0,1644771
-39682100,-57257920,1372227,2,bush,common-dogwood,1,2500,678,12000,0,1645383
-39677064,-57259111,1370832,2,grass,bracken,0,1500,379,12000,0,1646778
-39676414,-57257988,1370885,2,bush,common-dogwood,1,2500,376,12000,0,1646725
-39672979,-57258225,1370355,2,bush,gorse,0,1800,379,4000,0,1647255
-39668364,-57257975,1369971,2,bush,bramble-thicket,0,1500,341,4000,0,1647639
-39668104,-57258970,1369708,2,bush,gorse,0,1800,329,4000,0,1647902
-39665368,-57259270,1369593,2,bush,snowberry,0,1500,353,0,0,1648017
-39663508,-57258968,1369533,2,bush,snowberry,0,1500,334,0,0,1648077
-39657463,-57257702,1369408,2,bush,hazel-coppice,0,3000,307,0,0,1648202
-39654584,-57258270,1369032,2,bush,dog-rose,0,2500,316,0,0,1648578
-39649042,-57257573,1368754,2,grass,bracken,0,1500,323,0,153,1648856
-39647050,-57257703,1368594,2,bush,elder,0,3000,358,0,0,1649016
-39643593,-57259382,1367696,2,bush,red-huckleberry,0,2000,231,4000,0,1649914
-39638216,-57259140,1367637,2,bush,snowberry,0,1500,26,4000,0,1649973
-39632210,-57258544,1367724,2,tree,temperate-sapling,0,4500,103,12000,0,1649886
-39629557,-57259149,1367819,2,bush,bramble-thicket,0,1500,97,18000,0,1696849
-39625810,-57257862,1367976,2,bush,dog-rose,0,2500,56,18000,0,1696692
-39620187,-57258491,1367990,2,bush,box,0,2000,50,26000,0,1696678
-39614392,-57257516,1368329,2,tree,temperate-sapling,0,4500,225,26000,0,1696339
-39609538,-57259359,1368406,2,bush,bramble-thicket,0,1500,228,26000,0,1696262
-39607151,-57258086,1368740,2,bush,common-dogwood,1,2500,160,24000,0,1695928
-39602237,-57258114,1368649,2,bush,common-dogwood,1,2500,124,24000,0,1696019
-39601043,-57258799,1368541,2,bush,rhododendron-thicket,0,3000,161,24000,0,1696127
-39594782,-57258994,1368317,2,bush,bramble-thicket,0,1500,150,20000,0,1696351
-39591907,-57259233,1368286,2,tree,temperate-sapling,0,4500,165,16000,0,1696382
-39586639,-57258371,1368055,2,bush,common-dogwood,1,2500,112,16000,0,1696613
-39579482,-57258288,1367788,2,bush,blackthorn-scrub,0,3000,49,14000,0,1696880
-39576036,-57257349,1367750,2,bush,elder,0,3000,49,10000,0,1696918
-39560308,-57257676,1367528,2,tree,temperate-sapling,0,4500,21,4000,0,1744198
-39556236,-57257925,1367493,2,bush,hazel-coppice,0,3000,10,4000,0,1744233
-39552878,-57259304,1367446,2,bush,bramble-thicket,0,1500,30,4000,0,1744280
-39546824,-57258120,1367359,2,bush,rhododendron-thicket,0,3000,19,2000,0,1744367
-39544853,-57258679,1367361,2,bush,snowberry,0,1500,36,2000,0,1744365
-39539897,-57259049,1367298,2,rock,streambed-cascade-block,1,1200,101,2000,0,1744428
-39534808,-57257297,1367275,2,bush,blackthorn-scrub,0,3000,30,2000,0,1744451
-39530379,-57258678,1367248,2,bush,mountain-laurel,0,3000,66,0,0,1744478
-39792790,-57255006,1440161,2,bush,blackthorn-scrub,0,3000,276,118000,0,1530391
-39783871,-57255601,1438083,2,bush,bramble-thicket,0,1500,432,110000,0,1532469
-39782239,-57257003,1437344,2,bush,red-huckleberry,0,2000,491,110000,0,1533208
-39774874,-57255125,1434989,2,bush,blackthorn-scrub,0,3000,795,102000,0,1535563
-39772024,-57256418,1433059,2,bush,snowberry,0,1500,913,96000,0,1537493
-39765423,-57257174,1428467,2,bush,red-huckleberry,0,2000,907,96000,0,1542085
-39760350,-57256280,1425803,2,bush,bramble-thicket,0,1500,832,88000,0,1544749
-39757902,-57256575,1424645,2,bush,hazel-coppice,0,3000,566,88000,0,1545907
-39750100,-57256300,1421309,2,bush,hazel-coppice,0,3000,760,80000,0,1549243
-39682450,-57255984,1372754,2,bush,common-broom,0,2000,328,12000,0,1644856
-39680336,-57256261,1372084,2,bush,guelder-rose,1,3000,628,12000,0,1645526
-39676883,-57256297,1371299,2,bush,box,0,2000,398,12000,0,1646311
-39671056,-57256889,1370468,2,bush,guelder-rose,1,3000,320,4000,0,1647142
-39670026,-57255249,1370761,2,bush,common-dogwood,1,2500,231,4000,0,1646849
-39658893,-57256747,1369740,2,bush,rhododendron-thicket,0,3000,329,0,0,1647870
-39657097,-57255514,1369877,2,tree,temperate-sapling,0,4500,318,0,0,1647733
-39653670,-57257189,1369198,2,bush,blackthorn-scrub,0,3000,316,0,0,1648412
-39649479,-57256851,1368974,2,bush,witch-hazel,0,3000,322,0,0,1648636
-39647066,-57257058,1368786,2,bush,witch-hazel,0,3000,352,0,0,1648824
-39643261,-57256831,1368304,2,bush,guelder-rose,1,3000,484,4000,0,1649306
-39639848,-57255308,1368222,2,bush,common-dogwood,1,2500,499,4000,0,1649388
-39637973,-57255617,1367793,2,bush,bramble-thicket,0,1500,223,4000,0,1649817
-39636211,-57256014,1367759,2,bush,guelder-rose,1,3000,95,12000,0,1649851
-39632007,-57255106,1367979,2,bush,mountain-laurel,0,3000,133,12000,0,1649631
-39627973,-57255895,1368108,2,bush,bramble-thicket,0,1500,75,18000,0,1696560
-39611680,-57256323,1368698,2,bush,rhododendron-thicket,0,3000,297,26000,0,1695970
-39601429,-57256121,1368884,2,grass,bracken,0,1500,159,24000,0,1695784
-39595665,-57255900,1368735,2,bush,common-dogwood,1,2500,160,20000,0,1695933
-39592244,-57255833,1368674,2,bush,guelder-rose,1,3000,164,16000,0,1695994
-39589230,-57255332,1368492,2,grass,bracken,0,1500,158,16000,0,1696176
-39587930,-57255425,1368343,2,bush,elder,0,3000,154,16000,0,1696325
-39581904,-57256417,1367912,2,bush,hazel-coppice,0,3000,74,14000,0,1696756
-39552783,-57257188,1367423,2,bush,guelder-rose,1,3000,41,4000,0,1744303
-39550508,-57256098,1367401,2,bush,rhododendron-thicket,0,3000,4,4000,0,1744325
-39548620,-57256395,1367399,2,bush,elder,0,3000,6,4000,0,1744327
-39545664,-57255456,1367341,2,bush,guelder-rose,1,3000,43,2000,0,1744385
-39543178,-57256847,1367364,2,bush,mountain-laurel,0,3000,6,2000,0,1744362
-39533685,-57257034,1367277,2,bush,mountain-laurel,0,3000,25,2000,0,1744449
-39528812,-57256050,1367173,2,bush,common-dogwood,1,2500,31,0,0,1744553
-39794518,-57252848,1440642,2,bush,bramble-thicket,0,1500,144,120000,0,1529910
-39792369,-57253107,1440303,2,bush,witch-hazel,0,3000,237,120000,0,1530249
-39790882,-57254511,1439905,2,bush,rhododendron-thicket,0,3000,334,120000,0,1530647
-39787279,-57254452,1439044,2,grass,bracken,0,1500,352,112000,0,1531508
-39784868,-57254246,1438584,2,bush,snowberry,0,1500,397,112000,0,1531968
-39784218,-57253863,1438454,2,bush,rhododendron-thicket,0,3000,398,112000,0,1532098
-39781196,-57254570,1437404,2,bush,red-huckleberry,0,2000,555,112000,0,1533148
-39761670,-57253820,1427434,2,bush,blackthorn-scrub,0,3000,804,90000,0,1543118
-39755604,-57254880,1423556,2,bush,blackthorn-scrub,0,3000,550,84000,0,1546996
-39753700,-57253628,1423297,2,bush,bramble-thicket,0,1500,626,84000,0,1547255
-39750030,-57253039,1422663,2,bush,box,0,2000,754,84000,0,1547889
-39748828,-57252818,1421960,2,bush,bramble-thicket,0,1500,853,76000,0,1548592
-39673876,-57254443,1371210,2,bush,common-dogwood,1,2500,334,10000,0,1646400
-39671085,-57253308,1371221,2,bush,gorse,0,1800,304,10000,0,1646389
-39666826,-57254518,1370647,2,bush,witch-hazel,0,3000,209,8000,0,1646963
-39661800,-57252987,1370571,2,bush,common-dogwood,1,2500,182,8000,0,1647039
-39657979,-57254489,1370154,2,bush,dog-rose,0,2500,281,2000,0,1647456
-39650882,-57252879,1370114,2,bush,bramble-thicket,0,1500,302,0,0,1647496
-39645419,-57254029,1369203,2,bush,common-dogwood,1,2500,364,0,0,1648407
-39643484,-57253799,1369116,2,tree,temperate-sapling,0,4500,399,4000,0,1648494
-39640965,-57253901,1368904,2,bush,rhododendron-thicket,0,3000,452,4000,0,1648706
-39632808,-57254906,1367953,2,bush,common-broom,0,2000,126,12000,0,1649657
-39621208,-57253111,1368422,2,bush,blackthorn-scrub,0,3000,154,28000,0,1696246
-39618348,-57253633,1368570,2,bush,blackthorn-scrub,0,3000,276,28000,0,1696098
-39611167,-57254369,1369051,2,bush,witch-hazel,0,3000,259,34000,0,1695617
-39609343,-57254290,1369155,2,bush,red-huckleberry,0,2000,226,34000,0,1695513
-39607111,-57252862,1369392,2,bush,rhododendron-thicket,0,3000,142,30000,0,1695276
-39600700,-57252811,1369279,2,bush,common-broom,0,2000,175,30000,0,1695389
-39598973,-57254322,1369037,2,bush,elder,0,3000,182,26000,0,1695631
-39594408,-57254950,1368836,2,bush,bramble-thicket,0,1500,186,26000,0,1695832
-39587564,-57254310,1368364,2,bush,common-dogwood,1,2500,154,24000,0,1696304
-39582592,-57253365,1368122,2,tree,temperate-sapling,0,4500,103,20000,0,1696546
-39576343,-57252912,1367946,2,bush,blackthorn-scrub,0,3000,116,16000,0,1696722
-39573006,-57253722,1367774,2,bush,common-broom,0,2000,73,16000,0,1696894
-39569592,-57253113,1367706,2,bush,guelder-rose,1,3000,66,12000,0,1744020
-39561332,-57253133,1367510,2,bush,rhododendron-thicket,0,3000,22,12000,0,1744216
-39553674,-57254659,1367405,2,bush,bramble-thicket,0,1500,14,10000,0,1744321
-39550734,-57254778,1367400,2,grass,bracken,0,1500,0,10000,0,1744326
-39545132,-57254336,1367312,2,bush,dog-rose,0,2500,25,10000,0,1744414
-39541621,-57254795,1367311,2,tree,temperate-sapling,0,4500,22,10000,0,1744415
-39539928,-57253487,1367304,2,tree,temperate-sapling,0,4500,10,10000,0,1744422
-39537026,-57254258,1367297,2,grass,bracken,0,1500,5,10000,0,1744429
-39793309,-57251694,1440545,2,bush,dog-rose,0,2500,170,120000,0,1530007
-39789437,-57251054,1439953,2,bush,bramble-thicket,0,1500,280,120000,0,1530599
-39786984,-57251315,1439346,2,bush,elder,0,3000,351,112000,0,1531206
-39778077,-57250947,1437239,2,grass,bracken,0,1500,430,104000,0,1533313
-39772417,-57251363,1434598,2,bush,snowberry,0,1500,825,98000,0,1535954
-39768140,-57250886,1431850,2,bush,bramble-thicket,0,1500,908,98000,0,1538702
-39763493,-57252215,1428871,2,bush,witch-hazel,0,3000,814,90000,0,1541681
-39762778,-57251554,1428650,2,bush,box,0,2000,769,90000,0,1541902
-39759259,-57250945,1426989,2,bush,elder,0,3000,792,90000,0,1543563
-39753319,-57250975,1424145,2,bush,hazel-coppice,0,3000,676,84000,0,1546407
-39751780,-57250827,1423678,2,bush,elder,0,3000,671,84000,0,1546874
-39746154,-57250915,1421950,2,bush,witch-hazel,0,3000,785,76000,0,1548602
-39739781,-57251515,1419292,2,bush,rhododendron-thicket,0,3000,812,70000,0,1551260
-39738325,-57251377,1418648,2,bush,hazel-coppice,0,3000,793,70000,0,1551904
-39735591,-57252764,1416868,2,bush,bramble-thicket,0,1500,880,70000,0,1553684
-39733862,-57250968,1416543,2,bush,red-huckleberry,0,2000,822,62000,0,1554009
-39730597,-57252579,1413771,2,bush,bramble-thicket,0,1500,990,62000,0,1556781
-39699589,-57251830,1387893,2,bush,bramble-thicket,0,1500,872,36000,0,1629717
-39679862,-57251392,1373706,2,bush,guelder-rose,1,3000,821,16000,0,1643904
-39670549,-57251342,1371581,2,bush,common-broom,0,2000,365,10000,0,1646029
-39670046,-57251394,1371497,2,bush,box,0,2000,352,10000,0,1646113
-39665238,-57252773,1370790,2,bush,blackthorn-scrub,0,3000,186,8000,0,1646820
-39661053,-57251867,1370735,2,bush,witch-hazel,0,3000,215,8000,0,1646875
-39642266,-57251162,1369701,2,bush,hazel-coppice,0,3000,420,4000,0,1647909
-39635871,-57251496,1368742,2,bush,snowberry,0,1500,538,12000,0,1648868
-39633634,-57251112,1368373,2,bush,guelder-rose,1,3000,423,12000,0,1649237
-39629773,-57252460,1368342,2,bush,gorse,0,1800,128,20000,0,1696326
-39625359,-57252143,1368409,2,bush,rhododendron-thicket,0,3000,132,20000,0,1696259
-39622031,-57250732,1368714,2,bush,bramble-thicket,0,1500,260,28000,0,1695954
-39620002,-57252355,1368630,2,bush,common-dogwood,1,2500,246,28000,0,1696038
-39619696,-57252698,1368612,2,bush,elder,0,3000,253,28000,0,1696056
-39616312,-57251870,1369051,2,grass,bracken,0,1500,328,28000,0,1695617
-39614857,-57252310,1369118,2,bush,blackthorn-scrub,0,3000,359,34000,0,1695550
-39611839,-57252576,1369347,2,bush,snowberry,0,1500,258,34000,0,1695321
-39605681,-57252243,1369439,2,bush,snowberry,0,1500,162,30000,0,1695229
-39588975,-57251882,1368686,2,bush,elder,0,3000,185,24000,0,1695982
-39585883,-57251191,1368491,2,grass,bracken,0,1500,164,24000,0,1696177
-39582742,-57252225,1368209,2,grass,bracken,0,1500,132,20000,0,1696459
-39579267,-57250689,1368243,2,bush,bramble-thicket,0,1500,103,20000,0,1696425
-39575338,-57252721,1367911,2,bush,dog-rose,0,2500,114,16000,0,1696757
-39566889,-57251815,1367691,2,bush,guelder-rose,1,3000,90,12000,0,1744035
-39559506,-57251632,1367535,2,bush,rhododendron-thicket,0,3000,59,12000,0,1744191
-39551417,-57250739,1367539,2,grass,bracken,0,1500,53,10000,0,1744187
-39548687,-57252685,1367407,2,bush,elder,0,3000,29,10000,0,1744319
-39546424,-57252170,1367358,2,bush,hazel-coppice,0,3000,55,10000,0,1744368
-39539857,-57250690,1367394,2,bush,mountain-laurel,0,3000,51,10000,0,1744332
-39534133,-57252798,1367249,2,grass,bracken,0,1500,10,10000,0,1744477
-39533089,-57252751,1367250,2,bush,hazel-coppice,0,3000,3,10000,0,1744476
-39530893,-57251499,1367222,2,bush,rhododendron-thicket,0,3000,33,8000,0,1744504
-39528833,-57251657,1367207,2,bush,box,0,2000,17,8000,0,1744519
-39793365,-57248635,1440662,2,bush,snowberry,0,1500,95,120000,0,1529890
-39788525,-57250314,1439826,2,bush,box,0,2000,307,120000,0,1530726
-39786311,-57249685,1439467,2,bush,common-broom,0,2000,349,112000,0,1531085
-39783764,-57250205,1438860,2,bush,bramble-thicket,0,1500,363,112000,0,1531692
-39778749,-57248937,1437676,2,grass,bracken,0,1500,365,104000,0,1532876
-39778033,-57248413,1437583,2,bush,bramble-thicket,0,1500,392,104000,0,1532969
-39771676,-57248800,1434664,2,bush,elder,0,3000,824,98000,0,1535888
-39769128,-57249554,1432773,2,bush,bramble-thicket,0,1500,891,98000,0,1537779
-39764364,-57249923,1429701,2,bush,elder,0,3000,789,90000,0,1540851
-39762800,-57249943,1428777,2,bush,witch-hazel,0,3000,768,90000,0,1541775
-39759078,-57248563,1427578,2,bush,blackthorn-scrub,0,3000,725,90000,0,1542974
-39755440,-57248402,1425952,2,bush,blackthorn-scrub,0,3000,746,84000,0,1544600
-39746591,-57249579,1422675,2,bush,hazel-coppice,0,3000,680,76000,0,1547877
-39743417,-57250484,1421299,2,bush,elder,0,3000,760,76000,0,1549253
-39738765,-57250243,1419014,2,bush,hazel-coppice,0,3000,731,70000,0,1551538
-39733053,-57248480,1416567,2,bush,blackthorn-scrub,0,3000,720,62000,0,1553985
-39728762,-57249155,1414541,2,bush,dog-rose,0,2500,819,62000,0,1556011
-39723723,-57248646,1413573,2,bush,hazel-coppice,0,3000,649,56000,0,1556979
-39680742,-57249145,1375027,2,bush,bramble-thicket,0,1500,930,16000,0,1642583
-39667674,-57249270,1371694,2,bush,snowberry,0,1500,387,10000,0,1645916
-39664726,-57249889,1371313,2,bush,bramble-thicket,0,1500,285,8000,0,1646297
-39660232,-57250100,1371077,2,bush,hazel-coppice,0,3000,282,8000,0,1646533
-39656352,-57249450,1370973,2,grass,bracken,0,1500,278,2000,0,1646637
-39650281,-57248831,1370885,2,bush,hazel-coppice,0,3000,213,0,164,1646725
-39647192,-57250533,1370342,2,bush,bramble-thicket,0,1500,342,0,0,1647268
-39646009,-57249651,1370375,2,bush,box,0,2000,333,0,0,1647235
-39642744,-57250500,1369954,2,bush,gorse,0,1800,390,4000,0,1647656
-39639527,-57249399,1369880,2,bush,bramble-thicket,0,1500,449,4000,0,1647730
-39630942,-57250063,1368469,2,bush,gorse,0,1800,104,12000,0,1649141
-39616093,-57249909,1369426,2,bush,red-huckleberry,0,2000,384,28000,0,1695242
-39613996,-57250153,1369780,2,bush,bramble-thicket,0,1500,321,34000,0,1694888
-39604420,-57250064,1369735,2,grass,bracken,0,1500,179,30000,0,1694933
-39588004,-57248692,1368921,2,bush,mountain-laurel,0,3000,215,24000,0,1695747
-39583966,-57248669,1368621,2,tree,temperate-sapling,0,4500,166,20000,0,1696047
-39577147,-57249627,1368261,2,bush,snowberry,0,1500,135,16000,0,1696407
-39575596,-57248417,1368316,2,bush,rhododendron-thicket,0,3000,157,16000,0,1696352
-39571172,-57249517,1368013,2,bush,bramble-thicket,0,1500,104,16000,0,1696655
-39567525,-57248466,1367930,2,bush,common-dogwood,1,2500,138,12000,0,1743796
-39562145,-57248475,1367782,2,bush,mountain-laurel,0,3000,106,12000,0,1743944
-39559610,-57248663,1367722,2,bush,dog-rose,0,2500,100,12000,0,1744004
-39547980,-57248576,1367659,2,bush,guelder-rose,1,3000,94,10000,0,1744067
-39545728,-57249299,1367566,2,bush,mountain-laurel,0,3000,106,10000,0,1744160
-39542333,-57250091,1367477,2,bush,bramble-thicket,0,1500,69,10000,0,1744249
-39538321,-57249005,1367438,2,bush,mountain-laurel,0,3000,82,10000,0,1744288
-39533093,-57249004,1367405,2,grass,bracken,0,1500,92,10000,0,1744321
-39531617,-57249475,1367366,2,bush,guelder-rose,1,3000,89,8000,0,1744360
-39527798,-57249542,1367304,2,bush,blackthorn-scrub,0,3000,72,8000,0,1744422
-39788197,-57248316,1439928,2,bush,witch-hazel,0,3000,278,120000,0,1530624
-39785469,-57246826,1439524,2,bush,rhododendron-thicket,0,3000,318,114000,0,1531028
-39771963,-57247145,1435216,2,bush,red-huckleberry,0,2000,714,100000,0,1535336
-39770973,-57248289,1434317,2,bush,rhododendron-thicket,0,3000,849,98000,0,1536235
-39766202,-57246708,1431648,2,bush,gorse,0,1800,848,100000,0,1538904
-39764165,-57247488,1429995,2,bush,rhododendron-thicket,0,3000,826,94000,0,1540557
-39762778,-57248382,1429154,2,bush,red-huckleberry,0,2000,758,90000,0,1541398
-39760594,-57247807,1428372,2,bush,blackthorn-scrub,0,3000,732,90000,0,1542180
-39755975,-57247538,1426505,2,bush,box,0,2000,712,84000,0,1544047
-39752009,-57247274,1424991,2,bush,hazel-coppice,0,3000,582,86000,0,1545561
-39749110,-57246472,1424415,2,bush,bramble-thicket,0,1500,546,80000,0,1546137
-39745876,-57248077,1422881,2,bush,witch-hazel,0,3000,588,76000,0,1547671
-39740192,-57246791,1420377,2,bush,dog-rose,0,2500,632,72000,0,1550175
-39735312,-57246649,1418033,2,bush,bramble-thicket,0,1500,632,72000,0,1552519
-39728755,-57246631,1415553,2,bush,red-huckleberry,0,2000,564,66000,0,1554999
-39726518,-57247828,1414547,2,bush,red-huckleberry,0,2000,638,56000,0,1556005
-39717426,-57246705,1412231,2,bush,box,0,2000,547,52000,0,1605379
-39694836,-57246720,1386485,2,bush,bramble-thicket,0,1500,892,32000,0,1631125
-39680733,-57248261,1375514,2,bush,gorse,0,1800,928,16000,0,1642096
-39677604,-57248021,1374567,2,bush,witch-hazel,0,3000,812,16000,0,1643043
-39676712,-57247111,1374579,2,bush,mountain-laurel,0,3000,761,20000,0,1643031
-39674676,-57247511,1373574,2,bush,bramble-thicket,0,1500,659,10000,0,1644036
-39671265,-57246866,1373062,2,bush,hazel-coppice,0,3000,525,16000,0,1644548
-39664503,-57246559,1372165,2,bush,box,0,2000,358,10000,0,1645445
-39662385,-57247192,1372054,2,bush,hazel-coppice,0,3000,350,10000,0,1645556
-39660311,-57246522,1372110,2,bush,blackthorn-scrub,0,3000,366,10000,0,1645500
-39656372,-57247212,1371607,2,bush,rhododendron-thicket,0,3000,350,2000,0,1646003
-39648804,-57247847,1371020,2,bush,common-dogwood,1,2500,219,0,29,1646590
-39642330,-57247738,1370699,2,bush,common-dogwood,1,2500,369,4000,0,1646911
-39639639,-57246966,1370652,2,bush,snowberry,0,1500,421,4000,0,1646958
-39639372,-57246230,1370796,2,bush,box,0,2000,421,4000,0,1646814
-39629912,-57247379,1369023,2,bush,mountain-laurel,0,3000,487,20000,0,1695645
-39625802,-57246379,1369135,2,grass,bracken,0,1500,288,20000,0,1695533
-39618094,-57246844,1369989,2,bush,common-dogwood,1,2500,405,28000,0,1694679
-39611357,-57246660,1370542,2,bush,snowberry,0,1500,217,34000,0,1694126
-39605148,-57247783,1370131,2,bush,common-dogwood,1,2500,254,30000,0,1694537
-39601374,-57246443,1370463,2,bush,bramble-thicket,0,1500,225,36000,0,1694205
-39599923,-57247825,1370183,2,grass,bracken,0,1500,205,26000,0,1694485
-39596519,-57246286,1370285,2,bush,rhododendron-thicket,0,3000,234,34000,0,1694383
-39579566,-57246867,1368618,2,bush,bramble-thicket,0,1500,142,26000,0,1696050
-39572409,-57247070,1368293,2,tree,temperate-sapling,0,4500,158,22000,0,1696375
-39569498,-57246929,1368158,2,bush,guelder-rose,1,3000,114,20000,0,1743568
-39567397,-57247786,1367993,2,bush,rhododendron-thicket,0,3000,149,12000,0,1743733
-39560683,-57247725,1367813,2,bush,common-dogwood,1,2500,105,12000,0,1743913
-39559427,-57246481,1367899,2,bush,guelder-rose,1,3000,105,20000,0,1743827
-39552571,-57247579,1367724,2,bush,guelder-rose,1,3000,82,10000,0,1744002
-39550246,-57247729,1367722,2,bush,snowberry,0,1500,101,10000,0,1744004
-39540273,-57247762,1367564,2,bush,blackthorn-scrub,0,3000,104,10000,0,1744162
-39534474,-57246846,1367633,2,bush,rhododendron-thicket,0,3000,116,16000,0,1744093
-39533965,-57248261,1367484,2,bush,common-dogwood,1,2500,107,10000,0,1744242
-39531395,-57247972,1367470,2,bush,red-huckleberry,0,2000,81,8000,0,1744256
-39793794,-57246136,1440690,2,bush,rhododendron-thicket,0,3000,34,122000,0,1529862
-39791682,-57245728,1440586,2,bush,snowberry,0,1500,128,122000,0,1529966
-39783281,-57244710,1439311,2,bush,dog-rose,0,2500,326,114000,0,1531241
-39779525,-57244238,1438414,2,bush,bramble-thicket,0,1500,370,106000,0,1532138
-39770284,-57245517,1434770,2,bush,red-huckleberry,0,2000,824,100000,0,1535782
-39769384,-57244917,1434216,2,bush,dog-rose,0,2500,884,100000,0,1536336
-39756338,-57245887,1427215,2,bush,red-huckleberry,0,2000,700,86000,0,1543337
-39755796,-57245254,1427071,2,bush,snowberry,0,1500,681,86000,0,1543481
-39752216,-57244960,1425744,2,bush,rhododendron-thicket,0,3000,619,86000,0,1544808
-39751042,-57244169,1425511,2,bush,dog-rose,0,2500,598,86000,0,1545041
-39746035,-57244483,1423482,2,bush,blackthorn-scrub,0,3000,528,80000,0,1547070
-39744526,-57245695,1422579,2,bush,hazel-coppice,0,3000,532,80000,0,1547973
-39737137,-57244298,1419140,2,bush,blackthorn-scrub,0,3000,552,72000,0,1551412
-39729413,-57244566,1416162,2,bush,snowberry,0,1500,472,66000,0,1554390
-39727560,-57246046,1415368,2,bush,red-huckleberry,0,2000,505,66000,0,1555184
-39725005,-57244363,1415087,2,grass,bracken,0,1500,427,60000,0,1555465
-39721049,-57244128,1413879,2,grass,bracken,0,1500,437,60000,0,1556673
-39716389,-57244244,1412097,2,bush,snowberry,0,1500,594,52000,0,1605513
-39697456,-57245202,1388258,2,tree,temperate-sapling,0,4500,748,32000,0,1629352
-39695250,-57244645,1387240,2,tree,temperate-sapling,0,4500,741,32000,0,1630370
-39693664,-57245871,1386026,2,bush,bramble-thicket,0,1500,944,32000,0,1631584
-39682845,-57246098,1377524,2,bush,common-dogwood,1,2500,798,26000,0,1640086
-39680575,-57244708,1377109,2,tree,temperate-sapling,0,4500,835,20000,0,1640501
-39671604,-57245834,1373421,2,bush,common-dogwood,1,2500,562,16000,0,1644189
-39668170,-57245702,1372841,2,bush,elder,0,3000,418,16000,0,1644769
-39665123,-57245874,1372387,2,bush,common-broom,0,2000,377,10000,0,1645223
-39653630,-57245510,1371897,2,bush,mountain-laurel,0,3000,397,2000,0,1645713
-39651591,-57244664,1371988,2,bush,rhododendron-thicket,0,3000,376,0,0,1645622
-39647905,-57244972,1371613,2,grass,bracken,0,1500,352,0,0,1645997
-39642255,-57244208,1371625,2,bush,rhododendron-thicket,0,3000,332,4000,0,1645985
-39636344,-57244880,1370814,2,bush,red-huckleberry,0,2000,469,12000,0,1646796
-39634614,-57244157,1371054,2,bush,gorse,0,1800,494,12000,0,1646556
-39626024,-57244050,1369531,2,bush,common-dogwood,1,2500,286,20000,0,1695137
-39615591,-57245414,1370615,2,bush,bramble-thicket,0,1500,300,28000,0,1694053
-39614819,-57246031,1370566,2,bush,bramble-thicket,0,1500,259,34000,0,1694102
-39611361,-57244841,1370877,2,bush,hazel-coppice,0,3000,251,34000,0,1693791
-39608059,-57245527,1370550,2,bush,common-dogwood,1,2500,221,34000,0,1694118
-39602790,-57244627,1370828,2,grass,bracken,0,1500,260,36000,0,1693840
-39602098,-57245221,1370719,2,bush,elder,0,3000,237,36000,0,1693949
-39593892,-57245981,1370041,2,bush,mountain-laurel,0,3000,278,34000,0,1694627
-39592081,-57244005,1370105,2,bush,gorse,0,1800,299,30000,0,1694563
-39586181,-57244077,1369389,2,bush,bramble-thicket,0,1500,234,30000,0,1695279
-39579544,-57244860,1368827,2,bush,box,0,2000,149,26000,0,1695841
-39577962,-57245989,1368683,2,grass,bracken,0,1500,121,26000,0,1695985
-39572788,-57244549,1368582,2,bush,hazel-coppice,0,3000,168,22000,0,1696086
-39568402,-57244334,1368405,2,bush,red-huckleberry,0,2000,142,20000,0,1743321
-39564901,-57244598,1368214,2,tree,temperate-sapling,0,4500,128,20000,0,1743512
-39558066,-57245551,1367938,2,bush,blackthorn-scrub,0,3000,98,20000,0,1743788
-39555576,-57245339,1367933,2,bush,elder,0,3000,74,20000,0,1743793
-39547233,-57245508,1368010,2,bush,hazel-coppice,0,3000,128,18000,0,1743716
-39547126,-57245670,1367997,2,bush,bramble-thicket,0,1500,130,18000,0,1743729
-39542115,-57245534,1367826,2,bush,blackthorn-scrub,0,3000,136,18000,0,1743900
-39534264,-57245772,1367757,2,bush,hazel-coppice,0,3000,123,16000,0,1743969
-39533489,-57245566,1367779,2,tree,temperate-sapling,0,4500,144,16000,0,1743947
-39531785,-57244828,1367835,2,bush,blackthorn-scrub,0,3000,190,16000,0,1743891
-39528646,-57244077,1367865,2,bush,elder,0,3000,173,16000,0,1743861
-39794045,-57243866,1440740,2,bush,bramble-thicket,0,1500,69,122000,0,1529812
-39792167,-57242616,1440731,2,bush,hazel-coppice,0,3000,74,122000,0,1529821
-39787183,-57243941,1440156,2,bush,bramble-thicket,0,1500,261,114000,0,1530396
-39786280,-57243704,1440022,2,bush,bramble-thicket,0,1500,281,114000,0,1530530
-39783653,-57242301,1439702,2,bush,gorse,0,1800,301,114000,0,1530850
-39774649,-57242775,1437163,2,bush,bramble-thicket,0,1500,498,106000,0,1533389
-39773643,-57243322,1436654,2,bush,red-huckleberry,0,2000,529,106000,0,1533898
-39767942,-57243670,1433349,2,bush,red-huckleberry,0,2000,892,100000,0,1537203
-39766496,-57243879,1432366,2,bush,dog-rose,0,2500,814,100000,0,1538186
-39761328,-57243945,1430076,2,bush,dog-rose,0,2500,764,94000,0,1540476
-39759025,-57242400,1429558,2,bush,box,0,2000,746,94000,0,1540994
-39750028,-57243697,1425239,2,bush,dog-rose,0,2500,588,86000,0,1545313
-39745578,-57243361,1423248,2,bush,red-huckleberry,0,2000,532,80000,0,1547304
-39740659,-57243282,1420915,2,bush,witch-hazel,0,3000,534,72000,0,1549637
-39731694,-57243907,1416937,2,bush,elder,0,3000,490,66000,0,1553615
-39729050,-57243237,1416327,2,bush,rhododendron-thicket,0,3000,401,66000,0,1554225
-39723002,-57243376,1414572,2,bush,red-huckleberry,0,2000,421,60000,0,1555980
-39693019,-57241979,1386559,2,bush,red-huckleberry,0,2000,768,32000,0,1631051
-39682498,-57243628,1378200,2,bush,snowberry,0,1500,792,20000,0,1639410
-39675097,-57242638,1375481,2,bush,rhododendron-thicket,0,3000,693,20000,0,1642129
-39668835,-57243564,1373703,2,bush,dog-rose,0,2500,478,16000,0,1643907
-39666953,-57242343,1373824,2,bush,hazel-coppice,0,3000,447,10000,0,1643786
-39659563,-57241954,1373390,2,bush,bramble-thicket,0,1500,373,2000,0,1644220
-39658411,-57242190,1373148,2,tree,temperate-sapling,0,4500,371,2000,0,1644462
-39655546,-57243989,1372526,2,tree,temperate-sapling,0,4500,376,2000,0,1645084
-39648580,-57243721,1372050,2,bush,mountain-laurel,0,3000,372,0,0,1645560
-39645612,-57242335,1372277,2,bush,common-dogwood,1,2500,380,0,0,1645333
-39637902,-57243489,1371491,2,bush,guelder-rose,1,3000,416,4000,0,1646119
-39636473,-57242786,1371584,2,bush,red-huckleberry,0,2000,453,12000,0,1646026
-39631541,-57243541,1370888,2,bush,snowberry,0,1500,546,12000,0,1646722
-39626013,-57242591,1369989,2,tree,temperate-sapling,0,4500,425,20000,0,1694679
-39623237,-57243365,1370298,2,bush,common-dogwood,1,2500,555,20000,0,1694370
-39620734,-57241883,1370826,2,bush,common-dogwood,1,2500,165,28000,0,1693842
-39618011,-57242326,1371235,2,bush,hazel-coppice,0,3000,335,28000,0,1693433
-39616276,-57243265,1371203,2,bush,mountain-laurel,0,3000,283,28000,0,1693465
-39612207,-57242022,1371422,2,bush,mountain-laurel,0,3000,279,34000,0,1693246
-39609349,-57242776,1371353,2,bush,blackthorn-scrub,0,3000,394,34000,0,1693315
-39608701,-57243863,1370960,2,bush,common-dogwood,1,2500,325,34000,0,1693708
-39604571,-57241882,1371685,2,bush,blackthorn-scrub,0,3000,401,36000,0,1692983
-39591296,-57242183,1370276,2,bush,rhododendron-thicket,0,3000,294,30000,0,1694392
-39588848,-57243835,1369681,2,bush,mountain-laurel,0,3000,270,30000,0,1694987
-39586313,-57242771,1369582,2,bush,bramble-thicket,0,1500,256,30000,0,1695086
-39576045,-57242283,1369019,2,tree,temperate-sapling,0,4500,192,22000,0,1695649
-39575191,-57242916,1368895,2,bush,witch-hazel,0,3000,167,22000,0,1695773
-39564996,-57243386,1368352,2,bush,common-dogwood,1,2500,121,20000,0,1743374
-39562371,-57243828,1368195,2,bush,mountain-laurel,0,3000,148,20000,0,1743531
-39558380,-57242319,1368212,2,bush,common-dogwood,1,2500,130,20000,0,1743514
-39551487,-57242453,1368256,2,bush,dog-rose,0,2500,178,18000,0,1743470
-39545047,-57241898,1368447,2,bush,witch-hazel,0,3000,198,18000,0,1743279
-39532645,-57243779,1368065,2,bush,mountain-laurel,0,3000,179,16000,0,1743661
-39789182,-57239934,1440613,2,bush,dog-rose,0,2500,132,124000,0,1529939
-39785634,-57240857,1440168,2,grass,bracken,0,1500,236,114000,0,1530384
-39781028,-57241645,1439150,2,bush,bramble-thicket,0,1500,402,114000,0,1531402
-39768496,-57240629,1434256,2,bush,rhododendron-thicket,0,3000,837,100000,0,1536296
-39763781,-57241604,1431715,2,bush,bramble-thicket,0,1500,802,94000,0,1538837
-39755298,-57241669,1427834,2,bush,red-huckleberry,0,2000,742,86000,0,1542718
-39743458,-57240643,1422382,2,bush,hazel-coppice,0,3000,545,80000,0,1548170
-39741846,-57239709,1421620,2,bush,hazel-coppice,0,3000,560,76000,0,1548932
-39738508,-57240293,1419944,2,bush,blackthorn-scrub,0,3000,532,72000,0,1550608
-39734776,-57240335,1418483,2,bush,blackthorn-scrub,0,3000,459,66000,0,1552069
-39730901,-57240320,1417197,2,bush,common-broom,0,2000,411,66000,0,1553355
-39726017,-57240278,1415886,2,bush,bramble-thicket,0,1500,430,60000,0,1554666
-39724480,-57241548,1415185,2,bush,elder,0,3000,385,60000,0,1555367
-39722302,-57240889,1414549,2,bush,gorse,0,1800,413,60000,0,1556003
-39696981,-57240976,1388791,2,bush,dog-rose,0,2500,673,32000,0,1628819
-39694755,-57241445,1387605,2,bush,bramble-thicket,0,1500,685,32000,0,1630005
-39694012,-57241420,1387201,2,bush,red-huckleberry,0,2000,700,32000,0,1630409
-39679385,-57241628,1377563,2,bush,blackthorn-scrub,0,3000,794,20000,0,1640047
-39675190,-57240252,1376416,2,bush,bramble-thicket,0,1500,716,20000,0,1641194
-39672743,-57240676,1375586,2,bush,red-huckleberry,0,2000,599,16000,0,1642024
-39671544,-57241135,1375144,2,bush,guelder-rose,1,3000,582,16000,0,1642466
-39670076,-57239886,1375223,2,bush,bramble-thicket,0,1500,551,18000,0,1642387
-39666617,-57241007,1374232,2,bush,guelder-rose,1,3000,454,10000,0,1643378
-39654642,-57241743,1373221,2,bush,blackthorn-scrub,0,3000,374,2000,0,1644389
-39643870,-57239926,1373067,2,tree,temperate-sapling,0,4500,446,4000,0,1644543
-39637986,-57241187,1372280,2,bush,red-huckleberry,0,2000,444,4000,0,1645330
-39631193,-57240635,1372012,2,bush,blackthorn-scrub,0,3000,604,12000,0,1645598
-39630725,-57241730,1371512,2,bush,common-dogwood,1,2500,571,12000,0,1646098
-39623911,-57240819,1370897,2,bush,elder,0,3000,353,20000,0,1693771
-39618206,-57241752,1371275,2,bush,gorse,0,1800,373,28000,0,1693393
-39609401,-57240386,1372191,2,bush,gorse,0,1800,414,34000,0,1692477
-39605240,-57240731,1372065,2,tree,temperate-sapling,0,4500,412,36000,0,1692603
-39602257,-57239909,1372336,2,bush,guelder-rose,1,3000,406,42000,0,1645274
-39600103,-57241682,1371526,2,bush,blackthorn-scrub,0,3000,392,36000,0,1693142
-39595726,-57241720,1370857,2,bush,bramble-thicket,0,1500,368,34000,0,1693811
-39583631,-57239604,1369759,2,bush,mountain-laurel,0,3000,243,32000,0,1694909
-39582250,-57240464,1369499,2,bush,box,0,2000,183,26000,0,1695169
-39570353,-57241306,1368923,2,bush,red-huckleberry,0,2000,172,22000,0,1695745
-39568197,-57241703,1368736,2,bush,dog-rose,0,2500,181,20000,0,1742990
-39557162,-57240840,1368342,2,tree,temperate-sapling,0,4500,144,20000,0,1743384
-39553152,-57240823,1368411,2,bush,mountain-laurel,0,3000,164,18000,0,1743315
-39548981,-57240947,1368598,2,bush,common-dogwood,1,2500,177,18000,0,1743128
-39544985,-57240765,1368622,2,grass,bracken,0,1500,201,18000,0,1743104
-39536274,-57239831,1368688,2,bush,snowberry,0,1500,224,24000,0,1695980
-39531381,-57239813,1368656,2,grass,bracken,0,1500,213,24000,0,1696012
-39791857,-57239538,1440813,2,bush,rhododendron-thicket,0,3000,58,124000,0,1529739
-39788925,-57238291,1440641,2,bush,bramble-thicket,0,1500,99,124000,0,1529911
-39781765,-57238915,1439625,2,bush,rhododendron-thicket,0,3000,323,116000,0,1530927
-39776243,-57239518,1438066,2,bush,box,0,2000,413,110000,0,1532486
-39774212,-57238248,1437580,2,bush,elder,0,3000,473,110000,0,1532972
-39762090,-57238480,1431735,2,bush,rhododendron-thicket,0,3000,832,96000,0,1538817
-39755262,-57239037,1428744,2,bush,rhododendron-thicket,0,3000,823,90000,0,1541808
-39753094,-57237546,1428159,2,bush,box,0,2000,794,90000,0,1542393
-39747821,-57237906,1425182,2,bush,bramble-thicket,0,1500,714,84000,0,1545370
-39745244,-57239401,1423407,2,bush,common-broom,0,2000,589,84000,0,1547145
-39745149,-57238268,1423548,2,bush,box,0,2000,613,84000,0,1547004
-39736748,-57239144,1419314,2,bush,dog-rose,0,2500,511,76000,0,1551238
-39735004,-57238481,1418760,2,bush,hazel-coppice,0,3000,475,76000,0,1551792
-39730274,-57238119,1417355,2,bush,dog-rose,0,2500,387,70000,0,1553197
-39723791,-57237473,1415280,2,bush,blackthorn-scrub,0,3000,444,62000,0,1555272
-39721321,-57238718,1414402,2,bush,gorse,0,1800,456,62000,0,1556150
-39720098,-57237919,1414084,2,bush,box,0,2000,401,62000,0,1556468
-39718042,-57237739,1413436,2,bush,rhododendron-thicket,0,3000,502,56000,0,1604174
-39715796,-57238923,1411657,2,bush,bramble-thicket,0,1500,757,56000,0,1605953
-39693927,-57237583,1387471,2,bush,snowberry,0,1500,637,36000,0,1630139
-39688940,-57238621,1384171,2,bush,common-dogwood,1,2500,861,30000,0,1633439
-39677040,-57238431,1377626,2,bush,guelder-rose,1,3000,741,26000,0,1639984
-39673529,-57238074,1376718,2,bush,mountain-laurel,0,3000,699,18000,0,1640892
-39672252,-57238227,1376296,2,bush,mountain-laurel,0,3000,648,18000,0,1641314
-39661009,-57238168,1374552,2,bush,guelder-rose,1,3000,350,10000,0,1643058
-39659353,-57238354,1374469,2,bush,witch-hazel,0,3000,341,2000,0,1643141
-39653076,-57238610,1374215,2,bush,red-huckleberry,0,2000,360,2000,0,1643395
-39644313,-57238845,1373645,2,bush,witch-hazel,0,3000,478,4000,0,1643965
-39643602,-57238673,1373736,2,bush,common-dogwood,1,2500,488,4000,0,1643874
-39641735,-57238976,1373695,2,bush,box,0,2000,499,4000,0,1643915
-39638735,-57238620,1373631,2,bush,bramble-thicket,0,1500,561,4000,0,1643979
-39635315,-57239340,1373003,2,bush,snowberry,0,1500,595,12000,0,1644607
-39633064,-57239592,1372765,2,bush,dog-rose,0,2500,624,12000,0,1644845
-39631265,-57238235,1373062,2,bush,bramble-thicket,0,1500,707,12000,0,1644548
-39630563,-57237778,1373075,2,bush,box,0,2000,737,12000,0,1644535
-39628209,-57239585,1371779,2,bush,elder,0,3000,682,20000,0,1645831
-39625090,-57237996,1371799,2,bush,bramble-thicket,0,1500,651,20000,0,1645811
-39607157,-57239351,1372580,2,bush,mountain-laurel,0,3000,474,42000,0,1645030
-39606120,-57238977,1372711,2,bush,bramble-thicket,0,1500,480,42000,0,1644899
-39596829,-57239448,1371695,2,bush,snowberry,0,1500,489,40000,0,1692973
-39593415,-57237889,1371360,2,bush,box,0,2000,386,40000,0,1693308
-39588589,-57238643,1370398,2,bush,mountain-laurel,0,3000,237,36000,0,1694270
-39585407,-57238270,1370204,2,bush,blackthorn-scrub,0,3000,301,36000,0,1694464
-39582285,-57237453,1370031,2,bush,blackthorn-scrub,0,3000,224,32000,0,1694637
-39570634,-57238893,1369221,2,bush,bramble-thicket,0,1500,203,30000,0,1695447
-39568724,-57237719,1369257,2,bush,common-broom,0,2000,188,28000,0,1695411
-39562543,-57237679,1368884,2,bush,bramble-thicket,0,1500,177,28000,0,1695784
-39559810,-57238763,1368667,2,bush,blackthorn-scrub,0,3000,161,26000,0,1696001
-39557485,-57238587,1368660,2,bush,red-huckleberry,0,2000,125,26000,0,1696008
-39555374,-57237506,1368838,2,tree,temperate-sapling,0,4500,164,26000,0,1695830
-39548068,-57239103,1368958,2,bush,common-dogwood,1,2500,204,26000,0,1695710
-39546567,-57238364,1369131,2,bush,hazel-coppice,0,3000,223,26000,0,1695537
-39543904,-57239020,1368851,2,bush,mountain-laurel,0,3000,215,26000,0,1695817
-39536452,-57237995,1369007,2,bush,bramble-thicket,0,1500,254,24000,0,1695661
-39533097,-57238739,1368935,2,grass,bracken,0,1500,211,24000,0,1695733
-39527101,-57237940,1368761,2,bush,red-huckleberry,0,2000,269,24000,0,1695907
-39787130,-57236958,1440516,2,bush,witch-hazel,0,3000,114,116000,0,1530036
-39775920,-57237120,1438244,2,bush,witch-hazel,0,3000,395,110000,0,1532308
-39768226,-57236830,1435014,2,bush,snowberry,0,1500,723,102000,0,1535538
-39765696,-57236959,1433911,2,bush,bramble-thicket,0,1500,750,102000,0,1536641
-39764947,-57236320,1433729,2,bush,dog-rose,0,2500,745,96000,0,1536823
-39758923,-57235538,1431569,2,bush,rhododendron-thicket,0,3000,779,96000,0,1538983
-39751780,-57236946,1427574,2,bush,rhododendron-thicket,0,3000,770,90000,0,1542978
-39745479,-57236603,1423943,2,bush,red-huckleberry,0,2000,686,84000,0,1546609
-39743147,-57235436,1422717,2,bush,rhododendron-thicket,0,3000,676,84000,0,1547835
-39735936,-57237118,1419209,2,bush,rhododendron-thicket,0,3000,501,76000,0,1551343
-39731133,-57235336,1417967,2,bush,bramble-thicket,0,1500,370,70000,0,1552585
-39728073,-57236805,1416884,2,bush,rhododendron-thicket,0,3000,411,70000,0,1553668
-39721552,-57237066,1414569,2,bush,bramble-thicket,0,1500,453,62000,0,1555983
-39718962,-57237229,1413802,2,grass,bracken,0,1500,339,56000,0,1603808
-39690271,-57236908,1385484,2,bush,blackthorn-scrub,0,3000,717,36000,0,1632126
-39689974,-57236788,1385291,2,bush,witch-hazel,0,3000,725,30000,0,1632319
-39676404,-57235412,1378525,2,bush,gorse,0,1800,689,26000,0,1639085
-39674150,-57236107,1377618,2,tree,temperate-sapling,0,4500,717,18000,0,1639992
-39668590,-57237217,1375944,2,bush,elder,0,3000,567,18000,0,1641666
-39668036,-57236291,1376151,2,bush,mountain-laurel,0,3000,563,18000,0,1641459
-39664131,-57236640,1375270,2,bush,box,0,2000,425,10000,0,1642340
-39661649,-57235818,1375317,2,bush,snowberry,0,1500,387,10000,0,1642293
-39661465,-57235593,1375393,2,bush,mountain-laurel,0,3000,384,10000,0,1642217
-39657214,-57237291,1374809,2,rock,streambed-cascade-block,1,1200,331,2000,0,1642801
-39650961,-57235263,1375289,2,grass,bracken,0,1500,424,0,0,1642321
-39649815,-57236690,1374601,2,bush,dog-rose,0,2500,420,0,0,1643009
-39646940,-57235707,1375060,2,bush,dog-rose,0,2500,489,0,0,1642550
-39644026,-57237069,1374568,2,bush,blackthorn-scrub,0,3000,515,4000,0,1643042
-39643830,-57236746,1374705,2,bush,mountain-laurel,0,3000,517,4000,0,1642905
-39635666,-57235428,1375270,2,tree,temperate-sapling,0,4500,661,12000,0,1642340
-39629707,-57236208,1373745,2,bush,red-huckleberry,0,2000,767,20000,0,1643865
-39626154,-57235533,1373414,2,bush,gorse,0,1800,745,20000,0,1644196
-39617658,-57237196,1372320,2,bush,common-dogwood,1,2500,434,28000,0,1645290
-39615729,-57236416,1372883,2,bush,red-huckleberry,0,2000,436,28000,0,1644727
-39613972,-57236112,1373370,2,bush,dog-rose,0,2500,438,34000,0,1644240
-39602119,-57237322,1373329,2,bush,rhododendron-thicket,0,3000,451,42000,0,1644281
-39598081,-57235261,1373385,2,bush,bramble-thicket,0,1500,509,40000,0,1691283
-39597268,-57235805,1373038,2,bush,witch-hazel,0,3000,511,40000,0,1691630
-39595294,-57237173,1372031,2,bush,elder,0,3000,588,40000,0,1692637
-39591587,-57236540,1371251,2,bush,red-huckleberry,0,2000,404,36000,0,1693417
-39589707,-57236257,1370967,2,bush,hazel-coppice,0,3000,350,36000,0,1693701
-39585408,-57235276,1370726,2,bush,elder,0,3000,347,36000,0,1693942
-39583422,-57235553,1370433,2,tree,temperate-sapling,0,4500,264,32000,0,1694235
-39574160,-57236206,1369737,2,bush,box,0,2000,179,30000,0,1694931
-39573219,-57236181,1369751,2,bush,common-dogwood,1,2500,203,30000,0,1694917
-39569180,-57236470,1369442,2,tree,temperate-sapling,0,4500,189,28000,0,1695226
-39566043,-57236764,1369210,2,bush,bramble-thicket,0,1500,199,28000,0,1695458
-39558111,-57235930,1369018,2,bush,dog-rose,0,2500,126,26000,0,1695650
-39549270,-57237189,1369279,2,tree,temperate-sapling,0,4500,238,26000,0,1695389
-39543321,-57235810,1369439,2,bush,bramble-thicket,0,1500,266,26000,0,1695229
-39535201,-57235798,1369510,2,bush,witch-hazel,0,3000,290,24000,0,1695158
-39532788,-57236270,1369455,2,bush,hazel-coppice,0,3000,239,24000,0,1695213
-39530291,-57235348,1369558,2,tree,temperate-sapling,0,4500,302,24000,0,1695110
-39527428,-57237300,1368919,2,bush,dog-rose,0,2500,269,24000,0,1695749
-39791019,-57234393,1440787,2,bush,bramble-thicket,0,1500,67,124000,0,1529765
-39788791,-57233621,1440656,2,bush,bramble-thicket,0,1500,72,124000,0,1529896
-39786283,-57235010,1440438,2,grass,bracken,0,1500,116,116000,0,1530114
-39784405,-57233670,1440251,2,bush,bramble-thicket,0,1500,129,116000,0,1530301
-39782530,-57234378,1439943,2,bush,hazel-coppice,0,3000,206,116000,0,1530609
-39772400,-57234099,1437526,2,bush,gorse,0,1800,468,102000,0,1533026
-39768414,-57233564,1436222,2,bush,bramble-thicket,0,1500,567,102000,0,1534330
-39767136,-57234394,1435498,2,bush,blackthorn-scrub,0,3000,648,102000,0,1535054
-39764671,-57233831,1434344,2,bush,bramble-thicket,0,1500,706,96000,0,1536208
-39754350,-57233229,1429960,2,bush,bramble-thicket,0,1500,784,90000,0,1540592
-39750930,-57235123,1427214,2,bush,common-broom,0,2000,795,90000,0,1543338
-39742675,-57233991,1422651,2,bush,bramble-thicket,0,1500,686,84000,0,1547901
-39737239,-57233456,1420185,2,bush,rhododendron-thicket,0,3000,564,76000,0,1550367
-39734533,-57234476,1419012,2,bush,red-huckleberry,0,2000,435,70000,0,1551540
-39732714,-57234644,1418450,2,bush,bramble-thicket,0,1500,394,70000,0,1552102
-39697057,-57233942,1389426,2,bush,witch-hazel,0,3000,675,36000,0,1628184
-39694090,-57235110,1387766,2,bush,rhododendron-thicket,0,3000,625,36000,0,1629844
-39691442,-57234681,1385958,2,bush,witch-hazel,0,3000,614,36000,0,1631652
-39684634,-57234481,1383090,2,bush,red-huckleberry,0,2000,862,30000,0,1634520
-39674547,-57233645,1378679,2,bush,common-dogwood,1,2500,640,18000,0,1638931
-39664153,-57234083,1376090,2,bush,mountain-laurel,0,3000,441,10000,0,1641520
-39661969,-57233785,1376041,2,bush,red-huckleberry,0,2000,421,10000,0,1641569
-39652539,-57234810,1375393,2,bush,hazel-coppice,0,3000,396,2000,0,1642217
-39649335,-57234215,1375828,2,bush,box,0,2000,472,0,220,1641782
-39647010,-57234945,1375448,2,bush,hazel-coppice,0,3000,510,0,0,1642162
-39646198,-57233552,1376168,2,bush,snowberry,0,1500,531,0,0,1641442
-39639988,-57233913,1376068,2,bush,dog-rose,0,2500,531,4000,0,1641542
-39638898,-57234991,1375681,2,bush,rhododendron-thicket,0,3000,539,4000,0,1641929
-39635297,-57234252,1375991,2,bush,blackthorn-scrub,0,3000,596,12000,0,1641619
-39632032,-57233529,1376037,2,bush,mountain-laurel,0,3000,798,12000,0,1641573
-39630084,-57234274,1375395,2,bush,bramble-thicket,0,1500,865,12000,0,1642215
-39626454,-57235036,1373860,2,bush,red-huckleberry,0,2000,764,20000,0,1643750
-39622666,-57233631,1374215,2,bush,red-huckleberry,0,2000,835,20000,0,1643395
-39618829,-57233965,1373387,2,tree,temperate-sapling,0,4500,806,28000,0,1644223
-39615858,-57233571,1373773,2,bush,hazel-coppice,0,3000,621,28000,0,1643837
-39614447,-57233507,1374127,2,bush,box,0,2000,639,34000,0,1643483
-39610748,-57233847,1374707,2,bush,snowberry,0,1500,577,34000,0,1642903
-39606949,-57233648,1374980,2,bush,dog-rose,0,2500,460,42000,0,1642630
-39602672,-57233008,1375011,2,bush,bramble-thicket,0,1500,506,42000,0,1642599
-39598774,-57233200,1374118,2,bush,elder,0,3000,532,40000,0,1690550
-39593013,-57234086,1372088,2,bush,common-dogwood,1,2500,542,40000,0,1692580
-39585094,-57234856,1370743,2,bush,bramble-thicket,0,1500,342,36000,0,1693925
-39575933,-57234350,1370099,2,bush,box,0,2000,194,30000,0,1694569
-39569410,-57235176,1369692,2,bush,guelder-rose,1,3000,225,28000,0,1694976
-39563870,-57233906,1369389,2,bush,blackthorn-scrub,0,3000,184,28000,0,1695279
-39545326,-57234331,1369884,2,bush,bramble-thicket,0,1500,282,26000,0,1694784
-39542984,-57235079,1369615,2,bush,gorse,0,1800,274,26000,0,1695053
-39791502,-57231424,1440680,2,bush,rhododendron-thicket,0,3000,83,126000,0,1529872
-39790943,-57231736,1440696,2,bush,witch-hazel,0,3000,85,126000,0,1529856
-39788428,-57231756,1440610,2,grass,bracken,0,1500,97,126000,0,1529942
-39782735,-57231599,1439990,2,bush,witch-hazel,0,3000,156,120000,0,1530562
-39779445,-57232520,1439410,2,bush,hazel-coppice,0,3000,251,110000,0,1531142
-39772975,-57232929,1437836,2,bush,dog-rose,0,2500,384,110000,0,1532716
-39769521,-57232546,1436712,2,bush,box,0,2000,537,102000,0,1533840
-39768854,-57230897,1436755,2,bush,bramble-thicket,0,1500,520,106000,0,1533797
-39761687,-57231040,1433880,2,bush,hazel-coppice,0,3000,652,100000,0,1536672
-39742627,-57232524,1422769,2,bush,rhododendron-thicket,0,3000,673,84000,0,1547783
-39727994,-57232509,1417015,2,bush,blackthorn-scrub,0,3000,398,70000,0,1553537
-39720602,-57231748,1414015,2,bush,witch-hazel,0,3000,619,66000,0,1556537
-39690707,-57231436,1386026,2,bush,snowberry,0,1500,557,40000,0,1631584
-39688367,-57231069,1385574,2,bush,guelder-rose,1,3000,577,32000,0,1632036
-39684254,-57232497,1383737,2,bush,red-huckleberry,0,2000,748,32000,0,1633873
-39676103,-57231539,1379830,2,bush,dog-rose,0,2500,834,26000,0,1637780
-39673966,-57232621,1378830,2,bush,hazel-coppice,0,3000,610,18000,0,1638780
-39670296,-57231378,1378189,2,bush,gorse,0,1800,615,18000,0,1639421
-39664043,-57232622,1376529,2,grass,bracken,0,1500,468,10000,0,1641081
-39660596,-57230915,1377068,2,bush,rhododendron-thicket,0,3000,441,10000,0,1640542
-39652852,-57231002,1376943,2,bush,guelder-rose,1,3000,478,2000,0,1640667
-39650884,-57231020,1377203,2,bush,box,0,2000,493,0,0,1640407
-39648455,-57231826,1377044,2,bush,rhododendron-thicket,0,3000,530,0,0,1640566
-39636092,-57231655,1377241,2,bush,common-dogwood,1,2500,554,12000,0,1640369
-39635119,-57231627,1377188,2,bush,common-broom,0,2000,568,12000,0,1640422
-39628541,-57231734,1376723,2,bush,common-broom,0,2000,834,20000,0,1640887
-39615871,-57231119,1374617,2,bush,common-dogwood,1,2500,597,28000,0,1642993
-39606812,-57232062,1375604,2,bush,guelder-rose,1,3000,487,42000,0,1642006
-39604552,-57231114,1375871,2,bush,box,0,2000,566,42000,0,1641739
-39598705,-57231450,1374567,2,bush,bramble-thicket,0,1500,554,46000,0,1690101
-39591540,-57232568,1372171,2,bush,common-dogwood,1,2500,429,36000,0,1692497
-39586040,-57231802,1371483,2,tree,temperate-sapling,0,4500,432,42000,0,1693185
-39582532,-57231333,1371000,2,tree,temperate-sapling,0,4500,281,40000,0,1693668
-39581584,-57231282,1370897,2,bush,bramble-thicket,0,1500,257,40000,0,1693771
-39579036,-57231504,1370645,2,bush,red-huckleberry,0,2000,192,40000,0,1694023
-39577672,-57232264,1370486,2,tree,temperate-sapling,0,4500,176,40000,0,1694182
-39564072,-57231005,1369810,2,grass,bracken,0,1500,173,34000,0,1694858
-39558241,-57231036,1369687,2,grass,bracken,0,1500,134,34000,0,1694981
-39554089,-57230851,1369870,2,tree,temperate-sapling,0,4500,240,32000,0,1694798
-39552519,-57232237,1369827,2,grass,bracken,0,1500,281,32000,0,1694841
-39537625,-57231854,1370193,2,bush,red-huckleberry,0,2000,228,32000,0,1694475
-39535513,-57232035,1370297,2,bush,mountain-laurel,0,3000,269,32000,0,1694371
-39533917,-57231553,1370502,2,bush,red-huckleberry,0,2000,203,32000,0,1694166
-39793752,-57230727,1440632,2,bush,dog-rose,0,2500,84,126000,0,1529920
-39792979,-57229549,1440552,2,bush,bramble-thicket,0,1500,86,126000,0,1530000
-39789187,-57228936,1440488,2,bush,rhododendron-thicket,0,3000,74,126000,0,1530064
-39771234,-57230315,1437523,2,bush,bramble-thicket,0,1500,384,106000,0,1533029
-39768056,-57230538,1436503,2,bush,dog-rose,0,2500,548,106000,0,1534049
-39761150,-57229674,1434052,2,bush,common-broom,0,2000,677,100000,0,1536500
-39756531,-57230715,1431645,2,bush,rhododendron-thicket,0,3000,683,92000,0,1538907
-39750413,-57230450,1428044,2,bush,red-huckleberry,0,2000,823,92000,0,1542508
-39746260,-57229822,1425114,2,bush,rhododendron-thicket,0,3000,764,86000,0,1545438
-39744286,-57228688,1424121,2,bush,elder,0,3000,721,86000,0,1546431
-39741358,-57229821,1422309,2,bush,witch-hazel,0,3000,622,78000,0,1548243
-39735175,-57229813,1419534,2,bush,hazel-coppice,0,3000,544,78000,0,1551018
-39729895,-57228703,1417155,2,bush,hazel-coppice,0,3000,739,72000,0,1553397
-39717418,-57228846,1411253,2,bush,dog-rose,0,2500,703,58000,0,1606357
-39688349,-57230107,1385873,2,bush,common-dogwood,1,2500,562,32000,0,1631737
-39685155,-57229348,1385079,2,bush,witch-hazel,0,3000,577,32000,0,1632531
-39681907,-57229233,1383868,2,bush,gorse,0,1800,714,26000,0,1633742
-39675829,-57229256,1380625,2,bush,bramble-thicket,0,1500,896,26000,0,1636985
-39674241,-57228641,1380201,2,bush,common-dogwood,1,2500,611,18000,0,1637409
-39672125,-57230011,1379168,2,bush,blackthorn-scrub,0,3000,590,18000,0,1638442
-39668501,-57228985,1378629,2,bush,blackthorn-scrub,0,3000,553,18000,0,1638981
-39665160,-57228862,1378330,2,bush,common-dogwood,1,2500,524,10000,0,1639280
-39658715,-57229415,1377580,2,bush,bramble-thicket,0,1500,426,2000,0,1640030
-39656059,-57230003,1377304,2,bush,mountain-laurel,0,3000,464,2000,0,1640306
-39654844,-57230496,1377174,2,bush,box,0,2000,476,2000,0,1640436
-39648561,-57230674,1377633,2,bush,gorse,0,1800,523,0,0,1639977
-39643743,-57229800,1378104,2,bush,red-huckleberry,0,2000,513,4000,0,1639506
-39640025,-57228938,1378808,2,bush,hazel-coppice,0,3000,572,4000,0,1638802
-39639204,-57229583,1378437,2,bush,snowberry,0,1500,477,4000,0,1639173
-39637010,-57230248,1377904,2,bush,common-dogwood,1,2500,501,12000,0,1639706
-39629002,-57230757,1377204,2,bush,common-dogwood,1,2500,750,20000,0,1640406
-39627850,-57228853,1378223,2,bush,mountain-laurel,0,3000,716,20000,0,1639387
-39624111,-57228885,1377965,2,bush,common-dogwood,1,2500,851,20000,0,1639645
-39620960,-57229846,1376127,2,bush,hazel-coppice,0,3000,807,28000,0,1641483
-39613409,-57230338,1375307,2,tree,temperate-sapling,0,4500,645,34000,0,1642303
-39613021,-57228769,1376209,2,bush,mountain-laurel,0,3000,809,34000,0,1641401
-39610341,-57229585,1376318,2,bush,common-dogwood,1,2500,661,34000,0,1641292
-39607054,-57228808,1376888,2,bush,box,0,2000,521,42000,0,1640722
-39597012,-57230526,1374550,2,bush,bramble-thicket,0,1500,538,46000,0,1690118
-39577203,-57229156,1371188,2,bush,box,0,2000,245,36000,0,1693480
-39556751,-57230114,1369812,2,grass,bracken,0,1500,174,34000,0,1694856
-39555503,-57229347,1369986,2,bush,mountain-laurel,0,3000,226,34000,0,1694682
-39553209,-57229474,1370179,2,bush,mountain-laurel,0,3000,325,32000,0,1694489
-39548732,-57230450,1370591,2,bush,bramble-thicket,0,1500,337,32000,0,1694077
-39535250,-57229078,1370891,2,bush,hazel-coppice,0,3000,277,32000,0,1693777
-39527467,-57228610,1370622,2,bush,blackthorn-scrub,0,3000,261,30000,0,1694046
-39792477,-57227980,1440432,2,bush,rhododendron-thicket,0,3000,102,126000,0,1530120
-39788059,-57227206,1440357,2,bush,blackthorn-scrub,0,3000,105,126000,0,1530195
-39784982,-57227810,1440152,2,bush,rhododendron-thicket,0,3000,134,120000,0,1530400
-39783681,-57228585,1440037,2,bush,hazel-coppice,0,3000,116,120000,0,1530515
-39778668,-57227371,1439409,2,bush,hazel-coppice,0,3000,159,114000,0,1531143
-39776038,-57226451,1438898,2,bush,red-huckleberry,0,2000,202,114000,0,1531654
-39775348,-57227435,1438754,2,grass,bracken,0,1500,250,114000,0,1531798
-39769405,-57227805,1437296,2,bush,elder,0,3000,372,106000,0,1533256
-39769157,-57228384,1437140,2,bush,witch-hazel,0,3000,386,106000,0,1533412
-39760842,-57226975,1434176,2,bush,witch-hazel,0,3000,610,100000,0,1536376
-39758448,-57228238,1432996,2,bush,red-huckleberry,0,2000,648,100000,0,1537556
-39756237,-57227919,1431878,2,bush,blackthorn-scrub,0,3000,688,92000,0,1538674
-39753863,-57226999,1430774,2,bush,hazel-coppice,0,3000,715,92000,0,1539778
-39751443,-57227258,1429257,2,bush,red-huckleberry,0,2000,784,92000,0,1541295
-39747585,-57227129,1426375,2,bush,bramble-thicket,0,1500,790,86000,0,1544177
-39746849,-57227382,1425925,2,bush,common-broom,0,2000,779,86000,0,1544627
-39742262,-57227769,1422964,2,bush,witch-hazel,0,3000,624,78000,0,1547588
-39734636,-57228222,1419122,2,bush,hazel-coppice,0,3000,641,72000,0,1551430
-39733245,-57226677,1417974,2,bush,hazel-coppice,0,3000,672,72000,0,1552578
-39731048,-57227964,1417361,2,bush,bramble-thicket,0,1500,748,72000,0,1553191
-39727965,-57227568,1415946,2,bush,dog-rose,0,2500,736,72000,0,1554606
-39725794,-57228347,1415456,2,bush,red-huckleberry,0,2000,766,66000,0,1555096
-39724279,-57227311,1414428,2,bush,red-huckleberry,0,2000,545,66000,0,1556124
-39715497,-57226852,1410147,2,bush,dog-rose,0,2500,753,58000,0,1607463
-39694860,-57227031,1388580,2,bush,hazel-coppice,0,3000,732,40000,0,1629030
-39688294,-57228279,1386289,2,bush,bramble-thicket,0,1500,504,32000,0,1631321
-39686264,-57228552,1385677,2,bush,red-huckleberry,0,2000,578,32000,0,1631933
-39678310,-57227740,1382499,2,bush,guelder-rose,1,3000,802,26000,0,1635111
-39674949,-57228419,1380468,2,bush,snowberry,0,1500,730,18000,0,1637142
-39672628,-57227988,1379997,2,bush,bramble-thicket,0,1500,578,18000,0,1637613
-39670327,-57226767,1379968,2,tree,temperate-sapling,0,4500,581,18000,0,1637642
-39667623,-57228038,1378886,2,bush,guelder-rose,1,3000,555,18000,0,1638724
-39665327,-57228126,1378638,2,bush,rhododendron-thicket,0,3000,531,10000,0,1638972
-39660807,-57226524,1378910,2,bush,common-dogwood,1,2500,478,10000,0,1638700
-39652978,-57227317,1378608,2,bush,bramble-thicket,0,1500,533,2000,0,1639002
-39648486,-57226995,1379535,2,bush,common-dogwood,1,2500,769,0,0,1638075
-39648015,-57226824,1379644,2,bush,box,0,2000,757,0,0,1637966
-39645576,-57228015,1378874,2,bush,common-dogwood,1,2500,706,0,0,1638736
-39642032,-57228361,1379194,2,bush,rhododendron-thicket,0,3000,643,4000,0,1638416
-39629907,-57228249,1378700,2,bush,guelder-rose,1,3000,621,20000,0,1638910
-39619078,-57228179,1376879,2,bush,snowberry,0,1500,897,28000,0,1640731
-39613112,-57226841,1377605,2,bush,bramble-thicket,0,1500,925,34000,0,1640005
-39606549,-57226717,1378186,2,bush,blackthorn-scrub,0,3000,721,42000,0,1639424
-39596879,-57228480,1375045,2,bush,red-huckleberry,0,2000,547,46000,0,1689623
-39582536,-57227196,1371853,2,bush,rhododendron-thicket,0,3000,256,40000,0,1692815
-39577820,-57228177,1371405,2,bush,bramble-thicket,0,1500,251,40000,0,1693263
-39574989,-57228304,1371256,2,bush,snowberry,0,1500,267,36000,0,1693412
-39566755,-57226991,1370653,2,tree,temperate-sapling,0,4500,303,34000,0,1694015
-39558906,-57227865,1370179,2,bush,mountain-laurel,0,3000,176,34000,0,1694489
-39556653,-57226611,1370449,2,bush,red-huckleberry,0,2000,273,34000,0,1694219
-39548795,-57228359,1371081,2,bush,common-broom,0,2000,371,32000,0,1693587
-39541665,-57227216,1371091,2,bush,red-huckleberry,0,2000,316,32000,0,1693577
-39532568,-57227469,1371243,2,tree,temperate-sapling,0,4500,202,32000,0,1693425
-39531496,-57226517,1371277,2,bush,elder,0,3000,167,30000,0,1693391
-39529540,-57228173,1370876,2,bush,blackthorn-scrub,0,3000,277,30000,0,1693792
-39794772,-57225594,1440073,2,bush,red-huckleberry,0,2000,163,126000,0,1530479
-39783260,-57225982,1439940,2,bush,blackthorn-scrub,0,3000,110,120000,0,1530612
-39782405,-57225509,1439878,2,bush,rhododendron-thicket,0,3000,129,120000,0,1530674
-39772772,-57225663,1438170,2,bush,bramble-thicket,0,1500,256,114000,0,1532382
-39767415,-57224517,1436979,2,bush,dog-rose,0,2500,352,110000,0,1533573
-39761909,-57226281,1434877,2,bush,blackthorn-scrub,0,3000,577,100000,0,1535675
-39760029,-57224610,1433946,2,bush,blackthorn-scrub,0,3000,638,102000,0,1536606
-39754793,-57224603,1431607,2,bush,rhododendron-thicket,0,3000,689,96000,0,1538945
-39744056,-57226029,1424404,2,bush,dog-rose,0,2500,704,86000,0,1546148
-39735113,-57224815,1418808,2,bush,red-huckleberry,0,2000,582,82000,0,1551744
-39726209,-57225266,1414898,2,bush,hazel-coppice,0,3000,402,66000,0,1555654
-39723252,-57224208,1414305,2,bush,elder,0,3000,234,70000,0,1556247
-39718588,-57224597,1412350,2,bush,blackthorn-scrub,0,3000,540,62000,0,1605260
-39714208,-57225069,1409509,2,bush,rhododendron-thicket,0,3000,808,58000,0,1608101
-39682715,-57225207,1385296,2,bush,elder,0,3000,570,32000,0,1632314
-39678097,-57226300,1382791,2,bush,red-huckleberry,0,2000,763,26000,0,1634819
-39670785,-57226115,1380269,2,bush,rhododendron-thicket,0,3000,579,18000,0,1637341
-39669420,-57225624,1380270,2,bush,elder,0,3000,591,18000,0,1637340
-39662682,-57225190,1379541,2,bush,elder,0,3000,501,10000,0,1638069
-39655630,-57225898,1379038,2,bush,blackthorn-scrub,0,3000,521,2000,0,1638572
-39653106,-57225284,1379776,2,bush,common-dogwood,1,2500,705,2000,0,1637834
-39646561,-57225927,1380323,2,bush,dog-rose,0,2500,667,0,0,1637287
-39641548,-57224209,1381375,2,bush,common-dogwood,1,2500,569,4000,0,1636235
-39633601,-57224478,1380762,2,bush,guelder-rose,1,3000,454,12000,0,1636848
-39629009,-57226285,1379582,2,bush,red-huckleberry,0,2000,581,20000,0,1638028
-39623737,-57225082,1380088,2,bush,blackthorn-scrub,0,3000,580,20000,0,1637522
-39617145,-57225159,1379337,2,bush,elder,0,3000,733,28000,0,1638273
-39614697,-57225804,1378707,2,bush,elder,0,3000,824,34000,0,1638903
-39612580,-57225360,1378671,2,bush,snowberry,0,1500,703,34000,0,1638939
-39608393,-57225250,1379424,2,bush,hazel-coppice,0,3000,639,34000,0,1638186
-39602441,-57225799,1377590,2,bush,bramble-thicket,0,1500,958,42000,0,1640020
-39596400,-57226189,1375612,2,bush,guelder-rose,1,3000,670,46000,0,1689056
-39574464,-57226370,1371699,2,grass,bracken,0,1500,312,36000,0,1692969
-39559771,-57225403,1370623,2,grass,bracken,0,1500,149,34000,0,1694045
-39554539,-57225667,1370876,2,bush,dog-rose,0,2500,299,32000,0,1693792
-39549311,-57225551,1371743,2,bush,mountain-laurel,0,3000,431,32000,0,1692925
-39544105,-57224704,1372058,2,bush,elder,0,3000,304,40000,0,1692610
-39542629,-57225294,1371739,2,bush,guelder-rose,1,3000,366,32000,0,1692929
-39540311,-57224316,1371719,2,bush,common-broom,0,2000,367,40000,0,1692949
-39527284,-57225341,1371485,2,bush,gorse,0,1800,784,30000,0,1693183
-39794044,-57223199,1439914,2,bush,red-huckleberry,0,2000,162,130000,0,1530638
-39790740,-57223037,1440093,2,bush,hazel-coppice,0,3000,97,130000,0,1530459
-39788768,-57222012,1439997,2,bush,red-huckleberry,0,2000,97,130000,0,1530555
-39782706,-57222268,1439770,2,bush,red-huckleberry,0,2000,121,124000,0,1530782
-39772482,-57222296,1438201,2,bush,bramble-thicket,0,1500,218,110000,0,1532351
-39770318,-57223733,1437729,2,bush,elder,0,3000,280,110000,0,1532823
-39767939,-57222906,1437173,2,bush,blackthorn-scrub,0,3000,296,110000,0,1533379
-39765343,-57222272,1436456,2,bush,red-huckleberry,0,2000,385,110000,0,1534096
-39764892,-57222367,1436285,2,bush,blackthorn-scrub,0,3000,411,102000,0,1534267
-39757558,-57223308,1433168,2,bush,red-huckleberry,0,2000,638,102000,0,1537384
-39751124,-57224078,1429324,2,bush,bramble-thicket,0,1500,699,96000,0,1541228
-39746736,-57222301,1426015,2,bush,dog-rose,0,2500,884,88000,0,1544537
-39740703,-57223093,1421997,2,bush,box,0,2000,682,82000,0,1548555
-39738075,-57223724,1420395,2,bush,snowberry,0,1500,612,82000,0,1550157
-39732215,-57223818,1417320,2,bush,rhododendron-thicket,0,3000,566,76000,0,1553232
-39724624,-57223596,1414565,2,grass,bracken,0,1500,286,70000,0,1555987
-39722402,-57223713,1414108,2,bush,blackthorn-scrub,0,3000,270,70000,0,1556444
-39717686,-57222306,1411638,2,bush,rhododendron-thicket,0,3000,863,62000,0,1605972
-39687724,-57223574,1387603,2,bush,bramble-thicket,0,1500,922,32000,0,1630007
-39676832,-57223308,1383083,2,bush,hazel-coppice,0,3000,733,26000,0,1634527
-39671648,-57224007,1381224,2,bush,red-huckleberry,0,2000,595,18000,0,1636386
-39666714,-57222833,1380929,2,bush,rhododendron-thicket,0,3000,571,10000,0,1636681
-39665866,-57223608,1380491,2,bush,dog-rose,0,2500,537,10000,0,1637119
-39657985,-57222046,1380900,2,bush,box,0,2000,553,2000,0,1636710
-39654753,-57223169,1380604,2,tree,temperate-sapling,0,4500,645,2000,0,1637006
-39649823,-57223281,1381430,2,bush,bramble-thicket,0,1500,684,0,0,1636180
-39648123,-57223319,1381615,2,bush,red-huckleberry,0,2000,677,0,0,1635995
-39642887,-57222599,1382366,2,bush,guelder-rose,1,3000,526,4000,0,1635244
-39636277,-57224092,1381248,2,bush,common-dogwood,1,2500,526,12000,0,1636362
-39631042,-57222185,1381576,2,bush,blackthorn-scrub,0,3000,434,12000,0,1636034
-39630074,-57222463,1381400,2,bush,common-dogwood,1,2500,465,12000,0,1636210
-39623677,-57222818,1380945,2,bush,common-dogwood,1,2500,545,20000,0,1636665
-39617198,-57223388,1380496,2,bush,rhododendron-thicket,0,3000,630,28000,0,1637114
-39613752,-57223612,1379982,2,bush,mountain-laurel,0,3000,758,34000,0,1637628
-39612424,-57223677,1379826,2,bush,blackthorn-scrub,0,3000,688,34000,0,1637784
-39580599,-57223855,1372730,2,bush,common-broom,0,2000,901,46000,0,1691938
-39538820,-57223918,1371928,2,bush,common-broom,0,2000,614,38000,0,1692740
-39794384,-57221707,1439762,2,bush,gorse,0,1800,157,130000,0,1530790
-39790617,-57221752,1439936,2,grass,bracken,0,1500,112,130000,0,1530616
-39787143,-57219998,1439830,2,bush,bramble-thicket,0,1500,75,124000,0,1530722
-39786802,-57220685,1439876,2,grass,bracken,0,1500,70,124000,0,1530676
-39781612,-57219868,1439546,2,bush,blackthorn-scrub,0,3000,183,124000,0,1531006
-39778584,-57220666,1439211,2,grass,bracken,0,1500,182,116000,0,1531341
-39771117,-57221902,1437959,2,bush,bramble-thicket,0,1500,219,110000,0,1532593
-39765603,-57221378,1436584,2,bush,box,0,2000,334,110000,0,1533968
-39759716,-57220621,1434736,2,bush,bramble-thicket,0,1500,542,102000,0,1535816
-39754436,-57221380,1431561,2,bush,blackthorn-scrub,0,3000,689,96000,0,1538991
-39748694,-57220191,1427232,2,bush,snowberry,0,1500,816,88000,0,1543320
-39740517,-57220352,1421719,2,bush,blackthorn-scrub,0,3000,583,82000,0,1548833
-39736304,-57220527,1419914,2,bush,red-huckleberry,0,2000,643,82000,0,1550638
-39727374,-57221057,1416047,2,bush,rhododendron-thicket,0,3000,651,70000,0,1554505
-39724334,-57220959,1414915,2,bush,snowberry,0,1500,540,70000,0,1555637
-39720789,-57220989,1413291,2,bush,elder,0,3000,536,70000,0,1557261
-39718695,-57221398,1412003,2,bush,witch-hazel,0,3000,870,62000,0,1605607
-39687107,-57221326,1387782,2,bush,snowberry,0,1500,868,32000,0,1629828
-39680928,-57220437,1385348,2,bush,blackthorn-scrub,0,3000,592,26000,0,1632262
-39672973,-57221080,1382751,2,bush,bramble-thicket,0,1500,523,18000,0,1634859
-39657197,-57219898,1382097,2,tree,temperate-sapling,0,4500,560,2000,0,1635513
-39649764,-57220832,1382643,2,bush,blackthorn-scrub,0,3000,680,0,0,1634967
-39648316,-57221626,1382479,2,bush,dog-rose,0,2500,636,0,0,1635131
-39640029,-57220985,1382859,2,bush,guelder-rose,1,3000,529,4000,0,1634751
-39639389,-57220803,1382912,2,bush,blackthorn-scrub,0,3000,529,4000,0,1634698
-39634370,-57220316,1382510,2,bush,blackthorn-scrub,0,3000,488,12000,0,1635100
-39632460,-57220770,1382220,2,bush,bramble-thicket,0,1500,458,12000,0,1635390
-39622073,-57221328,1381632,2,tree,temperate-sapling,0,4500,514,28000,0,1635978
-39620903,-57219813,1382542,2,bush,red-huckleberry,0,2000,553,28000,0,1635068
-39619221,-57220877,1382005,2,bush,blackthorn-scrub,0,3000,563,28000,0,1635605
-39605916,-57220224,1381903,2,bush,snowberry,0,1500,758,42000,0,1635707
-39600985,-57220596,1380800,2,bush,box,0,2000,892,42000,0,1636810
-39594363,-57220546,1379293,2,bush,box,0,2000,987,50000,0,1685375
-39527471,-57221438,1375581,2,bush,red-huckleberry,0,2000,905,38000,0,1689087
-39793091,-57218879,1439543,2,bush,red-huckleberry,0,2000,196,130000,0,1531009
-39787985,-57217896,1439649,2,bush,dog-rose,0,2500,131,130000,0,1530903
-39786074,-57217707,1439608,2,bush,hazel-coppice,0,3000,179,124000,0,1530944
-39778223,-57219235,1439112,2,bush,common-broom,0,2000,187,116000,0,1531440
-39776312,-57218304,1438878,2,bush,bramble-thicket,0,1500,175,116000,0,1531674
-39774475,-57219455,1438595,2,bush,bramble-thicket,0,1500,217,116000,0,1531957
-39771707,-57218398,1438081,2,bush,bramble-thicket,0,1500,227,110000,0,1532471
-39770264,-57217759,1437756,2,grass,bracken,0,1500,252,110000,0,1532796
-39759710,-57219446,1434724,2,bush,bramble-thicket,0,1500,482,102000,0,1535828
-39757521,-57219626,1433494,2,bush,bramble-thicket,0,1500,620,102000,0,1537058
-39755430,-57217790,1432026,2,bush,dog-rose,0,2500,708,96000,0,1538526
-39751869,-57217843,1429843,2,bush,rhododendron-thicket,0,3000,779,96000,0,1540709
-39747956,-57219506,1426779,2,bush,elder,0,3000,841,88000,0,1543773
-39734908,-57217801,1420044,2,bush,red-huckleberry,0,2000,682,76000,0,1550508
-39728675,-57219168,1417046,2,bush,red-huckleberry,0,2000,670,76000,0,1553506
-39726011,-57219497,1416001,2,bush,bramble-thicket,0,1500,571,70000,0,1554551
-39723273,-57219289,1414646,2,bush,rhododendron-thicket,0,3000,564,70000,0,1555906
-39686002,-57218857,1387815,2,bush,rhododendron-thicket,0,3000,683,32000,0,1629795
-39684710,-57219538,1387095,2,bush,guelder-rose,1,3000,554,32000,0,1630515
-39682801,-57218497,1386640,2,bush,red-huckleberry,0,2000,665,32000,0,1630970
-39680708,-57218789,1385854,2,bush,hazel-coppice,0,3000,605,26000,0,1631756
-39676045,-57219018,1384003,2,tree,temperate-sapling,0,4500,548,26000,0,1633607
-39674309,-57218310,1384022,2,bush,dog-rose,0,2500,524,18000,0,1633588
-39669498,-57218637,1383140,2,bush,common-dogwood,1,2500,609,18000,0,1634470
-39666201,-57218406,1382807,2,bush,guelder-rose,1,3000,572,10000,0,1634803
-39661812,-57219420,1381956,2,bush,common-dogwood,1,2500,558,10000,0,1635654
-39653796,-57219495,1382515,2,bush,bramble-thicket,0,1500,619,2000,0,1635095
-39648365,-57218313,1383867,2,bush,common-dogwood,1,2500,596,0,0,1633743
-39631886,-57219588,1382623,2,tree,temperate-sapling,0,4500,459,12000,0,1634987
-39630186,-57218146,1383149,2,tree,temperate-sapling,0,4500,430,12000,0,1634461
-39627905,-57219164,1382667,2,tree,temperate-sapling,0,4500,456,20000,0,1634943
-39614796,-57219179,1382923,2,bush,common-dogwood,1,2500,600,34000,0,1634687
-39611923,-57218670,1382976,2,bush,blackthorn-scrub,0,3000,648,34000,0,1634634
-39609123,-57218742,1383174,2,bush,mountain-laurel,0,3000,625,34000,0,1634436
-39607214,-57219261,1382831,2,bush,hazel-coppice,0,3000,698,42000,0,1634779
-39529127,-57219387,1376703,2,bush,red-huckleberry,0,2000,862,38000,0,1687965
-39789183,-57215774,1439361,2,bush,hazel-coppice,0,3000,144,132000,0,1531191
-39785416,-57216668,1439439,2,grass,bracken,0,1500,170,126000,0,1531113
-39779233,-57216193,1438968,2,bush,dog-rose,0,2500,174,120000,0,1531584
-39776413,-57216312,1438753,2,bush,bramble-thicket,0,1500,180,120000,0,1531799
-39771147,-57215846,1437814,2,bush,blackthorn-scrub,0,3000,251,112000,0,1532738
-39768093,-57216952,1437177,2,bush,bramble-thicket,0,1500,300,112000,0,1533375
-39765319,-57216769,1436486,2,bush,hazel-coppice,0,3000,366,112000,0,1534066
-39762397,-57215414,1435468,2,bush,blackthorn-scrub,0,3000,398,106000,0,1535084
-39760541,-57215692,1434912,2,bush,dog-rose,0,2500,436,106000,0,1535640
-39757557,-57216823,1433540,2,bush,dog-rose,0,2500,576,106000,0,1537012
-39749786,-57215658,1428144,2,bush,red-huckleberry,0,2000,828,92000,0,1542408
-39743606,-57216452,1424165,2,bush,red-huckleberry,0,2000,752,92000,0,1546387
-39740431,-57217463,1422560,2,bush,rhododendron-thicket,0,3000,658,86000,0,1547992
-39728598,-57216479,1417558,2,bush,box,0,2000,630,78000,0,1552994
-39725542,-57215786,1415637,2,bush,red-huckleberry,0,2000,878,70000,0,1554915
-39682046,-57216560,1386914,2,bush,mountain-laurel,0,3000,628,26000,0,1630696
-39677189,-57217510,1384565,2,bush,mountain-laurel,0,3000,535,26000,0,1633045
-39674432,-57217477,1384429,2,bush,witch-hazel,0,3000,473,18000,0,1633181
-39656558,-57215754,1384201,2,bush,red-huckleberry,0,2000,603,2000,0,1633409
-39651922,-57215939,1384544,2,bush,gorse,0,1800,677,0,0,1633066
-39647735,-57215974,1385053,2,bush,common-dogwood,1,2500,628,0,0,1632557
-39642177,-57217185,1384527,2,bush,rhododendron-thicket,0,3000,548,4000,0,1633083
-39640112,-57215965,1384898,2,bush,dog-rose,0,2500,585,4000,0,1632712
-39638644,-57215774,1384864,2,tree,temperate-sapling,0,4500,586,4000,0,1632746
-39629313,-57215619,1384293,2,bush,mountain-laurel,0,3000,479,20000,0,1633317
-39614117,-57215855,1384771,2,bush,rhododendron-thicket,0,3000,585,34000,0,1632839
-39602942,-57215855,1384185,2,bush,blackthorn-scrub,0,3000,817,42000,0,1633425
-39600784,-57216818,1383030,2,bush,common-broom,0,2000,850,42000,0,1634580
-39599821,-57217294,1382576,2,bush,hazel-coppice,0,3000,851,50000,0,1682092
-39596689,-57215828,1383245,2,bush,mountain-laurel,0,3000,869,50000,0,1681423
-39594789,-57215929,1382884,2,bush,red-huckleberry,0,2000,858,50000,0,1681784
-39592151,-57215643,1382474,2,bush,snowberry,0,1500,901,56000,0,1682194
-39590764,-57216657,1381514,2,bush,gorse,0,1800,913,56000,0,1683154
-39777896,-57213808,1438624,2,bush,rhododendron-thicket,0,3000,193,120000,0,1531928
-39775125,-57213518,1438250,2,bush,rhododendron-thicket,0,3000,226,120000,0,1532302
-39772501,-57213597,1437763,2,bush,rhododendron-thicket,0,3000,283,120000,0,1532789
-39770783,-57214883,1437625,2,bush,dog-rose,0,2500,286,112000,0,1532927
-39765712,-57214102,1436297,2,bush,blackthorn-scrub,0,3000,392,112000,0,1534255
-39764259,-57214247,1435822,2,bush,red-huckleberry,0,2000,407,106000,0,1534730
-39759321,-57215285,1434421,2,bush,blackthorn-scrub,0,3000,469,106000,0,1536131
-39757325,-57214301,1433431,2,bush,elder,0,3000,548,98000,0,1537121
-39754754,-57215086,1431776,2,bush,hazel-coppice,0,3000,765,98000,0,1538776
-39747681,-57215029,1426568,2,bush,common-broom,0,2000,845,92000,0,1543984
-39737724,-57213276,1422113,2,bush,rhododendron-thicket,0,3000,649,86000,0,1548439
-39729049,-57214944,1417727,2,bush,bramble-thicket,0,1500,768,78000,0,1552825
-39713542,-57214005,1404491,2,bush,bramble-thicket,0,1500,754,62000,0,1613119
-39710496,-57213653,1404418,2,bush,bramble-thicket,0,1500,950,56000,0,1613192
-39672602,-57214912,1385145,2,bush,elder,0,3000,514,18000,0,1632465
-39665919,-57214403,1384945,2,bush,guelder-rose,1,3000,558,10000,0,1632665
-39662659,-57214271,1384768,2,bush,common-dogwood,1,2500,542,10000,0,1632842
-39654824,-57214897,1384746,2,bush,guelder-rose,1,3000,606,2000,0,1632864
-39651690,-57214364,1385292,2,bush,common-dogwood,1,2500,684,0,0,1632318
-39646403,-57213906,1386184,2,bush,bramble-thicket,0,1500,585,0,0,1631426
-39641414,-57214553,1385821,2,bush,bramble-thicket,0,1500,610,4000,0,1631789
-39637989,-57215062,1385086,2,bush,elder,0,3000,596,4000,0,1632524
-39637360,-57213607,1385701,2,bush,box,0,2000,634,12000,0,1631909
-39635039,-57215300,1384636,2,bush,bramble-thicket,0,1500,576,12000,0,1632974
-39627618,-57213918,1385171,2,bush,dog-rose,0,2500,545,20000,0,1632439
-39625797,-57215265,1384687,2,bush,mountain-laurel,0,3000,563,20000,0,1632923
-39621684,-57214502,1385447,2,bush,blackthorn-scrub,0,3000,628,28000,0,1632163
-39619062,-57213520,1386119,2,bush,blackthorn-scrub,0,3000,640,28000,0,1631491
-39615353,-57214484,1385612,2,bush,elder,0,3000,584,28000,0,1631998
-39612081,-57215107,1385221,2,bush,bramble-thicket,0,1500,581,34000,0,1632389
-39606859,-57213449,1386014,2,bush,bramble-thicket,0,1500,714,42000,0,1631596
-39604399,-57213229,1385886,2,bush,blackthorn-scrub,0,3000,758,42000,0,1631724
-39601348,-57214024,1384894,2,bush,guelder-rose,1,3000,800,42000,0,1632716
-39595670,-57214467,1384229,2,bush,guelder-rose,1,3000,878,50000,0,1680439
-39587552,-57214618,1382612,2,bush,red-huckleberry,0,2000,948,56000,0,1682056
-39585470,-57214059,1382624,2,bush,common-broom,0,2000,954,56000,0,1682044
-39790819,-57212480,1438775,2,grass,bracken,0,1500,196,132000,0,1531777
-39774571,-57212057,1438015,2,bush,gorse,0,1800,245,120000,0,1532537
-39773396,-57211884,1437786,2,bush,bramble-thicket,0,1500,245,120000,0,1532766
-39768400,-57211422,1436881,2,grass,bracken,0,1500,234,112000,0,1533671
-39766361,-57211877,1436358,2,bush,red-huckleberry,0,2000,267,112000,0,1534194
-39762563,-57211143,1435253,2,bush,elder,0,3000,460,106000,0,1535299
-39752818,-57212230,1430693,2,bush,bramble-thicket,0,1500,890,98000,0,1539859
-39745769,-57212605,1425996,2,bush,hazel-coppice,0,3000,849,92000,0,1544556
-39738639,-57211606,1422901,2,bush,elder,0,3000,602,86000,0,1547651
-39736004,-57213092,1421552,2,bush,rhododendron-thicket,0,3000,552,86000,0,1549000
-39733965,-57211781,1420261,2,bush,red-huckleberry,0,2000,899,78000,0,1550291
-39731618,-57212883,1418958,2,bush,rhododendron-thicket,0,3000,880,78000,0,1551594
-39714847,-57212356,1405456,2,bush,bramble-thicket,0,1500,720,62000,0,1612154
-39679981,-57211071,1387109,2,bush,elder,0,3000,440,26000,0,1630501
-39679036,-57211445,1386880,2,bush,witch-hazel,0,3000,440,26000,0,1630730
-39673508,-57211963,1386295,2,bush,mountain-laurel,0,3000,438,18000,0,1631315
-39668252,-57211555,1386504,2,tree,temperate-sapling,0,4500,489,18000,0,1631106
-39666129,-57212811,1385758,2,bush,box,0,2000,514,10000,0,1631852
-39664630,-57213166,1385553,2,tree,temperate-sapling,0,4500,565,10000,0,1632057
-39662694,-57212332,1385676,2,bush,elder,0,3000,531,10000,0,1631934
-39661301,-57211181,1386156,2,bush,common-dogwood,1,2500,520,10000,0,1631454
-39659386,-57211373,1386137,2,bush,box,0,2000,546,2000,0,1631473
-39651621,-57211505,1386767,2,bush,red-huckleberry,0,2000,692,0,0,1630843
-39649848,-57213060,1386178,2,bush,blackthorn-scrub,0,3000,668,0,115,1631432
-39645279,-57213130,1386725,2,bush,common-dogwood,1,2500,524,0,0,1630885
-39636409,-57212629,1386043,2,bush,mountain-laurel,0,3000,659,12000,0,1631567
-39633298,-57212638,1386117,2,bush,rhododendron-thicket,0,3000,592,12000,0,1631493
-39629685,-57212825,1385721,2,bush,gorse,0,1800,530,20000,0,1631889
-39626695,-57212555,1386021,2,bush,bramble-thicket,0,1500,596,20000,0,1631589
-39622216,-57211512,1387116,2,bush,common-dogwood,1,2500,680,28000,0,1630494
-39620720,-57211594,1387289,2,bush,blackthorn-scrub,0,3000,714,28000,0,1630321
-39619146,-57211600,1387325,2,bush,bramble-thicket,0,1500,703,28000,0,1630285
-39612616,-57211736,1387433,2,bush,guelder-rose,1,3000,605,34000,0,1630177
-39605790,-57211127,1387337,2,bush,rhododendron-thicket,0,3000,770,42000,0,1630273
-39598434,-57213021,1385283,2,bush,mountain-laurel,0,3000,824,50000,0,1679385
-39597101,-57211571,1386378,2,bush,bramble-thicket,0,1500,885,50000,0,1678290
-39591998,-57212868,1384371,2,bush,common-broom,0,2000,888,56000,0,1680297
-39581684,-57211988,1383689,2,bush,box,0,2000,959,52000,0,1680979
-39792085,-57210878,1438492,2,bush,elder,0,3000,209,132000,0,1532060
-39791128,-57209567,1438376,2,bush,dog-rose,0,2500,213,134000,0,1532176
-39787210,-57210716,1438746,2,bush,blackthorn-scrub,0,3000,170,126000,0,1531806
-39785515,-57210722,1438742,2,bush,bramble-thicket,0,1500,153,126000,0,1531810
-39783237,-57210767,1438696,2,bush,bramble-thicket,0,1500,117,126000,0,1531856
-39780578,-57208911,1438390,2,bush,snowberry,0,1500,157,130000,0,1532162
-39777389,-57209097,1438252,2,bush,gorse,0,1800,194,122000,0,1532300
-39775587,-57209621,1438126,2,grass,bracken,0,1500,204,122000,0,1532426
-39773019,-57210407,1437773,2,grass,bracken,0,1500,227,120000,0,1532779
-39766014,-57210420,1436339,2,grass,bracken,0,1500,240,112000,0,1534213
-39763645,-57209494,1435807,2,bush,elder,0,3000,288,108000,0,1534745
-39756352,-57209383,1433700,2,bush,hazel-coppice,0,3000,408,100000,0,1536852
-39755017,-57209658,1433185,2,bush,blackthorn-scrub,0,3000,719,100000,0,1537367
-39745506,-57208946,1426847,2,bush,elder,0,3000,638,92000,0,1543705
-39738852,-57210856,1423198,2,bush,hazel-coppice,0,3000,605,86000,0,1547354
-39685041,-57209704,1389392,2,bush,rhododendron-thicket,0,3000,733,32000,0,1628218
-39683472,-57210153,1388600,2,bush,red-huckleberry,0,2000,593,32000,0,1629010
-39674458,-57209181,1387396,2,tree,temperate-sapling,0,4500,326,18000,0,1630214
-39666354,-57208858,1387603,2,bush,elder,0,3000,474,10000,0,1630007
-39664834,-57209181,1387414,2,bush,blackthorn-scrub,0,3000,513,10000,0,1630196
-39658153,-57210698,1386510,2,bush,blackthorn-scrub,0,3000,586,2000,0,1631100
-39656355,-57210919,1386510,2,bush,rhododendron-thicket,0,3000,616,2000,0,1631100
-39651057,-57209973,1387663,2,bush,dog-rose,0,2500,698,0,0,1629947
-39650502,-57210471,1387434,2,bush,common-dogwood,1,2500,693,0,0,1630176
-39646057,-57209133,1388731,2,rock,streambed-cascade-block,1,1200,539,0,0,1628879
-39643240,-57210641,1388015,2,bush,snowberry,0,1500,558,4000,0,1629595
-39632900,-57210668,1386980,2,bush,common-dogwood,1,2500,625,12000,0,1630630
-39624111,-57209464,1388147,2,bush,blackthorn-scrub,0,3000,729,20000,0,1629463
-39621232,-57210606,1387838,2,bush,bramble-thicket,0,1500,742,28000,0,1629772
-39614529,-57209768,1388572,2,bush,blackthorn-scrub,0,3000,682,34000,0,1629038
-39610554,-57209897,1388475,2,bush,box,0,2000,685,34000,0,1629135
-39607718,-57210854,1387741,2,bush,bramble-thicket,0,1500,709,34000,0,1629869
-39603080,-57210442,1387512,2,bush,bramble-thicket,0,1500,812,42000,0,1630098
-39599783,-57208858,1388926,2,bush,red-huckleberry,0,2000,891,50000,0,1628684
-39582146,-57209972,1385571,2,bush,bramble-thicket,0,1500,986,60000,0,1632039
-39790779,-57207378,1438034,2,bush,bramble-thicket,0,1500,216,134000,0,1532518
-39785639,-57206798,1438159,2,bush,blackthorn-scrub,0,3000,192,130000,0,1532393
-39784478,-57208768,1438466,2,bush,red-huckleberry,0,2000,121,130000,0,1532086
-39780056,-57206654,1438114,2,bush,hazel-coppice,0,3000,189,130000,0,1532438
-39775284,-57208591,1437971,2,bush,elder,0,3000,254,122000,0,1532581
-39768186,-57207958,1436656,2,bush,blackthorn-scrub,0,3000,283,116000,0,1533896
-39762823,-57207794,1435446,2,bush,rhododendron-thicket,0,3000,295,108000,0,1535106
-39762716,-57206927,1435337,2,bush,rhododendron-thicket,0,3000,242,108000,0,1535215
-39758893,-57206806,1434447,2,bush,red-huckleberry,0,2000,258,108000,0,1536105
-39749358,-57208358,1429452,2,bush,hazel-coppice,0,3000,727,92000,0,1541100
-39746854,-57208514,1427742,2,bush,snowberry,0,1500,692,92000,0,1542810
-39718037,-57208740,1408235,2,bush,elder,0,3000,628,62000,0,1562317
-39685779,-57208154,1389919,2,bush,rhododendron-thicket,0,3000,764,32000,0,1627691
-39670349,-57208037,1387998,2,bush,rhododendron-thicket,0,3000,362,18000,0,1629612
-39665767,-57207524,1388208,2,grass,bracken,0,1500,452,10000,0,1629402
-39661810,-57207073,1388195,2,bush,rhododendron-thicket,0,3000,530,10000,0,1629415
-39657601,-57208151,1387838,2,bush,guelder-rose,1,3000,632,2000,0,1629772
-39656274,-57206875,1388859,2,tree,temperate-sapling,0,4500,644,2000,0,1628751
-39653722,-57207054,1389048,2,tree,temperate-sapling,0,4500,684,2000,0,1628562
-39652046,-57206761,1389474,2,bush,bramble-thicket,0,1500,658,0,0,1628136
-39650377,-57206923,1389538,2,bush,guelder-rose,1,3000,641,0,0,1628072
-39643364,-57207986,1389353,2,bush,rhododendron-thicket,0,3000,549,4000,0,1628257
-39640506,-57208057,1389193,2,bush,box,0,2000,594,4000,0,1628417
-39638204,-57208324,1388523,2,tree,temperate-sapling,0,4500,640,4000,0,1629087
-39635252,-57208655,1388050,2,bush,bramble-thicket,0,1500,605,12000,0,1629560
-39635047,-57208551,1388094,2,bush,red-huckleberry,0,2000,602,12000,0,1629516
-39631964,-57206799,1389182,2,bush,elder,0,3000,589,12000,0,1628428
-39629661,-57207808,1388779,2,bush,blackthorn-scrub,0,3000,648,20000,0,1628831
-39626367,-57208600,1388458,2,bush,box,0,2000,733,20000,0,1629152
-39608710,-57207335,1390291,2,bush,mountain-laurel,0,3000,798,34000,0,1627319
-39605671,-57206957,1390382,2,bush,snowberry,0,1500,862,42000,0,1627228
-39599746,-57208386,1389293,2,bush,bramble-thicket,0,1500,899,50000,0,1628317
-39576731,-57206651,1388376,2,bush,red-huckleberry,0,2000,962,58000,0,1629234
-39550911,-57207720,1390905,2,bush,dog-rose,0,2500,921,56000,0,1626705
-39794279,-57206515,1437662,2,bush,bramble-thicket,0,1500,265,134000,0,1532890
-39792791,-57204819,1437451,2,bush,dog-rose,0,2500,253,134000,0,1533101
-39776041,-57205250,1437520,2,bush,blackthorn-scrub,0,3000,254,122000,0,1533032
-39774248,-57204967,1437304,2,grass,bracken,0,1500,268,122000,0,1533248
-39772713,-57204774,1437164,2,bush,bramble-thicket,0,1500,262,122000,0,1533388
-39765037,-57205750,1435746,2,bush,snowberry,0,1500,260,116000,0,1534806
-39763063,-57204930,1435264,2,bush,dog-rose,0,2500,223,108000,0,1535288
-39758524,-57206561,1434357,2,bush,rhododendron-thicket,0,3000,262,108000,0,1536195
-39744412,-57204471,1424556,2,bush,red-huckleberry,0,2000,978,92000,0,1545996
-39725221,-57206317,1410707,2,bush,snowberry,0,1500,923,70000,0,1559845
-39720996,-57205991,1409647,2,bush,bramble-thicket,0,1500,723,70000,0,1560905
-39685203,-57205835,1389886,2,bush,bramble-thicket,0,1500,715,32000,0,1627724
-39681474,-57206415,1388185,2,bush,elder,0,3000,219,26000,0,1629425
-39680976,-57205982,1388190,2,bush,mountain-laurel,0,3000,183,26000,0,1629420
-39673974,-57206514,1388336,2,bush,blackthorn-scrub,0,3000,343,18000,0,1629274
-39668318,-57204669,1389173,2,bush,red-huckleberry,0,2000,390,18000,0,1628437
-39664734,-57204602,1389438,2,bush,bramble-thicket,0,1500,448,10000,0,1628172
-39663431,-57205400,1389107,2,bush,hazel-coppice,0,3000,498,10000,0,1628503
-39659572,-57205644,1389060,2,bush,guelder-rose,1,3000,564,2000,0,1628550
-39659239,-57205182,1389398,2,bush,hazel-coppice,0,3000,576,2000,0,1628212
-39656665,-57204786,1389912,2,bush,box,0,2000,643,2000,0,1627698
-39654323,-57204484,1390531,2,bush,blackthorn-scrub,0,3000,665,2000,0,1627079
-39650881,-57206489,1389797,2,bush,bramble-thicket,0,1500,634,0,0,1627813
-39640521,-57206242,1390062,2,bush,rhododendron-thicket,0,3000,561,4000,0,1627548
-39632076,-57204825,1390487,2,bush,bramble-thicket,0,1500,638,12000,0,1627123
-39629654,-57204817,1390768,2,bush,red-huckleberry,0,2000,753,20000,0,1626842
-39626463,-57204602,1390969,2,bush,blackthorn-scrub,0,3000,847,20000,0,1626641
-39616680,-57205244,1391348,2,bush,dog-rose,0,2500,898,28000,0,1626262
-39611910,-57205518,1391950,2,tree,temperate-sapling,0,4500,844,34000,0,1625660
-39606992,-57204982,1392584,2,bush,hazel-coppice,0,3000,874,42000,0,1625026
-39605674,-57205714,1391548,2,bush,dog-rose,0,2500,919,42000,0,1626062
-39598496,-57206327,1390661,2,bush,bramble-thicket,0,1500,958,50000,0,1626949
-39544598,-57204536,1393139,2,bush,box,0,2000,889,54000,0,1624471
-39794675,-57203958,1437139,2,grass,bracken,0,1500,229,134000,0,1533413
-39781819,-57202481,1437523,2,bush,bramble-thicket,0,1500,166,130000,0,1533029
-39780357,-57204126,1437787,2,bush,blackthorn-scrub,0,3000,180,130000,0,1532765
-39777267,-57204004,1437495,2,bush,hazel-coppice,0,3000,251,122000,0,1533057
-39773879,-57203441,1437075,2,bush,bramble-thicket,0,1500,262,122000,0,1533477
-39767810,-57203406,1436198,2,bush,bramble-thicket,0,1500,253,116000,0,1534354
-39763168,-57202742,1435283,2,bush,hazel-coppice,0,3000,226,108000,0,1535269
-39711378,-57203439,1415285,2,bush,bramble-thicket,0,1500,875,56000,0,1555267
-39708964,-57202499,1415456,2,bush,bramble-thicket,0,1500,821,56000,0,1555096
-39674623,-57203130,1389127,2,bush,bramble-thicket,0,1500,293,18000,0,1628483
-39669939,-57202801,1389660,2,grass,bracken,0,1500,422,18000,0,1627950
-39666062,-57203653,1389772,2,bush,blackthorn-scrub,0,3000,425,10000,0,1627838
-39663847,-57204076,1389682,2,bush,hazel-coppice,0,3000,484,10000,0,1627928
-39659876,-57204305,1389729,2,bush,elder,0,3000,577,2000,0,1627881
-39648379,-57203203,1391605,2,bush,witch-hazel,0,3000,530,0,0,1626005
-39641948,-57204114,1391151,2,bush,common-dogwood,1,2500,522,4000,0,1626459
-39639638,-57203521,1391361,2,bush,witch-hazel,0,3000,532,4000,0,1626249
-39638523,-57203261,1391506,2,bush,elder,0,3000,536,4000,0,1626104
-39634191,-57202863,1391597,2,bush,rhododendron-thicket,0,3000,620,12000,0,1626013
-39629643,-57202876,1392210,2,bush,elder,0,3000,821,20000,0,1625400
-39627230,-57203270,1391979,2,bush,bramble-thicket,0,1500,892,20000,0,1625631
-39624715,-57203317,1392178,2,bush,common-dogwood,1,2500,948,20000,0,1625432
-39619079,-57204300,1392036,2,bush,gorse,0,1800,976,28000,0,1625574
-39611295,-57202510,1394266,2,bush,red-huckleberry,0,2000,920,34000,0,1623344
-39609677,-57202799,1394255,2,bush,bramble-thicket,0,1500,936,34000,0,1623355
-39606639,-57203917,1393350,2,bush,bramble-thicket,0,1500,876,42000,0,1624260
-39605144,-57203562,1393436,2,bush,bramble-thicket,0,1500,914,42000,0,1624174
-39551924,-57203889,1393744,2,bush,gorse,0,1800,827,56000,0,1623866
-39550873,-57203436,1394170,2,bush,hazel-coppice,0,3000,786,56000,0,1623440
-39541812,-57202979,1394608,2,bush,rhododendron-thicket,0,3000,813,54000,0,1623002
-39536017,-57203566,1394181,2,bush,box,0,2000,985,54000,0,1623429
-39791314,-57201219,1436894,2,bush,hazel-coppice,0,3000,254,136000,0,1533658
-39783394,-57201728,1437342,2,bush,red-huckleberry,0,2000,224,130000,0,1533210
-39781615,-57200417,1437205,2,bush,dog-rose,0,2500,206,130000,0,1533347
-39773858,-57201571,1436756,2,bush,snowberry,0,1500,258,122000,0,1533796
-39772527,-57200629,1436477,2,bush,bramble-thicket,0,1500,219,122000,0,1534075
-39770294,-57201442,1436337,2,bush,box,0,2000,214,116000,0,1534215
-39765034,-57200064,1435471,2,bush,common-broom,0,2000,251,116000,0,1535081
-39761702,-57200755,1434953,2,bush,hazel-coppice,0,3000,258,108000,0,1535599
-39746458,-57200576,1425299,2,bush,dog-rose,0,2500,964,92000,0,1545253
-39730062,-57201547,1411299,2,bush,bramble-thicket,0,1500,560,78000,0,1559253
-39727581,-57200963,1411202,2,bush,bramble-thicket,0,1500,742,78000,0,1559350
-39713174,-57200117,1417546,2,bush,dog-rose,0,2500,721,62000,0,1553006
-39711113,-57202101,1415964,2,bush,blackthorn-scrub,0,3000,798,56000,0,1554588
-39707764,-57200251,1415621,2,bush,red-huckleberry,0,2000,808,56000,0,1554931
-39677083,-57202004,1389148,2,bush,blackthorn-scrub,0,3000,265,26000,0,1628462
-39675784,-57201525,1389380,2,grass,bracken,0,1500,272,26000,0,1628230
-39671379,-57200758,1390078,2,bush,rhododendron-thicket,0,3000,417,18000,0,1627532
-39669745,-57200350,1390417,2,tree,temperate-sapling,0,4500,413,18000,0,1627193
-39661787,-57200173,1391744,2,bush,red-huckleberry,0,2000,641,10000,0,1625866
-39658067,-57201050,1391900,2,bush,mountain-laurel,0,3000,640,2000,0,1625710
-39656420,-57201519,1391881,2,tree,temperate-sapling,0,4500,641,2000,0,1625729
-39644411,-57200861,1392701,2,bush,bramble-thicket,0,1500,479,4000,0,1624909
-39638925,-57201346,1392520,2,bush,box,0,2000,544,4000,0,1625090
-39635693,-57202187,1391983,2,bush,dog-rose,0,2500,594,12000,0,1625627
-39572196,-57200080,1394702,2,bush,gorse,0,1800,907,66000,0,1622908
-39569286,-57201155,1393413,2,bush,red-huckleberry,0,2000,953,64000,0,1624197
-39553887,-57200229,1396435,2,bush,common-broom,0,2000,709,62000,0,1621175
-39551292,-57201018,1396065,2,bush,common-broom,0,2000,681,62000,0,1621545
-39548072,-57200313,1396360,2,bush,rhododendron-thicket,0,3000,681,62000,0,1621250
-39546506,-57202038,1395095,2,bush,bramble-thicket,0,1500,786,62000,0,1622515
-39540228,-57201970,1395659,2,bush,mountain-laurel,0,3000,820,62000,0,1621951
-39787575,-57199355,1436727,2,bush,snowberry,0,1500,249,136000,0,1533825
-39786779,-57199842,1436838,2,bush,blackthorn-scrub,0,3000,229,130000,0,1533714
-39781761,-57197999,1436611,2,bush,red-huckleberry,0,2000,236,130000,0,1533941
-39778951,-57198918,1436803,2,bush,rhododendron-thicket,0,3000,240,122000,0,1533749
-39777604,-57199565,1436826,2,bush,hazel-coppice,0,3000,227,122000,0,1533726
-39773340,-57199402,1436432,2,bush,rhododendron-thicket,0,3000,223,122000,0,1534120
-39768640,-57199048,1435899,2,bush,rhododendron-thicket,0,3000,253,116000,0,1534653
-39763506,-57199023,1435117,2,bush,rhododendron-thicket,0,3000,239,108000,0,1535435
-39714081,-57199144,1418351,2,bush,bramble-thicket,0,1500,685,62000,0,1552201
-39710973,-57197857,1418218,2,bush,bramble-thicket,0,1500,704,56000,0,1552334
-39681342,-57198613,1389753,2,tree,temperate-sapling,0,4500,395,26000,0,1627857
-39673653,-57198864,1390217,2,bush,mountain-laurel,0,3000,376,18000,0,1627393
-39668660,-57198646,1391055,2,bush,blackthorn-scrub,0,3000,488,18000,0,1626555
-39667396,-57198696,1391187,2,bush,guelder-rose,1,3000,494,10000,0,1626423
-39658022,-57199130,1392801,2,bush,mountain-laurel,0,3000,637,2000,0,1624809
-39656836,-57198676,1393059,2,bush,common-dogwood,1,2500,641,2000,0,1624551
-39646720,-57198297,1394065,2,bush,bramble-thicket,0,1500,526,0,0,1623545
-39643749,-57198936,1393704,2,bush,common-dogwood,1,2500,501,4000,0,1623906
-39639989,-57198759,1393946,2,tree,temperate-sapling,0,4500,618,4000,0,1623664
-39635109,-57199457,1393919,2,bush,bramble-thicket,0,1500,768,12000,0,1623691
-39570513,-57197948,1396284,2,bush,box,0,2000,907,66000,0,1621326
-39568786,-57199966,1394517,2,bush,gorse,0,1800,953,64000,0,1623093
-39565394,-57199993,1395015,2,bush,dog-rose,0,2500,930,64000,0,1622595
-39563650,-57199607,1395447,2,bush,common-broom,0,2000,917,64000,0,1622163
-39552466,-57198024,1398148,2,bush,red-huckleberry,0,2000,642,62000,0,1619462
-39551141,-57198470,1397830,2,bush,common-broom,0,2000,640,62000,0,1619780
-39541134,-57198468,1398254,2,bush,gorse,0,1800,852,62000,0,1619356
-39791590,-57196298,1435803,2,grass,bracken,0,1500,332,136000,0,1534749
-39785116,-57196913,1436343,2,bush,box,0,2000,226,130000,0,1534209
-39783808,-57196613,1436307,2,bush,hazel-coppice,0,3000,241,130000,0,1534245
-39774607,-57197388,1436240,2,bush,blackthorn-scrub,0,3000,247,122000,0,1534312
-39773555,-57196803,1436011,2,bush,gorse,0,1800,262,122000,0,1534541
-39771249,-57196793,1435775,2,bush,blackthorn-scrub,0,3000,227,116000,0,1534777
-39768938,-57196306,1435601,2,bush,red-huckleberry,0,2000,219,116000,0,1534951
-39762345,-57196211,1434722,2,bush,dog-rose,0,2500,358,108000,0,1535830
-39750291,-57196315,1426686,2,bush,box,0,2000,914,100000,0,1543866
-39710398,-57197519,1417981,2,bush,blackthorn-scrub,0,3000,718,56000,0,1552571
-39681692,-57195985,1390550,2,bush,mountain-laurel,0,3000,836,26000,0,1627060
-39673158,-57197612,1390577,2,bush,red-huckleberry,0,2000,441,18000,0,1627033
-39672506,-57195691,1391245,2,bush,bramble-thicket,0,1500,491,18000,0,1626365
-39669114,-57197335,1391360,2,bush,guelder-rose,1,3000,545,18000,0,1626250
-39667893,-57196997,1391720,2,bush,dog-rose,0,2500,558,18000,0,1625890
-39661631,-57196942,1393303,2,bush,bramble-thicket,0,1500,745,10000,0,1624307
-39660628,-57196996,1393514,2,bush,witch-hazel,0,3000,738,10000,0,1624096
-39658375,-57196999,1393538,2,bush,elder,0,3000,685,2000,0,1624072
-39656994,-57196289,1394025,2,bush,common-broom,0,2000,706,2000,0,1623585
-39653721,-57197622,1394072,2,bush,common-broom,0,2000,630,2000,0,1623538
-39651000,-57196112,1395176,2,bush,gorse,0,1800,642,0,0,1622434
-39647009,-57196321,1395182,2,tree,temperate-sapling,0,4500,587,0,0,1622428
-39643121,-57196686,1394998,2,bush,witch-hazel,0,3000,586,4000,0,1622612
-39638501,-57197242,1395057,2,bush,blackthorn-scrub,0,3000,710,4000,0,1622553
-39635809,-57196180,1396102,2,bush,red-huckleberry,0,2000,873,12000,0,1621508
-39572428,-57196795,1397420,2,bush,common-broom,0,2000,942,66000,0,1620190
-39566352,-57196734,1397728,2,bush,bramble-thicket,0,1500,899,64000,0,1619882
-39544129,-57197512,1398509,2,bush,dog-rose,0,2500,765,62000,0,1619101
-39793970,-57194481,1435122,2,bush,red-huckleberry,0,2000,352,138000,0,1535430
-39787502,-57193929,1435535,2,bush,snowberry,0,1500,275,138000,0,1535017
-39781335,-57193465,1435713,2,bush,bramble-thicket,0,1500,227,130000,0,1534839
-39773955,-57194302,1435700,2,bush,hazel-coppice,0,3000,223,122000,0,1534852
-39773451,-57195485,1435772,2,bush,red-huckleberry,0,2000,235,122000,0,1534780
-39767471,-57193422,1435145,2,bush,bramble-thicket,0,1500,156,116000,0,1535407
-39765815,-57194831,1435132,2,bush,elder,0,3000,177,116000,0,1535420
-39760848,-57194298,1433853,2,bush,red-huckleberry,0,2000,819,108000,0,1536699
-39749122,-57193728,1425751,2,bush,red-huckleberry,0,2000,871,92000,0,1544801
-39711525,-57194530,1418723,2,bush,bramble-thicket,0,1500,865,56000,0,1551829
-39677741,-57193821,1390793,2,bush,common-dogwood,1,2500,280,26000,0,1626817
-39673628,-57194389,1391393,2,bush,hazel-coppice,0,3000,520,18000,0,1626217
-39671961,-57193453,1392081,2,bush,common-dogwood,1,2500,576,18000,0,1625529
-39669447,-57195150,1392002,2,bush,guelder-rose,1,3000,555,18000,0,1625608
-39665567,-57194888,1393057,2,bush,bramble-thicket,0,1500,666,10000,0,1624553
-39659939,-57194706,1394725,2,bush,elder,0,3000,834,2000,0,1622885
-39653394,-57193847,1396518,2,bush,common-dogwood,1,2500,760,2000,0,1621092
-39651437,-57195569,1395474,2,bush,dog-rose,0,2500,673,0,0,1622136
-39646480,-57194841,1395969,2,tree,temperate-sapling,0,4500,691,0,0,1621641
-39570090,-57193756,1400194,2,bush,snowberry,0,1500,875,72000,0,1617416
-39568808,-57194763,1399133,2,bush,box,0,2000,841,72000,0,1618477
-39560393,-57194518,1399843,2,tree,temperate-sapling,0,4500,787,70000,0,1617767
-39544281,-57194262,1400890,2,bush,bramble-thicket,0,1500,836,70000,0,1616720
-39539208,-57195357,1400330,2,bush,red-huckleberry,0,2000,995,62000,0,1617280
-39787224,-57192370,1435280,2,bush,hazel-coppice,0,3000,231,130000,0,1535272
-39785807,-57193217,1435492,2,grass,bracken,0,1500,227,130000,0,1535060
-39781897,-57192146,1435482,2,bush,blackthorn-scrub,0,3000,181,130000,0,1535070
-39780172,-57192153,1435515,2,bush,red-huckleberry,0,2000,175,130000,0,1535037
-39773162,-57192406,1435412,2,bush,snowberry,0,1500,185,122000,0,1535140
-39771127,-57193330,1435417,2,bush,elder,0,3000,197,116000,0,1535135
-39768559,-57193327,1435206,2,bush,blackthorn-scrub,0,3000,143,116000,0,1535346
-39765326,-57193394,1434976,2,bush,red-huckleberry,0,2000,126,116000,0,1535576
-39762476,-57192511,1434278,2,bush,bramble-thicket,0,1500,750,108000,0,1536274
-39760142,-57193014,1433188,2,bush,witch-hazel,0,3000,888,108000,0,1537364
-39750189,-57191314,1426284,2,bush,dog-rose,0,2500,756,100000,0,1544268
-39721222,-57192935,1422207,2,bush,hazel-coppice,0,3000,662,70000,0,1548345
-39707903,-57191284,1414474,2,bush,box,0,2000,918,56000,0,1556078
-39684251,-57191410,1394273,2,bush,common-broom,0,2000,967,32000,0,1623337
-39677313,-57192520,1391215,2,bush,guelder-rose,1,3000,584,26000,0,1626395
-39674388,-57191218,1392524,2,bush,red-huckleberry,0,2000,707,18000,0,1625086
-39671080,-57192363,1392589,2,tree,temperate-sapling,0,4500,634,18000,0,1625021
-39667040,-57191793,1393899,2,bush,box,0,2000,798,10000,0,1623711
-39663808,-57192354,1394913,2,tree,temperate-sapling,0,4500,875,10000,0,1622697
-39662333,-57192969,1395058,2,bush,common-dogwood,1,2500,862,10000,0,1622552
-39659201,-57192644,1396111,2,bush,elder,0,3000,853,2000,0,1621499
-39654405,-57193186,1396942,2,tree,temperate-sapling,0,4500,786,2000,0,1620668
-39651020,-57192427,1397607,2,bush,red-huckleberry,0,2000,739,0,0,1620003
-39646386,-57191813,1397942,2,bush,hazel-coppice,0,3000,747,0,0,1619668
-39644667,-57193087,1397225,2,bush,gorse,0,1800,757,4000,0,1620385
-39640993,-57192795,1397606,2,bush,bramble-thicket,0,1500,976,4000,0,1620004
-39571260,-57192107,1401912,2,bush,rhododendron-thicket,0,3000,864,72000,0,1615698
-39566626,-57192816,1400703,2,bush,gorse,0,1800,805,72000,0,1616907
-39564384,-57193389,1400611,2,bush,bramble-thicket,0,1500,785,72000,0,1616999
-39559538,-57191395,1401978,2,bush,bramble-thicket,0,1500,773,70000,0,1615632
-39554189,-57191965,1401830,2,bush,red-huckleberry,0,2000,739,70000,0,1615780
-39551621,-57192543,1401688,2,bush,red-huckleberry,0,2000,753,70000,0,1615922
-39550938,-57192279,1402061,2,bush,bramble-thicket,0,1500,810,70000,0,1615549
-39794245,-57189196,1431956,2,bush,dog-rose,0,2500,987,138000,0,1538596
-39792216,-57190936,1433894,2,bush,blackthorn-scrub,0,3000,854,138000,0,1536658
-39786397,-57190463,1434696,2,bush,hazel-coppice,0,3000,725,130000,0,1535856
-39780637,-57190601,1435372,2,bush,blackthorn-scrub,0,3000,106,130000,0,1535180
-39776109,-57189301,1435103,2,bush,gorse,0,1800,98,122000,0,1535449
-39771688,-57190284,1435057,2,bush,bramble-thicket,0,1500,145,116000,0,1535495
-39768394,-57189893,1434929,2,bush,bramble-thicket,0,1500,133,116000,0,1535623
-39764148,-57190554,1434594,2,bush,elder,0,3000,420,108000,0,1535958
-39761699,-57191152,1433617,2,bush,red-huckleberry,0,2000,934,108000,0,1536935
-39749827,-57191063,1426069,2,bush,rhododendron-thicket,0,3000,772,92000,0,1544483
-39725134,-57189367,1423703,2,bush,red-huckleberry,0,2000,845,70000,0,1546849
-39718619,-57190729,1422647,2,bush,bramble-thicket,0,1500,532,62000,0,1547905
-39707701,-57189994,1414137,2,bush,guelder-rose,1,3000,861,56000,0,1556415
-39677490,-57190828,1392177,2,bush,blackthorn-scrub,0,3000,827,26000,0,1625433
-39676963,-57189682,1393055,2,bush,dog-rose,0,2500,829,26000,0,1624555
-39670091,-57189562,1394129,2,bush,red-huckleberry,0,2000,842,18000,0,1623481
-39665853,-57190955,1394693,2,bush,dog-rose,0,2500,880,10000,0,1622917
-39662978,-57189629,1396511,2,bush,common-dogwood,1,2500,852,10000,0,1621099
-39653911,-57189456,1399015,2,bush,elder,0,3000,700,2000,0,1618595
-39651224,-57190427,1398787,2,bush,dog-rose,0,2500,700,0,0,1618823
-39650550,-57189819,1399291,2,bush,hazel-coppice,0,3000,693,0,0,1618319
-39647369,-57189070,1400025,2,bush,box,0,2000,760,0,0,1617585
-39572112,-57190460,1403206,2,bush,snowberry,0,1500,957,72000,0,1614404
-39569713,-57189536,1403380,2,bush,gorse,0,1800,885,72000,0,1614230
-39568016,-57190547,1402499,2,bush,bramble-thicket,0,1500,779,72000,0,1615111
-39566890,-57189545,1403113,2,bush,rhododendron-thicket,0,3000,772,72000,0,1614497
-39561808,-57190685,1402640,2,bush,bramble-thicket,0,1500,759,70000,0,1614970
-39559348,-57190915,1402272,2,bush,red-huckleberry,0,2000,762,70000,0,1615338
-39778972,-57186960,1434338,2,bush,hazel-coppice,0,3000,875,122000,0,1536214
-39777749,-57188162,1435040,2,bush,red-huckleberry,0,2000,204,122000,0,1535512
-39774911,-57188215,1434967,2,bush,box,0,2000,152,122000,0,1535585
-39770171,-57187556,1434797,2,bush,bramble-thicket,0,1500,70,116000,0,1535755
-39766458,-57187833,1434748,2,grass,bracken,0,1500,59,116000,0,1535804
-39757424,-57187238,1430281,2,bush,elder,0,3000,669,100000,0,1540271
-39754253,-57187917,1428450,2,bush,snowberry,0,1500,734,100000,0,1542102
-39721468,-57188540,1423945,2,bush,snowberry,0,1500,528,70000,0,1546607
-39717748,-57188506,1422132,2,bush,elder,0,3000,791,62000,0,1548420
-39710081,-57187937,1416295,2,bush,rhododendron-thicket,0,3000,701,56000,0,1554257
-39707997,-57187259,1415022,2,bush,elder,0,3000,851,56000,0,1555530
-39677694,-57187488,1394740,2,bush,gorse,0,1800,901,26000,0,1622870
-39670989,-57187125,1395119,2,bush,box,0,2000,713,18000,0,1622491
-39663458,-57188301,1396847,2,bush,common-dogwood,1,2500,851,10000,0,1620763
-39659732,-57188424,1397966,2,bush,elder,0,3000,813,2000,0,1619644
-39653127,-57187400,1400247,2,bush,guelder-rose,1,3000,694,2000,0,1617363
-39646755,-57187872,1400918,2,bush,common-dogwood,1,2500,783,0,0,1616692
-39645326,-57188521,1400632,2,bush,common-dogwood,1,2500,849,0,0,1616978
-39643762,-57187699,1401621,2,bush,common-dogwood,1,2500,902,4000,0,1615989
-39569136,-57188214,1404375,2,bush,box,0,2000,928,72000,0,1613235
-39562785,-57188456,1404131,2,bush,box,0,2000,810,72000,0,1613479
-39561296,-57187354,1404927,2,bush,red-huckleberry,0,2000,898,78000,0,1612683
-39761785,-57184963,1432215,2,bush,hazel-coppice,0,3000,796,108000,0,1538337
-39758519,-57185781,1430585,2,bush,red-huckleberry,0,2000,641,108000,0,1539967
-39752339,-57186747,1427142,2,bush,snowberry,0,1500,777,100000,0,1543410
-39722271,-57186349,1424601,2,bush,red-huckleberry,0,2000,580,70000,0,1545951
-39712537,-57186049,1417968,2,bush,dog-rose,0,2500,678,62000,0,1552584
-39711687,-57186457,1417295,2,bush,box,0,2000,636,56000,0,1553257
-39675491,-57185515,1396332,2,bush,snowberry,0,1500,832,26000,0,1621278
-39672511,-57185715,1395926,2,bush,common-broom,0,2000,709,18000,0,1621684
-39654213,-57185645,1401247,2,bush,dog-rose,0,2500,697,2000,0,1616363
-39648362,-57184608,1402679,2,bush,red-huckleberry,0,2000,740,0,0,1614931
-39644786,-57186030,1402390,2,bush,common-dogwood,1,2500,845,4000,0,1615220
-39598932,-57186344,1410371,2,bush,snowberry,0,1500,990,50000,0,1607239
-39564267,-57185328,1406722,2,bush,box,0,2000,878,78000,0,1610888
-39765324,-57184501,1434389,2,bush,hazel-coppice,0,3000,509,116000,0,1536163
-39758827,-57183764,1430469,2,bush,rhododendron-thicket,0,3000,483,108000,0,1540083
-39756418,-57183002,1429814,2,bush,bramble-thicket,0,1500,700,100000,0,1540738
-39756021,-57183976,1429395,2,bush,rhododendron-thicket,0,3000,719,100000,0,1541157
-39742695,-57182715,1423660,2,bush,bramble-thicket,0,1500,865,92000,0,1546892
-39725508,-57183654,1426573,2,bush,rhododendron-thicket,0,3000,646,70000,0,1543979
-39725243,-57182942,1426573,2,bush,red-huckleberry,0,2000,605,70000,0,1543979
-39723032,-57183813,1425062,2,bush,gorse,0,1800,699,70000,0,1545490
-39716880,-57182655,1420497,2,bush,blackthorn-scrub,0,3000,635,62000,0,1550055
-39713081,-57183749,1418562,2,bush,blackthorn-scrub,0,3000,651,62000,0,1551990
-39711131,-57182695,1418156,2,bush,guelder-rose,1,3000,800,56000,0,1552396
-39708212,-57184491,1416811,2,bush,blackthorn-scrub,0,3000,848,56000,0,1553741
-39670900,-57183541,1397303,2,bush,red-huckleberry,0,2000,705,18000,0,1620307
-39666735,-57182880,1398479,2,bush,bramble-thicket,0,1500,868,10000,0,1619131
-39663856,-57182891,1399351,2,bush,hazel-coppice,0,3000,882,10000,0,1618259
-39662656,-57183060,1399537,2,bush,rhododendron-thicket,0,3000,846,10000,0,1618073
-39659429,-57183512,1400491,2,bush,dog-rose,0,2500,830,2000,0,1617119
-39652099,-57182624,1403174,2,bush,dog-rose,0,2500,714,0,0,1614436
-39647104,-57183739,1403260,2,bush,snowberry,0,1500,770,0,0,1614350
-39643902,-57184185,1403881,2,bush,box,0,2000,881,4000,0,1613729
-39568906,-57184417,1408194,2,bush,red-huckleberry,0,2000,917,78000,0,1609416
-39562384,-57183093,1408922,2,bush,dog-rose,0,2500,882,78000,0,1608688
-39793454,-57180243,1424943,2,bush,bramble-thicket,0,1500,831,138000,0,1545609
-39791320,-57180662,1425449,2,bush,red-huckleberry,0,2000,882,138000,0,1545103
-39766731,-57180449,1434132,2,bush,hazel-coppice,0,3000,386,116000,0,1536420
-39762840,-57181635,1432982,2,bush,blackthorn-scrub,0,3000,658,108000,0,1537570
-39758020,-57180959,1431045,2,bush,bramble-thicket,0,1500,650,108000,0,1539507
-39742334,-57180972,1425186,2,bush,bramble-thicket,0,1500,805,86000,0,1545366
-39736765,-57180309,1425919,2,bush,bramble-thicket,0,1500,898,86000,0,1544633
-39716885,-57180706,1420689,2,bush,dog-rose,0,2500,716,62000,0,1549863
-39714423,-57182367,1419537,2,bush,elder,0,3000,669,62000,0,1551015
-39688913,-57180567,1406251,2,bush,box,0,2000,883,32000,0,1611359
-39668463,-57181420,1398848,2,bush,common-dogwood,1,2500,869,18000,0,1618762
-39668047,-57181220,1398967,2,bush,bramble-thicket,0,1500,917,18000,0,1618643
-39661282,-57182067,1400558,2,bush,snowberry,0,1500,873,10000,0,1617052
-39658835,-57181179,1402106,2,bush,common-dogwood,1,2500,894,2000,0,1615504
-39651092,-57181732,1403657,2,bush,guelder-rose,1,3000,729,0,0,1613953
-39650593,-57180593,1404249,2,bush,dog-rose,0,2500,766,0,0,1613361
-39647569,-57181232,1404375,2,bush,bramble-thicket,0,1500,758,0,0,1613235
-39644490,-57182131,1404746,2,bush,guelder-rose,1,3000,838,4000,0,1612864
-39642861,-57182359,1405129,2,bush,witch-hazel,0,3000,868,4000,0,1612481
-39641548,-57181884,1405703,2,bush,bramble-thicket,0,1500,923,4000,0,1611907
-39562172,-57180518,1410866,2,bush,hazel-coppice,0,3000,763,78000,0,1606744
-39790188,-57179081,1424263,2,bush,red-huckleberry,0,2000,841,138000,0,1546289
-39789119,-57178836,1424130,2,bush,snowberry,0,1500,811,138000,0,1546422
-39785312,-57178758,1424877,2,bush,blackthorn-scrub,0,3000,864,130000,0,1545675
-39775563,-57179476,1431076,2,bush,common-broom,0,2000,884,122000,0,1539476
-39769712,-57178722,1434195,2,bush,box,0,2000,745,116000,0,1536357
-39767765,-57178843,1434613,2,bush,bramble-thicket,0,1500,315,116000,0,1535939
-39764296,-57179209,1434184,2,bush,witch-hazel,0,3000,383,108000,0,1536368
-39762518,-57178540,1434070,2,bush,bramble-thicket,0,1500,726,108000,0,1536482
-39756477,-57178466,1431010,2,bush,blackthorn-scrub,0,3000,637,100000,0,1539542
-39753421,-57178095,1429633,2,bush,snowberry,0,1500,753,100000,0,1540919
-39751525,-57180053,1428080,2,bush,common-broom,0,2000,928,100000,0,1542472
-39747380,-57179226,1426068,2,bush,bramble-thicket,0,1500,940,92000,0,1544484
-39737354,-57179867,1426275,2,bush,bramble-thicket,0,1500,882,86000,0,1544277
-39735825,-57180074,1426317,2,bush,bramble-thicket,0,1500,905,86000,0,1544235
-39730321,-57178133,1429224,2,bush,gorse,0,1800,741,78000,0,1541328
-39723391,-57180105,1424978,2,bush,hazel-coppice,0,3000,817,70000,0,1545574
-39720599,-57179382,1422465,2,bush,bramble-thicket,0,1500,981,70000,0,1548087
-39712599,-57178629,1421479,2,bush,snowberry,0,1500,901,62000,0,1549073
-39707307,-57179203,1419685,2,bush,red-huckleberry,0,2000,913,56000,0,1550867
-39668861,-57178527,1400663,2,bush,hazel-coppice,0,3000,891,18000,0,1569889
-39658895,-57178686,1403553,2,bush,common-dogwood,1,2500,946,2000,0,1566999
-39654937,-57178136,1404918,2,bush,red-huckleberry,0,2000,896,2000,0,1565634
-39651607,-57178625,1405291,2,bush,common-dogwood,1,2500,826,0,0,1565261
-39608684,-57178460,1423243,2,bush,gorse,0,1800,818,34000,0,1547309
-39574024,-57179831,1411788,2,bush,box,0,2000,925,66000,0,1558764
-39570468,-57179785,1411051,2,bush,elder,0,3000,802,66000,0,1559501
-39565322,-57178200,1411744,2,bush,rhododendron-thicket,0,3000,680,72000,0,1558808
-39562743,-57178841,1411785,2,bush,snowberry,0,1500,721,72000,0,1558767
-39782160,-57175966,1424760,2,bush,red-huckleberry,0,2000,517,130000,0,1545792
-39773348,-57176177,1431267,2,bush,rhododendron-thicket,0,3000,746,122000,0,1539285
-39761186,-57177281,1433632,2,bush,bramble-thicket,0,1500,917,108000,0,1536920
-39759702,-57177496,1432643,2,bush,bramble-thicket,0,1500,862,108000,0,1537909
-39755872,-57175899,1431238,2,bush,rhododendron-thicket,0,3000,661,100000,0,1539314
-39751022,-57176366,1429001,2,bush,red-huckleberry,0,2000,961,100000,0,1541551
-39746044,-57176206,1427551,2,bush,blackthorn-scrub,0,3000,708,92000,0,1543001
-39742893,-57176094,1427964,2,bush,bramble-thicket,0,1500,753,92000,0,1542588
-39739463,-57176530,1428201,2,bush,bramble-thicket,0,1500,819,86000,0,1542351
-39736166,-57176314,1429019,2,bush,red-huckleberry,0,2000,888,86000,0,1541533
-39730316,-57177796,1429421,2,bush,common-broom,0,2000,796,78000,0,1541131
-39724725,-57177601,1426868,2,bush,bramble-thicket,0,1500,851,70000,0,1543684
-39689438,-57177440,1408546,2,bush,dog-rose,0,2500,942,32000,0,1562006
-39659909,-57177973,1403962,2,bush,bramble-thicket,0,1500,947,2000,0,1566590
-39658537,-57175967,1405426,2,bush,bramble-thicket,0,1500,857,2000,0,1565126
-39651174,-57176061,1407293,2,bush,red-huckleberry,0,2000,673,0,0,1563259
-39650391,-57177248,1406708,2,bush,common-dogwood,1,2500,869,0,0,1563844
-39614847,-57176060,1423362,2,bush,bramble-thicket,0,1500,856,34000,0,1547190
-39562879,-57177504,1412576,2,bush,box,0,2000,761,72000,0,1557976
-39562509,-57177028,1412936,2,bush,hazel-coppice,0,3000,802,72000,0,1557616
-39529054,-57177534,1427271,2,bush,blackthorn-scrub,0,3000,860,84000,0,1543281
-39794072,-57175690,1421797,2,bush,blackthorn-scrub,0,3000,746,138000,0,1548755
-39783129,-57174313,1424366,2,bush,snowberry,0,1500,901,130000,0,1546186
-39775056,-57175377,1430342,2,bush,box,0,2000,953,122000,0,1540210
-39773365,-57173816,1431490,2,bush,red-huckleberry,0,2000,928,122000,0,1539062
-39768447,-57174086,1434499,2,bush,snowberry,0,1500,347,116000,0,1536053
-39760798,-57174927,1433944,2,bush,red-huckleberry,0,2000,885,108000,0,1536608
-39757014,-57175075,1431922,2,bush,bramble-thicket,0,1500,681,100000,0,1538630
-39752278,-57173805,1430679,2,bush,box,0,2000,691,100000,0,1539873
-39748547,-57174468,1428626,2,bush,elder,0,3000,859,92000,0,1541926
-39746858,-57174781,1428278,2,bush,snowberry,0,1500,597,92000,0,1542274
-39744661,-57174324,1428807,2,bush,snowberry,0,1500,789,92000,0,1541745
-39742190,-57173933,1429385,2,bush,dog-rose,0,2500,810,86000,0,1541167
-39740296,-57174997,1429241,2,bush,bramble-thicket,0,1500,836,86000,0,1541311
-39732362,-57174838,1430854,2,bush,red-huckleberry,0,2000,651,78000,0,1539698
-39731119,-57175414,1430241,2,bush,witch-hazel,0,3000,649,78000,0,1540311
-39725844,-57175574,1428309,2,bush,bramble-thicket,0,1500,729,70000,0,1542243
-39723318,-57175011,1426975,2,bush,common-broom,0,2000,865,70000,0,1543577
-39661915,-57175747,1404706,2,bush,box,0,2000,887,10000,0,1565846
-39654870,-57174607,1407115,2,bush,bramble-thicket,0,1500,631,2000,0,1563437
-39650555,-57175403,1407680,2,bush,red-huckleberry,0,2000,641,0,0,1562872
-39642378,-57174589,1409995,2,bush,common-dogwood,1,2500,802,4000,0,1560557
-39636412,-57175219,1411369,2,bush,rhododendron-thicket,0,3000,603,12000,0,1559183
-39566167,-57174575,1414063,2,bush,elder,0,3000,713,72000,0,1556489
-39564217,-57173674,1414609,2,bush,common-broom,0,2000,925,72000,0,1555943
-39766706,-57172546,1434853,2,bush,bramble-thicket,0,1500,196,116000,0,1535699
-39763192,-57172185,1435107,2,bush,dog-rose,0,2500,141,108000,0,1535445
-39761543,-57172505,1434735,2,bush,bramble-thicket,0,1500,759,108000,0,1535817
-39758881,-57171665,1433479,2,bush,gorse,0,1800,810,108000,0,1537073
-39748664,-57171632,1429630,2,bush,bramble-thicket,0,1500,772,92000,0,1540922
-39740588,-57172129,1430770,2,bush,box,0,2000,810,86000,0,1539782
-39735422,-57173232,1431044,2,bush,red-huckleberry,0,2000,902,86000,0,1539508
-39730940,-57172170,1431033,2,bush,hazel-coppice,0,3000,809,78000,0,1539519
-39729269,-57171930,1430530,2,bush,gorse,0,1800,698,78000,0,1540022
-39727462,-57171827,1429991,2,bush,rhododendron-thicket,0,3000,648,70000,0,1540561
-39721400,-57171480,1428774,2,bush,blackthorn-scrub,0,3000,654,70000,0,1541778
-39715453,-57172518,1427879,2,bush,bramble-thicket,0,1500,860,62000,0,1542673
-39665866,-57173261,1405274,2,bush,guelder-rose,1,3000,746,10000,0,1565278
-39648678,-57171755,1409344,2,bush,elder,0,3000,626,0,0,1561208
-39646365,-57172905,1409411,2,bush,common-dogwood,1,2500,675,0,0,1561141
-39639642,-57172412,1411505,2,bush,blackthorn-scrub,0,3000,683,4000,0,1559047
-39637066,-57172886,1412233,2,bush,bramble-thicket,0,1500,598,12000,0,1558319
-39608936,-57171806,1428744,2,bush,common-dogwood,1,2500,859,32000,0,1541808
-39590440,-57172762,1429130,2,bush,snowberry,0,1500,885,54000,0,1541422
-39588924,-57173204,1428958,2,bush,red-huckleberry,0,2000,928,54000,0,1541594
-39528720,-57172014,1430601,2,bush,rhododendron-thicket,0,3000,485,90000,0,1539951
-39765501,-57170220,1435070,2,bush,witch-hazel,0,3000,161,116000,0,1535482
-39761865,-57170056,1435438,2,bush,box,0,2000,132,108000,0,1535114
-39754244,-57170344,1432668,2,bush,rhododendron-thicket,0,3000,724,100000,0,1537884
-39744435,-57171165,1430540,2,bush,red-huckleberry,0,2000,787,92000,0,1540012
-39740891,-57170085,1432139,2,bush,red-huckleberry,0,2000,771,86000,0,1538413
-39730620,-57169956,1431748,2,bush,hazel-coppice,0,3000,767,78000,0,1538804
-39722536,-57171394,1428868,2,bush,rhododendron-thicket,0,3000,661,70000,0,1541684
-39720867,-57169469,1429705,2,bush,bramble-thicket,0,1500,580,70000,0,1540847
-39715323,-57171142,1428745,2,bush,dog-rose,0,2500,705,62000,0,1541807
-39713391,-57170049,1429410,2,bush,bramble-thicket,0,1500,715,62000,0,1541142
-39683634,-57170531,1419484,2,bush,gorse,0,1800,932,32000,0,1551068
-39662056,-57171107,1407385,2,bush,red-huckleberry,0,2000,707,10000,0,1563167
-39659123,-57169382,1408827,2,bush,rhododendron-thicket,0,3000,558,2000,0,1561725
-39654878,-57169737,1409191,2,bush,elder,0,3000,527,2000,0,1561361
-39647601,-57170096,1410348,2,bush,snowberry,0,1500,633,0,0,1560204
-39644964,-57171137,1410527,2,bush,snowberry,0,1500,643,4000,0,1560025
-39642909,-57171225,1411052,2,bush,red-huckleberry,0,2000,661,4000,0,1559500
-39640600,-57170795,1411782,2,bush,witch-hazel,0,3000,678,4000,0,1558770
-39638605,-57169288,1413177,2,bush,bramble-thicket,0,1500,634,4000,0,1557375
-39614924,-57169491,1428002,2,bush,red-huckleberry,0,2000,711,32000,0,1542550
-39591357,-57170357,1430684,2,bush,bramble-thicket,0,1500,872,50000,0,1539868
-39586954,-57169773,1430921,2,bush,gorse,0,1800,887,50000,0,1539631
-39532942,-57170561,1430530,2,bush,gorse,0,1800,799,92000,0,1540022
-39527805,-57170068,1431665,2,bush,bramble-thicket,0,1500,485,90000,0,1538887
-39767775,-57168080,1434781,2,bush,bramble-thicket,0,1500,251,116000,0,1535771
-39765400,-57167395,1435183,2,bush,dog-rose,0,2500,234,116000,0,1535369
-39762549,-57167205,1435542,2,grass,bracken,0,1500,179,108000,0,1535010
-39759727,-57169189,1435072,2,bush,bramble-thicket,0,1500,792,108000,0,1535480
-39752263,-57168853,1432203,2,bush,red-huckleberry,0,2000,730,100000,0,1538349
-39744864,-57167676,1431664,2,bush,dog-rose,0,2500,730,92000,0,1538888
-39732710,-57167810,1433580,2,bush,red-huckleberry,0,2000,898,78000,0,1536972
-39731668,-57168249,1432663,2,bush,gorse,0,1800,749,78000,0,1537889
-39729780,-57167080,1432245,2,bush,box,0,2000,768,78000,0,1538307
-39725779,-57168454,1430656,2,bush,bramble-thicket,0,1500,565,70000,0,1539896
-39722139,-57168075,1430458,2,bush,common-broom,0,2000,507,70000,0,1540094
-39710427,-57168300,1430105,2,bush,witch-hazel,0,3000,784,56000,0,1540447
-39660918,-57168907,1408787,2,bush,dog-rose,0,2500,586,10000,0,1561765
-39657534,-57167238,1409935,2,bush,common-dogwood,1,2500,453,2000,0,1560617
-39654230,-57168145,1409918,2,bush,guelder-rose,1,3000,514,2000,0,1560634
-39644275,-57167213,1412350,2,bush,dog-rose,0,2500,629,4000,0,1558202
-39640574,-57168280,1413068,2,bush,red-huckleberry,0,2000,642,4000,0,1557484
-39636280,-57168416,1414061,2,bush,box,0,2000,614,12000,0,1556491
-39600010,-57167238,1429189,2,bush,common-broom,0,2000,819,38000,0,1541363
-39590678,-57169126,1431593,2,bush,rhododendron-thicket,0,3000,779,50000,0,1538959
-39547216,-57169087,1430235,2,bush,hazel-coppice,0,3000,818,84000,0,1540317
-39772646,-57166240,1435026,2,bush,rhododendron-thicket,0,3000,618,122000,0,1535526
-39769688,-57166090,1435190,2,grass,bracken,0,1500,256,116000,0,1535362
-39760780,-57166288,1435933,2,bush,snowberry,0,1500,260,108000,0,1534619
-39760171,-57164810,1436188,2,bush,red-huckleberry,0,2000,192,108000,0,1534364
-39747624,-57166595,1430846,2,bush,bramble-thicket,0,1500,257,92000,0,1539706
-39743063,-57166958,1432605,2,bush,dog-rose,0,2500,718,92000,0,1537947
-39739732,-57166959,1433998,2,bush,blackthorn-scrub,0,3000,797,86000,0,1536554
-39738479,-57165672,1434951,2,bush,box,0,2000,805,86000,0,1535601
-39735227,-57166031,1435296,2,bush,common-broom,0,2000,595,86000,0,1535256
-39732784,-57165410,1434017,2,bush,dog-rose,0,2500,851,78000,0,1536535
-39725916,-57165874,1431823,2,bush,elder,0,3000,501,70000,0,1538729
-39724518,-57166879,1431144,2,bush,gorse,0,1800,505,70000,0,1539408
-39722636,-57166197,1431364,2,bush,bramble-thicket,0,1500,481,70000,0,1539188
-39719738,-57165946,1431487,2,bush,bramble-thicket,0,1500,555,62000,0,1539065
-39718345,-57166953,1430916,2,bush,hazel-coppice,0,3000,547,62000,0,1539636
-39705719,-57165875,1430295,2,bush,gorse,0,1800,902,56000,0,1540257
-39703649,-57165780,1429645,2,bush,red-huckleberry,0,2000,896,48000,0,1540907
-39657509,-57166778,1410097,2,bush,bramble-thicket,0,1500,442,2000,0,1560455
-39652386,-57166284,1410865,2,bush,bramble-thicket,0,1500,504,0,0,1559687
-39647220,-57166652,1411724,2,bush,dog-rose,0,2500,584,0,0,1558828
-39644936,-57166815,1412220,2,bush,guelder-rose,1,3000,611,4000,0,1558332
-39643177,-57165873,1413214,2,bush,bramble-thicket,0,1500,649,4000,0,1557338
-39637357,-57166333,1414550,2,bush,box,0,2000,656,12000,0,1556002
-39614563,-57166240,1429828,2,bush,bramble-thicket,0,1500,641,32000,0,1540724
-39609177,-57165581,1432355,2,bush,common-dogwood,1,2500,774,32000,0,1538197
-39607152,-57166517,1431997,2,bush,bramble-thicket,0,1500,824,38000,0,1538555
-39606477,-57165246,1432411,2,bush,bramble-thicket,0,1500,930,38000,0,1538141
-39601538,-57166474,1429422,2,bush,elder,0,3000,654,38000,0,1541130
-39589860,-57164979,1434347,2,bush,bramble-thicket,0,1500,541,46000,0,1536205
-39586226,-57165752,1433450,2,bush,elder,0,3000,789,50000,0,1537102
-39567726,-57165020,1421953,2,bush,bramble-thicket,0,1500,880,66000,0,1548599
-39528666,-57165638,1433697,2,bush,bramble-thicket,0,1500,568,90000,0,1536855
-39769581,-57164179,1435606,2,bush,snowberry,0,1500,190,116000,0,1534946
-39762847,-57163765,1435935,2,grass,bracken,0,1500,287,108000,0,1534617
-39760725,-57163585,1436320,2,bush,bramble-thicket,0,1500,224,108000,0,1534232
-39758432,-57163740,1436487,2,bush,elder,0,3000,246,108000,0,1534065
-39755975,-57163062,1436137,2,bush,red-huckleberry,0,2000,889,100000,0,1534415
-39751179,-57162922,1433411,2,bush,snowberry,0,1500,755,100000,0,1537141
-39749019,-57163718,1432078,2,bush,hazel-coppice,0,3000,859,92000,0,1538474
-39740700,-57164512,1434524,2,bush,gorse,0,1800,822,86000,0,1536028
-39732373,-57163603,1434654,2,bush,bramble-thicket,0,1500,886,78000,0,1535898
-39729433,-57163776,1433543,2,bush,red-huckleberry,0,2000,822,78000,0,1537009
-39725633,-57163403,1432867,2,bush,elder,0,3000,488,70000,0,1537685
-39723938,-57162821,1433088,2,bush,elder,0,3000,531,70000,0,1537464
-39717745,-57164395,1432405,2,bush,rhododendron-thicket,0,3000,585,62000,0,1538147
-39714771,-57163252,1433135,2,bush,blackthorn-scrub,0,3000,601,62000,0,1537417
-39660238,-57163715,1411110,2,bush,red-huckleberry,0,2000,422,10000,0,1559442
-39658450,-57163571,1411147,2,bush,bramble-thicket,0,1500,444,2000,0,1559405
-39656451,-57163096,1411336,2,bush,bramble-thicket,0,1500,414,2000,0,1559216
-39654282,-57162620,1411773,2,bush,box,0,2000,408,2000,0,1558779
-39651307,-57163471,1411803,2,bush,red-huckleberry,0,2000,523,0,0,1558749
-39648503,-57162947,1412433,2,bush,guelder-rose,1,3000,533,0,0,1558119
-39643376,-57163807,1413788,2,bush,guelder-rose,1,3000,676,2000,0,1556764
-39641405,-57164452,1414206,2,bush,gorse,0,1800,689,2000,0,1556346
-39615038,-57162736,1431336,2,bush,box,0,2000,477,22000,0,1539216
-39612803,-57162875,1431493,2,bush,bramble-thicket,0,1500,811,28000,0,1539059
-39602267,-57163519,1430915,2,bush,elder,0,3000,782,34000,0,1539637
-39591542,-57162787,1435478,2,bush,bramble-thicket,0,1500,636,46000,0,1535074
-39589013,-57164088,1434802,2,bush,blackthorn-scrub,0,3000,561,46000,0,1535750
-39548655,-57163182,1433258,2,bush,bramble-thicket,0,1500,788,74000,0,1537294
-39547061,-57163374,1433216,2,bush,elder,0,3000,782,82000,0,1537336
-39529760,-57163972,1434164,2,bush,hazel-coppice,0,3000,621,94000,0,1536388
-39774618,-57160416,1435819,2,bush,hazel-coppice,0,3000,179,122000,0,1534733
-39771684,-57162071,1435838,2,bush,bramble-thicket,0,1500,221,116000,0,1534714
-39770256,-57162021,1435917,2,bush,witch-hazel,0,3000,181,116000,0,1534635
-39765685,-57161910,1436092,2,grass,bracken,0,1500,257,116000,0,1534460
-39762243,-57162251,1436304,2,bush,bramble-thicket,0,1500,287,108000,0,1534248
-39758853,-57160755,1436862,2,bush,hazel-coppice,0,3000,308,108000,0,1533690
-39758264,-57162529,1436724,2,bush,bramble-thicket,0,1500,203,108000,0,1533828
-39755263,-57160592,1436074,2,bush,snowberry,0,1500,840,100000,0,1534478
-39747811,-57161173,1432673,2,bush,red-huckleberry,0,2000,744,92000,0,1537879
-39746308,-57162525,1432117,2,bush,bramble-thicket,0,1500,489,92000,0,1538435
-39741238,-57161570,1435173,2,bush,common-broom,0,2000,797,86000,0,1535379
-39739374,-57160646,1436416,2,bush,dog-rose,0,2500,747,86000,0,1534136
-39730781,-57161503,1435102,2,bush,red-huckleberry,0,2000,875,78000,0,1535450
-39727587,-57161822,1433581,2,bush,elder,0,3000,643,78000,0,1536971
-39724920,-57162566,1433305,2,bush,witch-hazel,0,3000,535,70000,0,1537247
-39714827,-57160470,1435226,2,bush,hazel-coppice,0,3000,685,62000,0,1535326
-39712023,-57162388,1433813,2,bush,hazel-coppice,0,3000,712,56000,0,1536739
-39708904,-57162222,1433322,2,bush,bramble-thicket,0,1500,874,56000,0,1537230
-39673527,-57160905,1425973,2,bush,gorse,0,1800,950,18000,0,1544579
-39661519,-57160863,1412394,2,bush,red-huckleberry,0,2000,842,10000,0,1558158
-39658598,-57161029,1412178,2,bush,box,0,2000,465,2000,0,1558374
-39648649,-57162315,1412583,2,bush,bramble-thicket,0,1500,533,0,0,1557969
-39642264,-57162053,1414795,2,bush,snowberry,0,1500,681,2000,0,1555757
-39640751,-57161363,1415596,2,bush,common-dogwood,1,2500,690,2000,0,1554956
-39638723,-57160530,1416390,2,bush,bramble-thicket,0,1500,694,2000,0,1554162
-39635493,-57160516,1417453,2,grass,bracken,0,1500,450,8000,0,1553099
-39613237,-57162329,1431564,2,bush,hazel-coppice,0,3000,746,28000,0,1538988
-39602323,-57162248,1431687,2,bush,gorse,0,1800,795,34000,0,1538865
-39599677,-57161821,1431726,2,bush,guelder-rose,1,3000,841,40000,0,1538826
-39587031,-57161333,1435797,2,bush,bramble-thicket,0,1500,737,46000,0,1534755
-39546730,-57160676,1434533,2,bush,bramble-thicket,0,1500,868,82000,0,1536019
-39544396,-57162494,1433122,2,bush,box,0,2000,844,82000,0,1537430
-39538305,-57161236,1435073,2,bush,box,0,2000,971,88000,0,1535479
-39533242,-57161956,1434981,2,bush,gorse,0,1800,934,88000,0,1535571
-39526949,-57162076,1435441,2,bush,red-huckleberry,0,2000,569,94000,0,1535111
-39772593,-57159288,1436172,2,bush,hazel-coppice,0,3000,217,122000,0,1534380
-39767987,-57158419,1436558,2,grass,bracken,0,1500,222,116000,0,1533994
-39765943,-57158793,1436663,2,bush,snowberry,0,1500,256,116000,0,1533889
-39757562,-57159495,1437135,2,bush,bramble-thicket,0,1500,193,108000,0,1533417
-39748572,-57158927,1433891,2,bush,elder,0,3000,712,92000,0,1536661
-39746857,-57159030,1433345,2,bush,elder,0,3000,828,92000,0,1537207
-39742288,-57159486,1435155,2,bush,bramble-thicket,0,1500,777,86000,0,1535397
-39738848,-57159508,1436979,2,bush,snowberry,0,1500,790,86000,0,1533573
-39730772,-57159258,1436175,2,bush,bramble-thicket,0,1500,903,78000,0,1534377
-39716887,-57158494,1436412,2,bush,bramble-thicket,0,1500,733,62000,0,1534140
-39710799,-57159849,1435363,2,bush,bramble-thicket,0,1500,821,56000,0,1535189
-39649134,-57159160,1413580,2,bush,bramble-thicket,0,1500,517,0,0,1556972
-39646719,-57159877,1413963,2,bush,common-dogwood,1,2500,598,0,0,1556589
-39645382,-57159935,1414417,2,bush,red-huckleberry,0,2000,638,0,0,1556135
-39640959,-57160036,1415895,2,bush,blackthorn-scrub,0,3000,691,2000,0,1554657
-39636762,-57158667,1417842,2,bush,rhododendron-thicket,0,3000,689,8000,0,1552710
-39619690,-57159156,1434284,2,bush,red-huckleberry,0,2000,760,22000,0,1536268
-39616630,-57160326,1432487,2,bush,dog-rose,0,2500,862,22000,0,1538065
-39615321,-57159962,1432120,2,bush,elder,0,3000,554,22000,0,1538432
-39611706,-57158299,1433527,2,bush,common-dogwood,1,2500,625,28000,0,1537025
-39609170,-57158317,1434380,2,bush,rhododendron-thicket,0,3000,473,28000,0,1536172
-39607443,-57158830,1434594,2,bush,red-huckleberry,0,2000,183,34000,0,1535958
-39603862,-57159553,1433367,2,bush,elder,0,3000,779,34000,0,1537185
-39595847,-57158552,1434715,2,bush,hazel-coppice,0,3000,864,40000,0,1535837
-39594156,-57160291,1435836,2,bush,bramble-thicket,0,1500,795,40000,0,1534716
-39592440,-57159141,1436818,2,bush,blackthorn-scrub,0,3000,736,46000,0,1533734
-39591047,-57159344,1437159,2,bush,red-huckleberry,0,2000,766,46000,0,1533393
-39548356,-57159698,1435229,2,bush,gorse,0,1800,861,74000,0,1535323
-39531792,-57158207,1438151,2,bush,dog-rose,0,2500,836,94000,0,1532401
-39788733,-57421877,1373360,3,grass,meadow-grass,0,450,464,8000,0,1691308
-39790126,-57420534,1373863,3,grass,sword-fern,0,1200,441,8000,0,1690805
-39788547,-57420682,1373668,3,flower,primrose,0,240,419,8000,0,1691000
-39788099,-57419887,1373747,3,grass,feather-moss,0,220,427,16000,0,1690921
-39787066,-57419307,1373629,3,bush,salal,0,1200,475,14000,0,1691039
-39786286,-57419217,1373436,3,bush,salal,0,1200,541,14000,0,1691232
-39789397,-57418698,1374278,3,grass,lady-fern,1,900,427,16000,0,1690390
-39786558,-57418603,1373675,3,grass,feather-moss,0,220,497,14000,0,1690993
-39786186,-57418623,1373627,3,grass,meadow-grass,0,450,525,14000,0,1691041
-39781893,-57418795,1372698,3,bush,salal,0,1200,722,14000,0,1691970
-39788191,-57418230,1374133,3,grass,feather-moss,0,220,459,16000,0,1690535
-39787563,-57418122,1374001,3,flower,herb-robert,0,350,467,16000,0,1690667
-39785787,-57417689,1373910,3,grass,meadow-grass,0,450,522,14000,0,1690758
-39781048,-57417915,1372958,3,bush,salal,0,1200,702,14000,0,1691710
-39790850,-57417348,1374803,3,grass,sword-fern,0,1200,346,16000,0,1689865
-39788687,-57417449,1374408,3,flower,herb-robert,0,350,432,16000,0,1690260
-39786274,-57417152,1374200,3,bush,salal,0,1200,483,14000,0,1690468
-39783320,-57417289,1373671,3,bush,salal,0,1200,598,14000,0,1690997
-39780061,-57417130,1373147,3,bush,salal,0,1200,644,14000,0,1691521
-39767279,-57416823,1364570,3,bush,salal,0,1200,834,4000,0,1700098
-39788000,-57416097,1374725,3,grass,feather-moss,0,220,409,16000,0,1689943
-39784303,-57416229,1374258,3,bush,salal,0,1200,556,14000,0,1690410
-39780962,-57416407,1373527,3,bush,salal,0,1200,630,14000,0,1691141
-39780028,-57416632,1373339,3,bush,salal,0,1200,618,14000,0,1691329
-39778412,-57416627,1372945,3,bush,salal,0,1200,609,10000,0,1691723
-39777554,-57416316,1372691,3,bush,salal,0,1200,723,10000,0,1691977
-39770068,-57416047,1365779,3,bush,salal,0,1200,764,4000,0,1698889
-39786791,-57415607,1374741,3,grass,sword-fern,0,1200,403,14000,0,1689927
-39784125,-57415635,1374433,3,flower,herb-robert,0,350,533,14000,0,1690235
-39783780,-57415778,1374292,3,grass,meadow-grass,0,450,548,14000,0,1690376
-39780789,-57415892,1373718,3,bush,salal,0,1200,594,14000,0,1690950
-39779631,-57415417,1373590,3,bush,salal,0,1200,563,10000,0,1691078
-39769979,-57415285,1366041,3,grass,meadow-grass,0,450,451,4000,0,1698627
-39728450,-57415436,1365533,3,bush,salal,0,1200,725,0,0,1699135
-39791064,-57414529,1375438,3,flower,primrose,0,240,361,16000,0,1689230
-39787868,-57414689,1375093,3,grass,feather-moss,0,220,374,16000,0,1689575
-39785197,-57414858,1374883,3,flower,red-clover,0,400,435,14000,0,1689785
-39783766,-57414725,1374713,3,grass,woolly-fringe-moss,0,220,480,14000,0,1689955
-39781866,-57414945,1374239,3,grass,moss-cushion,0,220,504,14000,0,1690429
-39776757,-57414532,1372836,3,flower,herb-robert,0,350,510,10000,0,1691832
-39761538,-57414511,1365420,3,bush,salal,0,1200,853,0,0,1699248
-39732319,-57415056,1365250,3,grass,meadow-grass,0,450,510,0,0,1699418
-39729865,-57414574,1365545,3,flower,herb-robert,0,350,372,0,0,1699123
-39729092,-57414725,1365531,3,grass,harts-tongue-fern,1,500,202,0,0,1699137
-39741507,-57413680,1365465,3,grass,ivy-ground-layer,0,220,421,0,0,1699203
-39738389,-57414167,1365169,3,bush,salal,0,1200,882,0,0,1699499
-39733993,-57414259,1365394,3,flower,herb-robert,0,350,306,0,0,1699274
-39733181,-57413730,1365560,3,bush,salal,0,1200,293,0,0,1699108
-39729682,-57413787,1365801,3,grass,willow-moss,1,350,299,0,0,1698867
-39729253,-57414240,1365634,3,grass,lady-fern,1,900,332,0,0,1699034
-39790729,-57413523,1375695,3,grass,cocksfoot,0,1000,365,16000,0,1688973
-39787088,-57412963,1375548,3,flower,large-trillium,0,350,357,14000,0,1689120
-39786170,-57413462,1375376,3,grass,cocksfoot,0,1000,384,14000,0,1689292
-39784238,-57413134,1375258,3,grass,ribwort-plantain,0,300,418,14000,0,1689410
-39783530,-57413223,1375089,3,flower,herb-robert,0,350,410,14000,0,1689579
-39781654,-57413266,1374587,3,grass,meadow-grass,0,450,458,14000,0,1690081
-39778269,-57413545,1373486,3,grass,woolly-fringe-moss,0,220,588,10000,0,1691182
-39766698,-57412863,1367188,3,grass,jungle-groundcover,0,800,259,4000,0,1697480
-39761615,-57413561,1366237,3,bush,salal,0,1200,640,0,0,1698431
-39757544,-57413442,1366720,3,bush,salal,0,1200,628,0,0,1697948
-39755762,-57412927,1366647,3,bush,salal,0,1200,616,0,0,1698021
-39745764,-57413578,1365598,3,grass,ivy-ground-layer,0,220,412,0,0,1699070
-39739225,-57413165,1365573,3,grass,sword-fern,0,1200,189,0,0,1699095
-39738856,-57413495,1365513,3,grass,woolly-fringe-moss,0,220,339,0,0,1699155
-39734782,-57413145,1365623,3,flower,herb-robert,0,350,284,0,0,1699045
-39732354,-57413166,1365743,3,grass,willow-moss,1,350,315,0,0,1698925
-39790072,-57412535,1375913,3,flower,herb-robert,0,350,356,16000,0,1688755
-39785559,-57412755,1375510,3,grass,feather-moss,0,220,387,14000,0,1689158
-39783106,-57412074,1375264,3,grass,bilberry-mat,0,400,397,20000,0,1689404
-39779752,-57412659,1374069,3,grass,ivy-ground-layer,0,220,423,10000,0,1690599
-39766032,-57412225,1367216,3,grass,lady-fern,1,900,245,10000,0,1697452
-39753485,-57412472,1366547,3,bush,salal,0,1200,448,8000,0,1698121
-39752373,-57412536,1366438,3,grass,woolly-fringe-moss,0,220,396,0,0,1698230
-39747641,-57412561,1365907,3,flower,red-clover,0,400,206,0,0,1698761
-39747001,-57412517,1365884,3,flower,large-trillium,0,350,204,0,0,1698784
-39743717,-57412762,1365738,3,grass,cocksfoot,0,1000,178,0,0,1698930
-39741817,-57412377,1365694,3,grass,feather-moss,0,220,183,4000,0,1698974
-39739000,-57412086,1365668,3,grass,sword-fern,0,1200,149,4000,0,1699000
-39737672,-57412108,1365695,3,grass,timothy,0,900,228,4000,0,1698973
-39733893,-57412777,1365749,3,grass,feather-moss,0,220,291,0,0,1698919
-39732943,-57412138,1365938,3,grass,lady-fern,1,900,316,4000,0,1698730
-39730705,-57412353,1366058,3,grass,sword-fern,0,1200,309,4000,0,1698610
-39724625,-57412717,1366437,3,bush,salal,0,1200,752,0,0,1698231
-39789294,-57411454,1376080,3,grass,meadow-grass,0,450,355,24000,0,1688588
-39781418,-57411244,1374883,3,grass,understory-fern,0,900,403,20000,0,1689785
-39770738,-57411715,1368960,3,grass,ivy-ground-layer,0,220,240,10000,0,1695708
-39764929,-57411709,1367071,3,grass,hair-cap-moss,1,240,291,8000,0,1697597
-39763904,-57411741,1366805,3,flower,harebell,0,350,492,8000,0,1697863
-39761093,-57411584,1367099,3,flower,primrose,0,240,200,8000,0,1697569
-39760527,-57411294,1367216,3,grass,sword-fern,0,1200,429,8000,0,1697452
-39759397,-57411883,1366866,3,grass,meadow-grass,0,450,457,8000,0,1697802
-39757064,-57411229,1367165,3,grass,feather-moss,0,220,159,8000,0,1697503
-39753650,-57411900,1366707,3,bush,salal,0,1200,517,8000,0,1697961
-39751443,-57411429,1366751,3,grass,feather-moss,0,220,416,8000,0,1697917
-39750047,-57411405,1366548,3,flower,herb-robert,0,350,472,8000,0,1698120
-39746150,-57411286,1366269,3,flower,herb-robert,0,350,413,6000,0,1698399
-39745138,-57411888,1365988,3,grass,hair-cap-moss,1,240,365,6000,0,1698680
-39743152,-57411916,1365887,3,flower,common-knapweed,0,800,388,6000,0,1698781
-39742391,-57411821,1365872,3,grass,wood-sedge,0,500,389,4000,0,1698796
-39735957,-57411202,1365974,3,flower,impatiens,1,350,289,4000,0,1698694
-39734093,-57411490,1365989,3,grass,moss-cushion,0,220,308,4000,0,1698679
-39724966,-57411458,1366246,3,grass,ivy-ground-layer,0,220,361,2000,0,1698422
-39723361,-57411294,1366321,3,grass,hair-cap-moss,1,240,364,2000,0,1698347
-39722440,-57411634,1366195,3,grass,brook-moss-cushion,1,220,243,2000,0,1698473
-39721702,-57411230,1366282,3,grass,woolly-fringe-moss,0,220,396,2000,0,1698386
-39720195,-57411514,1366218,3,grass,male-fern,0,1200,380,2000,0,1698450
-39719973,-57411948,1366085,3,grass,bilberry-mat,0,400,196,0,0,1745641
-39718370,-57411433,1366172,3,grass,woolly-fringe-moss,0,220,553,0,0,1745554
-39789920,-57411031,1376257,3,grass,woolly-fringe-moss,0,220,334,24000,0,1688411
-39787349,-57410612,1376118,3,grass,cocksfoot,0,1000,345,20000,0,1688550
-39785465,-57410966,1375917,3,grass,sword-fern,0,1200,353,20000,0,1688751
-39783257,-57410935,1375452,3,flower,red-campion,0,700,397,20000,0,1689216
-39780274,-57411011,1374500,3,grass,meadow-grass,0,450,453,20000,0,1690168
-39779363,-57411149,1374117,3,bush,salal,0,1200,461,16000,0,1690551
-39762875,-57410506,1367437,3,grass,meadow-grass,0,450,435,8000,0,1697231
-39760469,-57411007,1367314,3,grass,feather-moss,0,220,525,8000,0,1697354
-39758874,-57410815,1367385,3,bush,salal,0,1200,541,8000,0,1697283
-39757119,-57410536,1367232,3,grass,feather-moss,0,220,239,8000,0,1697436
-39750026,-57410598,1366911,3,grass,wood-horsetail,1,500,394,8000,0,1697757
-39748606,-57410548,1366688,3,grass,moss-cushion,0,220,444,6000,0,1697980
-39747817,-57410895,1366496,3,grass,meadow-grass,0,450,442,6000,0,1698172
-39745656,-57410973,1366405,3,grass,timothy,0,900,421,6000,0,1698263
-39742230,-57410470,1366556,3,grass,feather-moss,0,220,425,4000,0,1698112
-39741294,-57410826,1366229,3,grass,woolly-fringe-moss,0,220,462,4000,0,1698439
-39739115,-57410712,1366084,3,grass,male-fern,0,1200,399,4000,0,1698584
-39737823,-57411124,1365951,3,flower,fireweed,0,1200,351,4000,0,1698717
-39725678,-57410466,1366592,3,grass,feather-moss,0,220,381,2000,0,1698076
-39724978,-57410487,1366605,3,grass,wood-horsetail,1,500,382,2000,0,1698063
-39720774,-57411119,1366350,3,grass,feather-moss,0,220,402,2000,0,1698318
-39787473,-57409893,1376299,3,flower,foxglove,0,1500,349,20000,0,1688369
-39787036,-57409968,1376241,3,flower,herb-robert,0,350,340,20000,0,1688427
-39786280,-57410292,1376128,3,grass,sword-fern,0,1200,335,20000,0,1688540
-39769913,-57409984,1368317,3,grass,feather-moss,0,220,441,10000,0,1696351
-39766647,-57410209,1367731,3,flower,red-campion,0,700,394,10000,0,1696937
-39765704,-57409803,1367562,3,grass,feather-moss,0,220,460,10000,0,1697106
-39761092,-57409776,1367765,3,grass,wood-horsetail,1,500,416,8000,0,1696903
-39759924,-57410334,1367674,3,grass,meadow-grass,0,450,184,8000,0,1696994
-39757211,-57409960,1367332,3,grass,hair-cap-moss,1,240,294,8000,0,1697336
-39756611,-57409904,1367359,3,grass,male-fern,0,1200,278,8000,0,1697309
-39755836,-57410210,1367371,3,flower,cowslip,0,300,221,8000,0,1697297
-39754660,-57410362,1367232,3,flower,herb-robert,0,350,529,8000,0,1697436
-39751746,-57410115,1367166,3,grass,timothy,0,900,382,8000,0,1697502
-39750258,-57410109,1367037,3,bush,salal,0,1200,337,8000,0,1697631
-39740359,-57409897,1366488,3,grass,lady-fern,1,900,398,4000,0,1698180
-39737138,-57409947,1366335,3,grass,bilberry-mat,0,400,332,4000,0,1698333
-39733851,-57409837,1366356,3,flower,jungle-understory-flower,0,750,316,4000,0,1698312
-39733363,-57410126,1366313,3,flower,primrose,0,240,313,4000,0,1698355
-39731708,-57409761,1366536,3,flower,oxeye-daisy,0,700,269,4000,0,1698132
-39727270,-57409945,1366622,3,grass,lady-fern,1,900,244,2000,0,1698046
-39720331,-57409995,1366685,3,flower,common-knapweed,0,800,165,2000,0,1697983
-39719549,-57409963,1366703,3,grass,water-chestnut,1,250,84,0,0,1745023
-39718805,-57409938,1366697,3,flower,yellow-water-lily,1,400,80,0,0,1745029
-39788168,-57409521,1376443,3,flower,meadow-daisy,0,420,361,24000,0,1688225
-39768442,-57408927,1368279,3,flower,herb-robert,0,350,453,10000,0,1696389
-39767249,-57408813,1367996,3,grass,meadow-grass,0,450,372,10000,0,1696672
-39766647,-57409164,1367857,3,grass,wood-horsetail,1,500,228,10000,0,1696811
-39757063,-57409313,1367462,3,flower,birdsfoot-trefoil,0,250,328,8000,0,1697206
-39755916,-57409412,1367436,3,grass,hair-cap-moss,1,240,48,8000,0,1697232
-39750342,-57409589,1367221,3,grass,hair-cap-moss,1,240,299,8000,0,1697447
-39748620,-57409425,1367075,3,grass,harts-tongue-fern,1,500,367,6000,0,1697593
-39740281,-57409261,1366698,3,grass,sword-fern,0,1200,373,4000,0,1697970
-39739683,-57408966,1366761,3,grass,wood-sedge,0,500,360,4000,0,1697907
-39734312,-57408828,1366622,3,bush,salal,0,1200,305,4000,0,1698046
-39730186,-57408974,1366762,3,bush,salal,0,1200,232,4000,0,1697906
-39726952,-57409500,1366729,3,grass,feather-moss,0,220,225,2000,0,1697939
-39724302,-57409031,1366835,3,grass,sword-fern,0,1200,91,2000,0,1697833
-39718564,-57409203,1366698,3,flower,purple-loosestrife,1,1200,86,0,0,1745028
-39715329,-57408956,1366332,3,reed,soft-rush,1,900,36,0,0,1745394
-39791131,-57408599,1377088,3,bush,salal,0,1200,366,24000,0,1687580
-39789371,-57408216,1376935,3,grass,feather-moss,0,220,354,24000,0,1687733
-39787296,-57408542,1376584,3,grass,moss-cushion,0,220,377,20000,0,1688084
-39786167,-57408443,1376449,3,grass,meadow-grass,0,450,380,20000,0,1688219
-39785450,-57408638,1376284,3,grass,wood-horsetail,1,500,379,20000,0,1688384
-39783408,-57408286,1375730,3,flower,oxeye-daisy,0,700,403,20000,0,1688938
-39780933,-57408650,1374825,3,bush,salal,0,1200,572,20000,0,1689843
-39775910,-57408555,1370318,3,grass,hair-cap-moss,1,240,310,16000,0,1694350
-39767222,-57408398,1368085,3,bush,salal,0,1200,493,10000,0,1696583
-39764579,-57408135,1368250,3,grass,cocksfoot,0,1000,264,8000,0,1696418
-39756746,-57408228,1367676,3,flower,yarrow,0,600,403,8000,0,1696992
-39755845,-57408472,1367471,3,grass,lady-fern,1,900,204,8000,0,1697197
-39754663,-57408753,1367520,3,reed,soft-rush,1,900,221,8000,0,1697148
-39752794,-57408110,1367741,3,grass,hair-cap-moss,1,240,163,8000,0,1696927
-39749015,-57408674,1367343,3,grass,lady-fern,1,900,300,6000,0,1697325
-39743620,-57408348,1367290,3,grass,meadow-grass,0,450,345,6000,0,1697378
-39736621,-57408023,1366900,3,grass,sword-fern,0,1200,330,4000,0,1697768
-39733368,-57408313,1366802,3,flower,red-clover,0,400,278,4000,0,1697866
-39720557,-57408278,1366931,3,flower,primrose,0,240,229,2000,0,1697737
-39714837,-57408103,1366357,3,grass,feather-moss,0,220,262,0,0,1745369
-39787770,-57407293,1377008,3,flower,yarrow,0,600,388,24000,0,1687660
-39785731,-57407820,1376442,3,flower,fireweed,0,1200,404,20000,0,1688226
-39768619,-57407402,1368577,3,grass,male-fern,0,1200,315,10000,0,1696091
-39767243,-57407543,1368380,3,grass,feather-moss,0,220,501,10000,0,1696288
-39759706,-57407916,1368126,3,grass,moss-cushion,0,220,477,8000,0,1696542
-39758203,-57407700,1367944,3,grass,meadow-grass,0,450,199,8000,0,1696724
-39754020,-57407283,1367723,3,flower,herb-robert,0,350,132,8000,0,1696945
-39752963,-57407376,1367825,3,grass,bilberry-mat,0,400,244,8000,0,1696843
-39747555,-57407703,1367481,3,grass,wood-horsetail,1,500,301,6000,0,1697187
-39730885,-57407421,1367102,3,grass,moss-cushion,0,220,252,4000,0,1697566
-39777907,-57407091,1371233,3,bush,salal,0,1200,527,16000,0,1693435
-39776883,-57406760,1371370,3,grass,male-fern,0,1200,209,16000,0,1693298
-39776371,-57407004,1371093,3,bush,salal,0,1200,730,16000,0,1693575
-39770046,-57407043,1369011,3,grass,male-fern,0,1200,437,10000,0,1695657
-39762885,-57406970,1368693,3,flower,red-clover,0,400,376,8000,0,1695975
-39761360,-57406516,1368534,3,grass,cocksfoot,0,1000,375,8000,0,1696134
-39760104,-57406564,1368451,3,grass,feather-moss,0,220,147,8000,0,1696217
-39757075,-57406553,1367997,3,grass,meadow-grass,0,450,203,8000,0,1696671
-39748119,-57406887,1367723,3,grass,bilberry-mat,0,400,252,6000,0,1696945
-39747881,-57407134,1367644,3,grass,sword-fern,0,1200,261,6000,0,1697024
-39744428,-57406539,1367711,3,grass,lady-fern,1,900,267,6000,0,1696957
-39735219,-57407014,1367142,3,flower,meadow-daisy,0,420,293,4000,0,1697526
-39733285,-57406933,1367170,3,grass,sword-fern,0,1200,265,4000,0,1697498
-39729619,-57406478,1367324,3,grass,lady-fern,1,900,244,4000,0,1697344
-39728616,-57406661,1367291,3,grass,ivy-ground-layer,0,220,246,4000,0,1697377
-39726223,-57406475,1367367,3,grass,meadow-grass,0,450,208,2000,0,1697301
-39723135,-57406882,1367206,3,flower,meadow-daisy,0,420,242,2000,0,1697462
-39720169,-57406619,1367237,3,flower,red-campion,0,700,250,2000,0,1697431
-39718577,-57406504,1367203,3,grass,jungle-groundcover,0,800,276,0,0,1744523
-39714643,-57406845,1367007,3,grass,feather-moss,0,220,475,0,0,1744719
-39788593,-57405711,1377496,3,flower,primrose,0,240,410,24000,0,1687172
-39777513,-57406225,1371386,3,flower,large-trillium,0,350,262,16000,0,1693282
-39774526,-57406211,1369994,3,bush,salal,0,1200,536,16000,0,1694674
-39771455,-57405793,1369590,3,bush,salal,0,1200,424,10000,0,1695078
-39769474,-57405688,1369229,3,flower,herb-robert,0,350,433,10000,0,1695439
-39766582,-57405831,1369033,3,grass,feather-moss,0,220,322,10000,0,1695635
-39760427,-57406279,1368497,3,grass,meadow-grass,0,450,182,8000,0,1696171
-39757358,-57405879,1368198,3,flower,large-trillium,0,350,361,8000,0,1696470
-39750284,-57406369,1367993,3,grass,understory-fern,0,900,256,8000,0,1696675
-39746198,-57405700,1367943,3,grass,male-fern,0,1200,218,6000,0,1696725
-39739270,-57405622,1367621,3,grass,meadow-grass,0,450,275,4000,0,1697047
-39737643,-57405990,1367521,3,grass,sword-fern,0,1200,275,4000,0,1697147
-39737495,-57405830,1367537,3,grass,moss-cushion,0,220,273,4000,0,1697131
-39731696,-57405988,1367426,3,flower,oxeye-daisy,0,700,248,4000,0,1697242
-39728883,-57406282,1367384,3,flower,large-trillium,0,350,250,4000,0,1697284
-39723257,-57405732,1367432,3,flower,red-campion,0,700,208,2000,0,1697236
-39722557,-57406156,1367338,3,grass,wood-sedge,0,500,226,2000,0,1697330
-39789352,-57405316,1377754,3,bush,salal,0,1200,417,24000,0,1686914
-39779374,-57404992,1372077,3,grass,lady-fern,1,900,248,20000,0,1692591
-39772718,-57404882,1370083,3,grass,understory-fern,0,900,393,20000,0,1694585
-39771230,-57405069,1369692,3,flower,herb-robert,0,350,502,10000,0,1694976
-39768702,-57405186,1369371,3,bush,salal,0,1200,492,10000,0,1695297
-39758666,-57405587,1368339,3,grass,male-fern,0,1200,173,8000,0,1696329
-39746529,-57404888,1368102,3,grass,wood-sedge,0,500,191,14000,0,1696566
-39739933,-57404937,1367802,3,grass,woolly-fringe-moss,0,220,250,12000,0,1696866
-39738510,-57405153,1367727,3,grass,jungle-groundcover,0,800,269,4000,0,1696941
-39736020,-57405520,1367559,3,flower,meadow-daisy,0,420,266,4000,0,1697109
-39735065,-57404844,1367728,3,grass,feather-moss,0,220,248,12000,0,1696940
-39734270,-57405319,1367608,3,grass,wood-sedge,0,500,261,4000,0,1697060
-39732816,-57405490,1367553,3,grass,meadow-grass,0,450,265,4000,0,1697115
-39721804,-57404930,1367581,3,grass,wood-sedge,0,500,212,10000,0,1697087
-39720181,-57405303,1367501,3,grass,wood-horsetail,1,500,230,2000,0,1697167
-39719915,-57405595,1367454,3,flower,common-knapweed,0,800,232,0,0,1744272
-39717953,-57405205,1367466,3,grass,ivy-ground-layer,0,220,269,0,0,1744260
-39715407,-57405554,1367358,3,grass,understory-fern,0,900,256,0,0,1744368
-39711875,-57405183,1367494,3,flower,fireweed,0,1200,310,0,0,1744232
-39787066,-57404100,1377265,3,grass,moss-cushion,0,220,488,26000,0,1687403
-39780045,-57404233,1372299,3,bush,salal,0,1200,532,26000,0,1692369
-39775993,-57404194,1370618,3,flower,herb-robert,0,350,462,20000,0,1694050
-39772928,-57404275,1370276,3,grass,male-fern,0,1200,418,20000,0,1694392
-39767866,-57404731,1369471,3,flower,herb-robert,0,350,540,16000,0,1695197
-39763103,-57404121,1369301,3,bush,salal,0,1200,428,16000,0,1695367
-39759547,-57404702,1368490,3,grass,bilberry-mat,0,400,257,16000,0,1696178
-39756368,-57404456,1368275,3,flower,field-scabious,0,800,262,14000,0,1696393
-39754587,-57404302,1368209,3,grass,sword-fern,0,1200,129,14000,0,1696459
-39753618,-57404448,1368213,3,flower,red-campion,0,700,60,14000,0,1696455
-39750542,-57404119,1368205,3,grass,bilberry-mat,0,400,56,14000,0,1696463
-39748918,-57404632,1368222,3,grass,hair-cap-moss,1,240,118,14000,0,1696446
-39748253,-57404354,1368237,3,grass,ivy-ground-layer,0,220,157,14000,0,1696431
-39746542,-57404241,1368225,3,grass,lady-fern,1,900,194,14000,0,1696443
-39744804,-57404133,1368179,3,grass,ribwort-plantain,0,300,195,14000,0,1696489
-39744210,-57404144,1368158,3,grass,meadow-grass,0,450,205,14000,0,1696510
-39740543,-57404565,1367915,3,flower,meadow-daisy,0,420,237,12000,0,1696753
-39736974,-57404153,1367913,3,grass,male-fern,0,1200,245,12000,0,1696755
-39735657,-57404517,1367798,3,grass,sedge-tussock,1,600,237,12000,0,1696870
-39729860,-57404745,1367699,3,grass,hair-cap-moss,1,240,219,10000,0,1696969
-39724062,-57404334,1367734,3,grass,feather-moss,0,220,222,10000,0,1696934
-39721021,-57404455,1367694,3,grass,harts-tongue-fern,1,500,217,10000,0,1696974
-39720341,-57404562,1367674,3,flower,herb-robert,0,350,230,10000,0,1696994
-39716268,-57404069,1367754,3,grass,ivy-ground-layer,0,220,253,4000,0,1743972
-39715130,-57404513,1367583,3,grass,woolly-fringe-moss,0,220,247,4000,0,1744143
-39788669,-57403447,1377888,3,flower,yarrow,0,600,420,30000,0,1686780
-39777093,-57403661,1371087,3,grass,woolly-fringe-moss,0,220,438,20000,0,1693581
-39775355,-57403826,1370651,3,grass,moss-cushion,0,220,445,20000,0,1694017
-39774502,-57403418,1370736,3,grass,meadow-grass,0,450,456,20000,0,1693932
-39770372,-57403760,1370187,3,grass,meadow-grass,0,450,533,16000,0,1694481
-39764283,-57403512,1369568,3,grass,wood-sedge,0,500,242,16000,0,1695100
-39762987,-57403928,1369304,3,grass,ivy-ground-layer,0,220,421,16000,0,1695364
-39758153,-57403929,1368430,3,grass,cocksfoot,0,1000,140,16000,0,1696238
-39757531,-57403729,1368382,3,grass,understory-fern,0,900,84,16000,0,1696286
-39754286,-57403895,1368238,3,grass,jungle-groundcover,0,800,92,14000,0,1696430
-39751792,-57403609,1368255,3,grass,sword-fern,0,1200,232,14000,0,1696413
-39748311,-57403406,1368361,3,grass,wood-horsetail,1,500,160,14000,0,1696307
-39735488,-57403687,1368009,3,grass,sword-fern,0,1200,213,12000,0,1696659
-39733238,-57403826,1367963,3,flower,primrose,0,240,236,10000,0,1696705
-39730816,-57403805,1367910,3,grass,harts-tongue-fern,1,500,226,10000,0,1696758
-39729287,-57403979,1367914,3,grass,understory-fern,0,900,208,10000,0,1696754
-39725703,-57403574,1368005,3,flower,herb-robert,0,350,241,10000,0,1696663
-39724374,-57403620,1367909,3,grass,sword-fern,0,1200,243,10000,0,1696759
-39714169,-57403478,1367893,3,grass,meadow-grass,0,450,200,4000,0,1743833
-39712992,-57403419,1367885,3,flower,purple-loosestrife,1,1200,160,4000,0,1743841
-39778935,-57402655,1371979,3,bush,salal,0,1200,736,20000,0,1692689
-39771401,-57402989,1370621,3,grass,cocksfoot,0,1000,394,16000,0,1694047
-39769408,-57402613,1370513,3,grass,moss-cushion,0,220,472,16000,0,1694155
-39766969,-57402922,1370155,3,grass,male-fern,0,1200,317,16000,0,1694513
-39765692,-57402552,1369921,3,flower,herb-robert,0,350,428,16000,0,1694747
-39763858,-57402909,1369576,3,grass,sword-fern,0,1200,222,16000,0,1695092
-39760418,-57402952,1368859,3,grass,sword-fern,0,1200,145,16000,0,1695809
-39757706,-57402492,1368554,3,flower,herb-robert,0,350,301,16000,0,1696114
-39748491,-57402789,1368405,3,grass,sword-fern,0,1200,64,14000,0,1696263
-39739339,-57402635,1368316,3,grass,meadow-grass,0,450,177,12000,0,1696352
-39735057,-57402575,1368229,3,grass,hair-cap-moss,1,240,181,12000,0,1696439
-39715103,-57402418,1368151,3,grass,male-fern,0,1200,185,4000,0,1743575
-39710456,-57403165,1367974,3,flower,herb-robert,0,350,512,0,0,1743752
-39791203,-57402190,1378817,3,grass,understory-fern,0,900,432,30000,0,1685851
-39780806,-57401868,1372964,3,grass,feather-moss,0,220,401,26000,0,1691704
-39778155,-57402293,1371614,3,bush,salal,0,1200,528,20000,0,1693054
-39776966,-57402062,1371489,3,flower,herb-robert,0,350,471,20000,0,1693179
-39771333,-57401648,1371059,3,bush,salal,0,1200,521,16000,0,1693609
-39770834,-57401998,1370897,3,flower,herb-robert,0,350,426,16000,0,1693771
-39766048,-57402284,1370107,3,flower,primrose,0,240,336,16000,0,1694561
-39761473,-57402225,1369088,3,flower,common-knapweed,0,800,369,16000,0,1695580
-39758192,-57401847,1368706,3,flower,large-trillium,0,350,177,16000,0,1695962
-39757197,-57402239,1368532,3,grass,jungle-groundcover,0,800,256,14000,0,1696136
-39756649,-57402231,1368494,3,grass,feather-moss,0,220,163,14000,0,1696174
-39754524,-57402375,1368410,3,flower,oxeye-daisy,0,700,218,14000,0,1696258
-39753801,-57402399,1368322,3,grass,lady-fern,1,900,226,14000,0,1696346
-39747125,-57401744,1368532,3,grass,feather-moss,0,220,212,14000,0,1696136
-39743458,-57401715,1368522,3,flower,herb-robert,0,350,138,14000,0,1696146
-39743044,-57401697,1368533,3,flower,primrose,0,240,138,14000,0,1696135
-39740870,-57402037,1368444,3,grass,bilberry-mat,0,400,163,12000,0,1696224
-39738981,-57401751,1368451,3,flower,yarrow,0,600,161,12000,0,1696217
-39727327,-57402350,1368271,3,grass,meadow-grass,0,450,165,10000,0,1696397
-39717682,-57401855,1368196,3,grass,feather-moss,0,220,182,4000,0,1743530
-39717084,-57402217,1368147,3,flower,purple-loosestrife,1,1200,173,4000,0,1743579
-39709524,-57401985,1368252,3,flower,water-forget-me-not,1,300,98,0,0,1743474
-39786661,-57401036,1376575,3,bush,salal,0,1200,810,26000,0,1688093
-39776173,-57401153,1371730,3,grass,moss-cushion,0,220,520,20000,0,1692938
-39774665,-57401576,1371385,3,grass,moss-cushion,0,220,517,20000,0,1693283
-39770616,-57401176,1371133,3,grass,meadow-grass,0,450,501,16000,0,1693535
-39768086,-57400930,1370868,3,flower,harebell,0,350,339,16000,0,1693800
-39767269,-57400810,1370668,3,bush,salal,0,1200,416,16000,0,1694000
-39762496,-57401325,1369319,3,grass,sword-fern,0,1200,176,16000,0,1695349
-39753204,-57401300,1368490,3,grass,ivy-ground-layer,0,220,229,14000,0,1696178
-39752719,-57401004,1368436,3,flower,harebell,0,350,187,14000,0,1696232
-39750796,-57400955,1368473,3,grass,lady-fern,1,900,141,14000,0,1696195
-39749566,-57401584,1368440,3,grass,ivy-ground-layer,0,220,136,14000,0,1696228
-39746227,-57401465,1368630,3,grass,hair-cap-moss,1,240,168,14000,0,1696038
-39741200,-57401068,1368594,3,grass,lady-fern,1,900,137,12000,0,1696074
-39731196,-57401451,1368469,3,grass,feather-moss,0,220,173,10000,0,1696199
-39719113,-57401080,1368360,3,grass,hair-cap-moss,1,240,212,4000,0,1743366
-39718136,-57400946,1368355,3,grass,moss-cushion,0,220,205,4000,0,1743371
-39716733,-57401345,1368312,3,flower,cowslip,0,300,174,4000,0,1743414
-39714789,-57400807,1368433,3,grass,feather-moss,0,220,162,4000,0,1743293
-39713013,-57401304,1368332,3,grass,wood-sedge,0,500,189,4000,0,1743394
-39707186,-57401198,1368370,3,bush,salal,0,1200,800,0,0,1743356
-39789181,-57400045,1378222,3,bush,salal,0,1200,682,30000,0,1686446
-39785271,-57400298,1375362,3,bush,salal,0,1200,777,26000,0,1689306
-39782679,-57400589,1373838,3,grass,meadow-grass,0,450,517,26000,0,1690830
-39782316,-57400594,1373709,3,bush,salal,0,1200,533,26000,0,1690959
-39781364,-57400081,1373179,3,bush,salal,0,1200,571,26000,0,1691489
-39778526,-57400433,1372200,3,bush,salal,0,1200,563,20000,0,1692468
-39776412,-57400781,1371917,3,bush,salal,0,1200,528,20000,0,1692751
-39772418,-57400178,1371700,3,grass,meadow-grass,0,450,454,16000,0,1692968
-39766232,-57400493,1370384,3,grass,wood-sedge,0,500,356,16000,0,1694284
-39755406,-57400571,1368575,3,grass,wood-sedge,0,500,206,14000,0,1696093
-39754059,-57400604,1368608,3,grass,ivy-ground-layer,0,220,77,14000,0,1696060
-39752962,-57400053,1368555,3,flower,primrose,0,240,127,14000,0,1696113
-39745655,-57400620,1368718,3,grass,hair-cap-moss,1,240,147,14000,0,1695950
-39744978,-57400228,1368718,3,grass,moss-cushion,0,220,146,14000,0,1695950
-39742328,-57400656,1368652,3,grass,ivy-ground-layer,0,220,117,12000,0,1696016
-39739333,-57400100,1368697,3,grass,feather-moss,0,220,146,12000,0,1695971
-39732080,-57400080,1368655,3,grass,bilberry-mat,0,400,126,10000,0,1696013
-39729471,-57400004,1368634,3,grass,wood-sedge,0,500,144,10000,0,1696034
-39727381,-57400218,1368603,3,grass,meadow-grass,0,450,146,10000,0,1696065
-39719765,-57400728,1368438,3,reed,soft-rush,1,900,201,4000,0,1743288
-39716674,-57400560,1368448,3,grass,meadow-grass,0,450,184,4000,0,1743278
-39715623,-57400112,1368535,3,grass,jungle-groundcover,0,800,166,4000,0,1743191
-39713833,-57400158,1368535,3,flower,yarrow,0,600,160,4000,0,1743191
-39713175,-57400473,1368484,3,reed,soft-rush,1,900,164,4000,0,1743242
-39708293,-57400380,1368531,3,grass,blanket-weed,1,400,202,0,0,1743195
-39790060,-57399334,1378750,3,bush,salal,0,1200,536,30000,0,1685918
-39788464,-57399366,1377695,3,bush,salal,0,1200,755,30000,0,1686973
-39786146,-57399999,1376032,3,bush,salal,0,1200,720,26000,0,1688636
-39781932,-57399942,1373530,3,bush,salal,0,1200,570,26000,0,1691138
-39772853,-57399337,1372062,3,grass,moss-cushion,0,220,542,20000,0,1692606
-39764670,-57399292,1369935,3,grass,jungle-groundcover,0,800,226,16000,0,1694733
-39757850,-57399553,1368818,3,grass,moss-cushion,0,220,175,16000,0,1695850
-39755761,-57399541,1368776,3,flower,cowslip,0,300,174,14000,0,1695892
-39751552,-57399582,1368591,3,flower,oxeye-daisy,0,700,167,14000,0,1696077
-39750185,-57399708,1368499,3,grass,harts-tongue-fern,1,500,21,14000,0,1696169
-39742750,-57399766,1368744,3,grass,hair-cap-moss,1,240,110,14000,0,1695924
-39739126,-57399821,1368723,3,grass,sword-fern,0,1200,144,12000,0,1695945
-39729364,-57399772,1368671,3,grass,meadow-grass,0,450,136,10000,0,1695997
-39727424,-57399369,1368715,3,grass,male-fern,0,1200,126,10000,0,1695953
-39726011,-57399959,1368640,3,grass,male-fern,0,1200,141,10000,0,1696028
-39725143,-57399629,1368668,3,flower,common-knapweed,0,800,136,10000,0,1696000
-39722086,-57399338,1368690,3,flower,birdsfoot-trefoil,0,250,131,10000,0,1695978
-39720643,-57399401,1368677,3,bush,salal,0,1200,137,10000,0,1695991
-39711583,-57399715,1368587,3,grass,hair-cap-moss,1,240,161,0,0,1743139
-39708529,-57399629,1368590,3,grass,wood-sedge,0,500,192,0,0,1743136
-39786658,-57398515,1376460,3,bush,salal,0,1200,662,26000,0,1688208
-39783715,-57398524,1374557,3,bush,salal,0,1200,628,26000,0,1690111
-39781079,-57398651,1373555,3,bush,salal,0,1200,605,26000,0,1691113
-39772016,-57399071,1372016,3,grass,moss-cushion,0,220,490,16000,0,1692652
-39771388,-57399142,1371841,3,grass,wood-horsetail,1,500,398,16000,0,1692827
-39770536,-57398758,1371704,3,flower,red-clover,0,400,339,16000,0,1692964
-39768866,-57398962,1371153,3,flower,herb-robert,0,350,416,16000,0,1693515
-39765178,-57399059,1370092,3,grass,ivy-ground-layer,0,220,345,16000,0,1694576
-39760126,-57398462,1369204,3,grass,feather-moss,0,220,157,16000,0,1695464
-39755553,-57399028,1368815,3,grass,timothy,0,900,124,14000,0,1695853
-39754791,-57399117,1368726,3,flower,herb-robert,0,350,200,14000,0,1695942
-39752670,-57398785,1368681,3,grass,hair-cap-moss,1,240,88,14000,0,1695987
-39746621,-57398440,1368833,3,flower,oxeye-daisy,0,700,43,14000,0,1695835
-39735210,-57398764,1368844,3,grass,jungle-groundcover,0,800,125,12000,0,1695824
-39731632,-57399003,1368767,3,grass,wood-sedge,0,500,134,10000,0,1695901
-39731054,-57398874,1368781,3,flower,yarrow,0,600,125,10000,0,1695887
-39729819,-57398920,1368762,3,grass,wood-sedge,0,500,116,10000,0,1695906
-39728644,-57398420,1368812,3,grass,bilberry-mat,0,400,110,10000,0,1695856
-39722799,-57398882,1368749,3,grass,sword-fern,0,1200,120,10000,0,1695919
-39719135,-57398912,1368753,3,flower,primrose,0,240,130,4000,0,1742973
-39718339,-57399192,1368711,3,reed,soft-rush,1,900,155,4000,0,1743015
-39716335,-57398518,1368774,3,flower,meadow-daisy,0,420,157,4000,0,1742952
-39714473,-57399048,1368694,3,grass,sword-fern,0,1200,157,4000,0,1743032
-39709904,-57399142,1368701,3,grass,blanket-weed,1,400,169,0,0,1743025
-39708004,-57398518,1368733,3,grass,cocksfoot,0,1000,224,0,0,1742993
-39707343,-57398664,1368685,3,grass,sword-fern,0,1200,218,0,0,1743041
-39791265,-57397656,1379471,3,bush,salal,0,1200,637,30000,0,1685197
-39788239,-57397995,1377440,3,bush,salal,0,1200,722,30000,0,1687228
-39780564,-57398130,1373662,3,bush,salal,0,1200,640,26000,0,1691006
-39777736,-57398040,1373272,3,bush,salal,0,1200,627,20000,0,1691396
-39769939,-57398045,1371548,3,grass,wood-horsetail,1,500,299,16000,0,1693120
-39766537,-57398279,1370482,3,grass,hair-cap-moss,1,240,298,16000,0,1694186
-39763717,-57398305,1369845,3,grass,bilberry-mat,0,400,244,16000,0,1694823
-39761062,-57397618,1369426,3,grass,feather-moss,0,220,272,16000,0,1695242
-39757322,-57398153,1368936,3,flower,red-clover,0,400,236,14000,0,1695732
-39756351,-57398109,1368847,3,flower,red-clover,0,400,77,14000,0,1695821
-39754861,-57397949,1368803,3,grass,sword-fern,0,1200,78,14000,0,1695865
-39751457,-57398399,1368655,3,flower,red-clover,0,400,48,14000,0,1696013
-39749789,-57398271,1368644,3,grass,wood-sedge,0,500,220,14000,0,1696024
-39749456,-57398246,1368648,3,grass,bilberry-mat,0,400,264,14000,0,1696020
-39746068,-57397624,1368845,3,flower,large-trillium,0,350,31,14000,0,1695823
-39734346,-57397700,1368963,3,flower,harebell,0,350,99,10000,0,1695705
-39729461,-57398217,1368835,3,flower,cowslip,0,300,108,10000,0,1695833
-39724496,-57397777,1368870,3,grass,understory-fern,0,900,107,10000,0,1695798
-39711583,-57398147,1368845,3,reed,soft-rush,1,900,139,0,0,1742881
-39709195,-57397917,1368853,3,flower,purple-loosestrife,1,1200,118,0,0,1742873
-39706020,-57397818,1368840,3,grass,harts-tongue-fern,1,500,89,0,0,1742886
-39705305,-57397871,1368836,3,grass,needle-spike-rush,1,220,65,0,0,1742890
-39703079,-57398121,1368680,3,bush,salal,0,1200,852,0,0,1743046
-39782462,-57397501,1374271,3,bush,salal,0,1200,641,26000,0,1690397
-39781563,-57397591,1374097,3,bush,salal,0,1200,647,26000,0,1690571
-39775166,-57397053,1373082,3,bush,salal,0,1200,595,26000,0,1691586
-39771679,-57396913,1372228,3,grass,hair-cap-moss,1,240,371,24000,0,1692440
-39764179,-57397504,1370007,3,flower,birdsfoot-trefoil,0,250,312,16000,0,1694661
-39761627,-57397498,1369518,3,flower,primrose,0,240,152,24000,0,1695150
-39758433,-57397593,1369077,3,flower,oxeye-daisy,0,700,101,16000,0,1695591
-39752988,-57397413,1368810,3,flower,harebell,0,350,124,22000,0,1695858
-39750691,-57397355,1368726,3,flower,impatiens,1,350,229,22000,0,1695942
-39748008,-57397373,1368877,3,grass,bilberry-mat,0,400,129,20000,0,1695791
-39744844,-57396869,1368965,3,grass,wood-sedge,0,500,80,20000,0,1695703
-39725050,-57396813,1368970,3,grass,ivy-ground-layer,0,220,106,14000,0,1695698
-39724579,-57396914,1368956,3,grass,sword-fern,0,1200,106,14000,0,1695712
-39721863,-57396946,1368956,3,grass,sword-fern,0,1200,106,14000,0,1695712
-39718124,-57397273,1368960,3,grass,ribwort-plantain,0,300,106,10000,0,1742766
-39717560,-57396846,1368999,3,flower,impatiens,1,350,101,10000,0,1742727
-39714811,-57397483,1368910,3,grass,feather-moss,0,220,126,10000,0,1742816
-39707872,-57396983,1368967,3,flower,oxeye-daisy,0,700,124,6000,0,1742759
-39706177,-57397331,1368890,3,grass,bilberry-mat,0,400,176,6000,0,1742836
-39703923,-57397469,1369038,3,grass,meadow-grass,0,450,506,0,0,1742688
-39782440,-57396369,1374791,3,bush,salal,0,1200,689,30000,0,1689877
-39776730,-57396545,1373688,3,bush,salal,0,1200,590,26000,0,1690980
-39775600,-57396593,1373362,3,grass,moss-cushion,0,220,561,26000,0,1691306
-39773850,-57396747,1372963,3,grass,woolly-fringe-moss,0,220,554,26000,0,1691705
-39771203,-57396147,1372067,3,flower,common-knapweed,0,800,338,24000,0,1692601
-39768786,-57396767,1371082,3,flower,herb-robert,0,350,409,24000,0,1693586
-39767235,-57396248,1370671,3,flower,red-campion,0,700,255,24000,0,1693997
-39760818,-57396418,1369490,3,grass,wood-sedge,0,500,124,24000,0,1695178
-39760323,-57396087,1369429,3,flower,red-campion,0,700,134,24000,0,1695239
-39757485,-57396074,1369070,3,grass,bilberry-mat,0,400,84,22000,0,1695598
-39755366,-57396319,1368932,3,flower,red-clover,0,400,165,22000,0,1695736
-39755130,-57396327,1368920,3,flower,field-scabious,0,800,146,22000,0,1695748
-39750197,-57396353,1368914,3,flower,birdsfoot-trefoil,0,250,206,22000,0,1695754
-39747773,-57396644,1368903,3,flower,primrose,0,240,3,20000,0,1695765
-39745755,-57396053,1369012,3,bush,salal,0,1200,121,20000,0,1695656
-39739557,-57396233,1369113,3,grass,hair-cap-moss,1,240,87,20000,0,1695555
-39737663,-57396185,1369107,3,grass,moss-cushion,0,220,91,20000,0,1695561
-39733675,-57396736,1369034,3,grass,sedge-tussock,1,600,77,18000,0,1695634
-39732422,-57396012,1369086,3,grass,sedge-tussock,1,600,91,18000,0,1695582
-39730492,-57396054,1369073,3,grass,wood-sedge,0,500,107,18000,0,1695595
-39727873,-57396470,1369022,3,flower,primrose,0,240,106,18000,0,1695646
-39726801,-57396453,1369021,3,grass,sedge-tussock,1,600,106,14000,0,1695647
-39725133,-57396305,1369026,3,grass,sedge-tussock,1,600,106,14000,0,1695642
-39724243,-57396006,1369050,3,flower,red-campion,0,700,106,14000,0,1695618
-39723857,-57396418,1369005,3,grass,bilberry-mat,0,400,106,14000,0,1695663
-39719046,-57396597,1369032,3,grass,hair-cap-moss,1,240,94,10000,0,1742694
-39714158,-57396335,1369032,3,grass,male-fern,0,1200,96,10000,0,1742694
-39712926,-57396153,1369056,3,grass,male-fern,0,1200,88,10000,0,1742670
-39709756,-57396738,1368996,3,flower,meadow-daisy,0,420,123,6000,0,1742730
-39773291,-57395802,1372841,3,bush,salal,0,1200,525,26000,0,1691827
-39769879,-57395479,1371477,3,grass,feather-moss,0,220,443,24000,0,1693191
-39765570,-57395450,1370295,3,flower,birdsfoot-trefoil,0,250,310,24000,0,1694373
-39759562,-57395901,1369356,3,flower,red-clover,0,400,219,24000,0,1695312
-39747103,-57395456,1368945,3,flower,herb-robert,0,350,152,20000,0,1695723
-39738576,-57395870,1369142,3,grass,bilberry-mat,0,400,76,20000,0,1695526
-39736554,-57395679,1369123,3,flower,prairie-lupine,0,900,87,20000,0,1695545
-39734519,-57395209,1369151,3,grass,jungle-groundcover,0,800,88,18000,0,1695517
-39732041,-57395801,1369103,3,grass,feather-moss,0,220,97,18000,0,1695565
-39730463,-57395277,1369160,3,grass,cocksfoot,0,1000,101,18000,0,1695508
-39729684,-57395864,1369093,3,flower,meadow-daisy,0,420,106,18000,0,1695575
-39724813,-57395591,1369109,3,grass,wood-horsetail,1,500,106,14000,0,1695559
-39720620,-57395492,1369119,3,flower,yarrow,0,600,96,14000,0,1695549
-39715966,-57395249,1369120,3,grass,ivy-ground-layer,0,220,67,10000,0,1742606
-39710127,-57395748,1369083,3,grass,wood-sedge,0,500,92,6000,0,1742643
-39781697,-57395187,1375406,3,bush,salal,0,1200,719,30000,0,1689262
-39773262,-57394641,1372738,3,grass,meadow-grass,0,450,491,26000,0,1691930
-39772630,-57395175,1372517,3,grass,moss-cushion,0,220,481,26000,0,1692151
-39769351,-57394582,1371222,3,grass,meadow-grass,0,450,360,24000,0,1693446
-39765162,-57394824,1370249,3,flower,yarrow,0,600,304,24000,0,1694419
-39763857,-57394806,1370019,3,grass,timothy,0,900,227,24000,0,1694649
-39760029,-57394620,1369522,3,grass,sword-fern,0,1200,174,24000,0,1695146
-39756976,-57395163,1369111,3,flower,red-clover,0,400,132,22000,0,1695557
-39756375,-57394949,1369104,3,grass,moss-cushion,0,220,87,22000,0,1695564
-39750669,-57394486,1369004,3,flower,fireweed,0,1200,40,22000,0,1695664
-39747323,-57394578,1369010,3,grass,wood-horsetail,1,500,159,20000,0,1695658
-39746228,-57394844,1369067,3,flower,red-clover,0,400,70,20000,0,1695601
-39742061,-57395140,1369182,3,grass,meadow-grass,0,450,43,20000,0,1695486
-39741407,-57394599,1369194,3,flower,herb-robert,0,350,53,20000,0,1695474
-39739779,-57394675,1369227,3,grass,sword-fern,0,1200,72,20000,0,1695441
-39737914,-57394849,1369196,3,flower,harebell,0,350,66,20000,0,1695472
-39736525,-57395019,1369173,3,grass,bilberry-mat,0,400,87,20000,0,1695495
-39734518,-57394797,1369198,3,flower,primrose,0,240,86,18000,0,1695470
-39731044,-57394775,1369209,3,flower,impatiens,1,350,87,18000,0,1695459
-39728539,-57394694,1369220,3,grass,male-fern,0,1200,83,18000,0,1695448
-39725186,-57395176,1369158,3,grass,lady-fern,1,900,101,14000,0,1695510
-39723246,-57394766,1369179,3,grass,woolly-fringe-moss,0,220,97,14000,0,1695489
-39721290,-57394581,1369190,3,grass,lady-fern,1,900,97,14000,0,1695478
-39714164,-57395144,1369125,3,grass,wood-sedge,0,500,65,10000,0,1742601
-39707908,-57395166,1369111,3,grass,hair-cap-moss,1,240,90,6000,0,1742615
-39704024,-57395128,1369129,3,flower,water-plantain,1,800,9,0,0,1742597
-39790529,-57394314,1379568,3,bush,salal,0,1200,769,36000,0,1685100
-39775569,-57393667,1373758,3,bush,salal,0,1200,598,26000,0,1690910
-39775037,-57393643,1373458,3,bush,salal,0,1200,557,26000,0,1691210
-39765870,-57393735,1370408,3,flower,meadow-daisy,0,420,174,24000,0,1694260
-39757748,-57393654,1369355,3,grass,feather-moss,0,220,112,24000,0,1695313
-39756087,-57393613,1369143,3,grass,sedge-tussock,1,600,174,22000,0,1695525
-39755518,-57394152,1369061,3,grass,lady-fern,1,900,111,22000,0,1695607
-39750854,-57394207,1369011,3,flower,birdsfoot-trefoil,0,250,58,22000,0,1695657
-39745443,-57394141,1369100,3,flower,oxeye-daisy,0,700,72,20000,0,1695568
-39739153,-57394107,1369249,3,grass,understory-fern,0,900,69,20000,0,1695419
-39736168,-57394013,1369260,3,grass,hair-cap-moss,1,240,76,20000,0,1695408
-39732331,-57393646,1369281,3,flower,herb-robert,0,350,38,18000,0,1695387
-39731974,-57393708,1369277,3,grass,meadow-grass,0,450,41,18000,0,1695391
-39730055,-57394364,1369243,3,grass,wood-horsetail,1,500,72,18000,0,1695425
-39725513,-57393932,1369266,3,grass,lady-fern,1,900,53,14000,0,1695402
-39720237,-57394383,1369192,3,grass,feather-moss,0,220,80,14000,0,1695476
-39714437,-57394311,1369171,3,flower,oxeye-daisy,0,700,54,10000,0,1742555
-39714027,-57393818,1369196,3,grass,male-fern,0,1200,53,10000,0,1742530
-39710621,-57394382,1369149,3,grass,bilberry-mat,0,400,61,6000,0,1742577
-39707929,-57394114,1369178,3,grass,ivy-ground-layer,0,220,75,6000,0,1742548
-39703408,-57393944,1369172,3,flower,purple-loosestrife,1,1200,125,0,0,1742554
-39702251,-57393933,1369267,3,flower,red-campion,0,700,228,0,0,1742459
-39700150,-57393729,1369026,3,bush,salal,0,1200,666,0,0,1742700
-39773440,-57393290,1372757,3,flower,herb-robert,0,350,443,26000,0,1691911
-39772353,-57392882,1372266,3,grass,meadow-grass,0,450,497,24000,0,1692402
-39770153,-57393416,1371441,3,grass,male-fern,0,1200,338,24000,0,1693227
-39768006,-57393201,1370877,3,grass,ivy-ground-layer,0,220,313,24000,0,1693791
-39767634,-57393430,1370753,3,grass,harts-tongue-fern,1,500,300,24000,0,1693915
-39757100,-57392982,1369290,3,bush,salal,0,1200,115,22000,0,1695378
-39755781,-57393452,1369134,3,flower,red-campion,0,700,162,22000,0,1695534
-39754383,-57393314,1369145,3,grass,hair-cap-moss,1,240,214,22000,0,1695523
-39753594,-57393410,1369123,3,grass,understory-fern,0,900,177,22000,0,1695545
-39749333,-57393158,1369041,3,grass,bilberry-mat,0,400,150,20000,0,1695627
-39747102,-57393163,1369130,3,grass,meadow-grass,0,450,53,20000,0,1695538
-39744889,-57393315,1369179,3,grass,timothy,0,900,67,20000,0,1695489
-39742274,-57393499,1369170,3,grass,lady-fern,1,900,85,20000,0,1695498
-39736052,-57392825,1369328,3,grass,timothy,0,900,57,20000,0,1695340
-39734280,-57393220,1369293,3,grass,meadow-grass,0,450,37,18000,0,1695375
-39733262,-57393465,1369286,3,grass,wood-sedge,0,500,34,18000,0,1695382
-39731671,-57393170,1369298,3,flower,red-campion,0,700,29,18000,0,1695370
-39730076,-57392930,1369305,3,grass,feather-moss,0,220,34,18000,0,1695363
-39726082,-57392940,1369307,3,grass,hair-cap-moss,1,240,35,14000,0,1695361
-39722589,-57393348,1369275,3,grass,understory-fern,0,900,49,14000,0,1695393
-39717301,-57392998,1369256,3,grass,timothy,0,900,67,10000,0,1742470
-39716719,-57393242,1369235,3,grass,meadow-grass,0,450,59,10000,0,1742491
-39714936,-57392925,1369248,3,flower,common-knapweed,0,800,64,10000,0,1742478
-39712534,-57393342,1369209,3,flower,common-knapweed,0,800,53,10000,0,1742517
-39710695,-57392896,1369224,3,grass,feather-moss,0,220,56,6000,0,1742502
-39709544,-57393197,1369213,3,reed,common-cottongrass,1,500,56,6000,0,1742513
-39708423,-57393536,1369207,3,grass,wood-sedge,0,500,64,6000,0,1742519
-39702625,-57393088,1369338,3,reed,soft-rush,1,900,203,0,0,1742388
-39765775,-57392114,1370474,3,flower,meadow-daisy,0,420,279,24000,0,1694194
-39761133,-57392196,1369783,3,grass,jungle-groundcover,0,800,168,24000,0,1694885
-39759726,-57392683,1369619,3,grass,meadow-grass,0,450,164,24000,0,1695049
-39756085,-57392556,1369244,3,grass,ribwort-plantain,0,300,126,22000,0,1695424
-39750162,-57392216,1369135,3,flower,herb-robert,0,350,147,22000,0,1695533
-39746697,-57392616,1369148,3,grass,moss-cushion,0,220,67,20000,0,1695520
-39745558,-57392490,1369189,3,flower,herb-robert,0,350,78,20000,0,1695479
-39743383,-57392735,1369205,3,grass,wood-sedge,0,500,53,20000,0,1695463
-39742289,-57392540,1369244,3,grass,feather-moss,0,220,92,20000,0,1695424
-39740783,-57392074,1369264,3,flower,red-clover,0,400,36,20000,0,1695404
-39739275,-57392391,1369322,3,flower,meadow-daisy,0,420,98,20000,0,1695346
-39719788,-57392648,1369282,3,flower,herb-robert,0,350,81,10000,0,1742444
-39710555,-57392163,1369269,3,flower,red-campion,0,700,73,6000,0,1742457
-39707764,-57392779,1369275,3,flower,large-trillium,0,350,77,6000,0,1742451
-39706571,-57392327,1369313,3,grass,feather-moss,0,220,97,6000,0,1742413
-39704886,-57392579,1369258,3,grass,meadow-grass,0,450,103,0,0,1742468
-39703152,-57392401,1369300,3,flower,river-water-crowfoot,1,1400,187,0,0,1742426
-39701858,-57392240,1369398,3,grass,harts-tongue-fern,1,500,156,0,0,1742328
-39774338,-57391705,1373256,3,bush,salal,0,1200,553,26000,0,1691412
-39762804,-57391465,1370096,3,grass,cocksfoot,0,1000,178,24000,0,1694572
-39762019,-57391335,1369961,3,flower,red-campion,0,700,233,24000,0,1694707
-39760509,-57391255,1369749,3,flower,red-campion,0,700,195,24000,0,1694919
-39750988,-57391367,1369216,3,grass,wood-horsetail,1,500,102,22000,0,1695452
-39742531,-57391714,1369284,3,grass,male-fern,0,1200,51,20000,0,1695384
-39742107,-57391287,1369294,3,flower,fireweed,0,1200,10,20000,0,1695374
-39740958,-57391869,1369272,3,flower,herb-robert,0,350,44,20000,0,1695396
-39739619,-57391835,1369320,3,grass,hair-cap-moss,1,240,114,20000,0,1695348
-39737860,-57391432,1369388,3,flower,red-campion,0,700,42,20000,0,1695280
-39736385,-57391275,1369370,3,grass,wood-sedge,0,500,40,20000,0,1695298
-39733867,-57391681,1369376,3,grass,moss-cushion,0,220,110,18000,0,1695292
-39731025,-57391504,1369380,3,flower,oxeye-daisy,0,700,106,18000,0,1695288
-39729983,-57391462,1369398,3,grass,meadow-grass,0,450,110,18000,0,1695270
-39721850,-57391830,1369337,3,grass,sword-fern,0,1200,83,14000,0,1695331
-39718913,-57391776,1369356,3,grass,feather-moss,0,220,116,10000,0,1742370
-39713803,-57391380,1369393,3,grass,timothy,0,900,123,10000,0,1742333
-39709703,-57391937,1369289,3,flower,red-campion,0,700,83,6000,0,1742437
-39706740,-57391846,1369356,3,grass,cocksfoot,0,1000,119,6000,0,1742370
-39702367,-57391483,1369426,3,grass,spiked-water-milfoil,1,1000,75,0,0,1742300
-39701001,-57391445,1369317,3,flower,herb-robert,0,350,480,0,0,1742409
-39699804,-57391585,1368991,3,bush,salal,0,1200,603,0,0,1742735
-39787896,-57390422,1379978,3,bush,salal,0,1200,884,36000,0,1684690
-39764093,-57391090,1370259,3,bush,salal,0,1200,227,24000,0,1694409
-39763222,-57390674,1370147,3,flower,fireweed,0,1200,176,24000,0,1694521
-39761830,-57390820,1369941,3,grass,ivy-ground-layer,0,220,210,24000,0,1694727
-39759008,-57390574,1369593,3,grass,feather-moss,0,220,133,24000,0,1695075
-39751722,-57390547,1369287,3,grass,bilberry-mat,0,400,107,22000,0,1695381
-39749770,-57390434,1369249,3,grass,lady-fern,1,900,27,20000,0,1695419
-39747617,-57391015,1369218,3,flower,fireweed,0,1200,107,20000,0,1695450
-39746334,-57390903,1369247,3,flower,primrose,0,240,15,20000,0,1695421
-39737957,-57390455,1369357,3,grass,feather-moss,0,220,36,20000,0,1695311
-39735332,-57390742,1369440,3,grass,meadow-grass,0,450,137,20000,0,1695228
-39734222,-57391145,1369428,3,grass,ivy-ground-layer,0,220,123,18000,0,1695240
-39728899,-57390505,1369483,3,grass,sword-fern,0,1200,102,18000,0,1695185
-39713041,-57390624,1369460,3,grass,ribwort-plantain,0,300,115,10000,0,1742266
-39712658,-57390816,1369426,3,grass,lady-fern,1,900,123,10000,0,1742300
-39711193,-57390839,1369402,3,grass,wood-horsetail,1,500,124,6000,0,1742324
-39710055,-57390759,1369417,3,grass,hair-cap-moss,1,240,123,6000,0,1742309
-39705858,-57390823,1369431,3,grass,male-fern,0,1200,122,6000,0,1742295
-39771376,-57390149,1372164,3,bush,salal,0,1200,488,24000,0,1692504
-39768760,-57390141,1371153,3,grass,ivy-ground-layer,0,220,371,24000,0,1693515
-39767144,-57390181,1370765,3,flower,primrose,0,240,233,24000,0,1693903
-39765258,-57390071,1370543,3,grass,harts-tongue-fern,1,500,253,24000,0,1694125
-39764341,-57390243,1370376,3,grass,harts-tongue-fern,1,500,300,24000,0,1694292
-39763138,-57390066,1370133,3,grass,lady-fern,1,900,213,24000,0,1694535
-39759382,-57390355,1369635,3,flower,common-knapweed,0,800,162,24000,0,1695033
-39756932,-57389798,1369534,3,grass,male-fern,0,1200,95,30000,0,1695134
-39754481,-57390311,1369313,3,grass,feather-moss,0,220,94,22000,0,1695355
-39749933,-57390354,1369248,3,flower,meadow-daisy,0,420,22,20000,0,1695420
-39748286,-57389635,1369328,3,flower,primrose,0,240,54,28000,0,1695340
-39747907,-57389885,1369327,3,grass,wood-horsetail,1,500,48,28000,0,1695341
-39746957,-57389645,1369298,3,flower,primrose,0,240,91,28000,0,1695370
-39745530,-57389683,1369303,3,grass,hair-cap-moss,1,240,115,28000,0,1695365
-39739343,-57390203,1369385,3,grass,jungle-groundcover,0,800,43,20000,0,1695283
-39738663,-57390104,1369364,3,grass,lady-fern,1,900,41,20000,0,1695304
-39726226,-57389791,1369540,3,grass,bilberry-mat,0,400,34,20000,0,1695128
-39723376,-57389752,1369527,3,grass,sedge-tussock,1,600,63,20000,0,1695141
-39721164,-57389611,1369532,3,flower,impatiens,1,350,56,20000,0,1695136
-39720187,-57390164,1369495,3,grass,bilberry-mat,0,400,97,14000,0,1695173
-39719735,-57389815,1369517,3,bush,salal,0,1200,77,16000,0,1695151
-39718071,-57390120,1369497,3,flower,herb-robert,0,350,96,10000,0,1742229
-39711262,-57390324,1369465,3,flower,primrose,0,240,113,6000,0,1742261
-39710138,-57389836,1369514,3,grass,moss-cushion,0,220,80,10000,0,1695154
-39707648,-57389820,1369527,3,grass,wood-horsetail,1,500,65,10000,0,1695141
-39700896,-57389783,1369563,3,grass,understory-fern,0,900,153,4000,0,1695105
-39789915,-57389530,1381164,3,bush,salal,0,1200,779,42000,0,1683504
-39771349,-57388955,1372263,3,grass,meadow-grass,0,450,461,32000,0,1692405
-39767625,-57389356,1370906,3,flower,herb-robert,0,350,350,32000,0,1693762
-39765550,-57389440,1370614,3,grass,meadow-grass,0,450,204,32000,0,1694054
-39748380,-57389367,1369330,3,grass,lady-fern,1,900,34,28000,0,1695338
-39747157,-57389260,1369320,3,grass,wood-horsetail,1,500,57,28000,0,1695348
-39744747,-57389020,1369363,3,grass,sword-fern,0,1200,11,28000,0,1695305
-39736842,-57388807,1369466,3,grass,feather-moss,0,220,154,28000,0,1695202
-39732679,-57388880,1369544,3,grass,wood-sedge,0,500,25,26000,0,1695124
-39730426,-57389418,1369539,3,flower,oxeye-daisy,0,700,38,26000,0,1695129
-39728299,-57389235,1369547,3,grass,feather-moss,0,220,1,26000,0,1695121
-39715703,-57389117,1369546,3,grass,meadow-grass,0,450,11,16000,0,1695122
-39714983,-57388937,1369542,3,grass,ribwort-plantain,0,300,21,16000,0,1695126
-39713378,-57389095,1369545,3,grass,sphagnum-hummock,1,280,13,16000,0,1695123
-39709377,-57389237,1369545,3,flower,herb-robert,0,350,17,10000,0,1695123
-39707039,-57389029,1369544,3,grass,male-fern,0,1200,11,10000,0,1695124
-39705768,-57388954,1369525,3,grass,meadow-grass,0,450,19,10000,0,1695143
-39702844,-57389252,1369515,3,grass,feather-moss,0,220,29,4000,0,1695153
-39701812,-57389586,1369497,3,grass,sphagnum-hummock,1,280,44,4000,0,1695171
-39701435,-57389578,1369511,3,grass,understory-fern,0,900,77,4000,0,1695157
-39762659,-57388228,1370263,3,grass,sword-fern,0,1200,270,30000,0,1694405
-39757761,-57388055,1369717,3,flower,meadow-daisy,0,420,130,30000,0,1694951
-39756413,-57388799,1369510,3,grass,male-fern,0,1200,118,30000,0,1695158
-39755246,-57388472,1369432,3,grass,feather-moss,0,220,59,30000,0,1695236
-39751444,-57388165,1369359,3,grass,ribwort-plantain,0,300,75,30000,0,1695309
-39751191,-57388490,1369356,3,grass,sword-fern,0,1200,73,30000,0,1695312
-39748300,-57388703,1369329,3,grass,feather-moss,0,220,6,28000,0,1695339
-39747937,-57388384,1369327,3,grass,hair-cap-moss,1,240,5,28000,0,1695341
-39746888,-57388078,1369370,3,grass,hair-cap-moss,1,240,100,28000,0,1695298
-39743805,-57388470,1369375,3,grass,lady-fern,1,900,64,28000,0,1695293
-39739792,-57388776,1369360,3,flower,red-campion,0,700,22,28000,0,1695308
-39739199,-57388490,1369381,3,grass,wood-horsetail,1,500,113,28000,0,1695287
-39737279,-57388307,1369498,3,grass,sword-fern,0,1200,154,28000,0,1695170
-39734834,-57388006,1369527,3,grass,cocksfoot,0,1000,18,26000,0,1695141
-39732577,-57388195,1369556,3,grass,hair-cap-moss,1,240,15,26000,0,1695112
-39723557,-57388164,1369527,3,grass,feather-moss,0,220,31,20000,0,1695141
-39719719,-57388126,1369529,3,grass,ribwort-plantain,0,300,31,16000,0,1695139
-39714034,-57388512,1369531,3,flower,meadow-daisy,0,420,31,16000,0,1695137
-39706060,-57388428,1369524,3,grass,sword-fern,0,1200,32,10000,0,1695144
-39704639,-57388457,1369508,3,grass,cocksfoot,0,1000,9,4000,0,1695160
-39702704,-57388758,1369519,3,grass,wood-horsetail,1,500,7,4000,0,1695149
-39697019,-57388523,1369609,3,bush,salal,0,1200,669,0,0,1695059
-39768942,-57387244,1371559,3,grass,woolly-fringe-moss,0,220,489,32000,0,1693109
-39766964,-57387354,1371073,3,grass,ivy-ground-layer,0,220,289,32000,0,1693595
-39765825,-57387256,1370844,3,flower,primrose,0,240,324,32000,0,1693824
-39764405,-57387605,1370550,3,grass,meadow-grass,0,450,238,30000,0,1694118
-39746087,-57387738,1369417,3,grass,male-fern,0,1200,38,28000,0,1695251
-39745160,-57387901,1369399,3,grass,feather-moss,0,220,70,28000,0,1695269
-39744307,-57387647,1369413,3,grass,feather-moss,0,220,90,28000,0,1695255
-39743907,-57387377,1369447,3,grass,woolly-fringe-moss,0,220,103,28000,0,1695221
-39734456,-57387669,1369543,3,grass,hair-cap-moss,1,240,56,26000,0,1695125
-39734137,-57387812,1369538,3,grass,feather-moss,0,220,47,26000,0,1695130
-39732642,-57387339,1369571,3,grass,wood-horsetail,1,500,25,26000,0,1695097
-39730108,-57387888,1369528,3,flower,herb-robert,0,350,21,26000,0,1695140
-39727627,-57387519,1369527,3,grass,male-fern,0,1200,14,26000,0,1695141
-39720233,-57387228,1369505,3,grass,sphagnum-hummock,1,280,10,20000,0,1695163
-39719973,-57387908,1369522,3,grass,feather-moss,0,220,30,16000,0,1695146
-39711457,-57387498,1369510,3,grass,wood-horsetail,1,500,19,10000,0,1695158
-39708994,-57387579,1369511,3,flower,fireweed,0,1200,20,10000,0,1695157
-39699162,-57387812,1369505,3,flower,cowslip,0,300,164,4000,0,1695163
-39697975,-57387477,1369727,3,grass,wood-sedge,0,500,12,4000,0,1694941
-39787028,-57387116,1381237,3,bush,salal,0,1200,739,36000,0,1683431
-39778537,-57386742,1376628,3,bush,salal,0,1200,887,34000,0,1688040
-39768514,-57386609,1371586,3,grass,woolly-fringe-moss,0,220,494,32000,0,1693082
-39765466,-57386888,1370841,3,grass,jungle-groundcover,0,800,308,32000,0,1693827
-39761177,-57386625,1370084,3,flower,large-trillium,0,350,202,30000,0,1694584
-39758227,-57386733,1369777,3,grass,hair-cap-moss,1,240,126,30000,0,1694891
-39746332,-57386576,1369438,3,grass,sword-fern,0,1200,25,28000,0,1695230
-39743950,-57387058,1369468,3,grass,lady-fern,1,900,92,28000,0,1695200
-39742192,-57386472,1369459,3,grass,cocksfoot,0,1000,62,28000,0,1695209
-39741422,-57387192,1369419,3,flower,common-knapweed,0,800,46,28000,0,1695249
-39740777,-57387176,1369413,3,flower,herb-robert,0,350,69,28000,0,1695255
-39739671,-57386800,1369501,3,flower,herb-robert,0,350,200,28000,0,1695167
-39738740,-57386718,1369549,3,grass,bilberry-mat,0,400,169,28000,0,1695119
-39735920,-57387020,1369581,3,flower,red-campion,0,700,37,28000,0,1695087
-39732379,-57387090,1369577,3,grass,male-fern,0,1200,33,26000,0,1695091
-39730838,-57387006,1369547,3,grass,woolly-fringe-moss,0,220,46,26000,0,1695121
-39730115,-57386626,1369541,3,grass,jungle-groundcover,0,800,52,26000,0,1695127
-39725423,-57386976,1369513,3,flower,primrose,0,240,22,20000,0,1695155
-39722530,-57387124,1369504,3,grass,moss-cushion,0,220,7,20000,0,1695164
-39718450,-57386798,1369502,3,grass,sphagnum-hummock,1,280,1,16000,0,1695166
-39718233,-57386489,1369502,3,grass,wood-horsetail,1,500,6,16000,0,1695166
-39715734,-57386964,1369500,3,grass,male-fern,0,1200,2,16000,0,1695168
-39703416,-57386616,1369502,3,grass,lady-fern,1,900,6,4000,0,1695166
-39699261,-57386898,1369500,3,flower,meadow-daisy,0,420,140,4000,0,1695168
-39689882,-57386800,1354785,3,flower,cowslip,0,300,182,0,0,1756941
-39791081,-57386395,1382506,3,bush,salal,0,1200,608,42000,0,1682162
-39755585,-57386365,1369604,3,grass,lady-fern,1,900,149,30000,0,1695064
-39751655,-57386202,1369475,3,grass,meadow-grass,0,450,78,30000,0,1695193
-39742067,-57386032,1369472,3,grass,timothy,0,900,64,28000,0,1695196
-39729975,-57386388,1369545,3,flower,yarrow,0,600,59,26000,0,1695123
-39724197,-57386172,1369516,3,grass,cocksfoot,0,1000,28,20000,0,1695152
-39716065,-57386388,1369500,3,grass,ivy-ground-layer,0,220,0,16000,0,1695168
-39714683,-57386043,1369500,3,bush,salal,0,1200,2,16000,0,1695168
-39711510,-57385693,1369500,3,grass,timothy,0,900,0,10000,0,1695168
-39710542,-57386050,1369500,3,grass,feather-moss,0,220,0,10000,0,1695168
-39709145,-57386393,1369500,3,grass,meadow-grass,0,450,1,10000,0,1695168
-39706148,-57386220,1369500,3,grass,male-fern,0,1200,0,10000,0,1695168
-39702963,-57385862,1369504,3,flower,marsh-marigold,1,300,9,4000,0,1695164
-39701536,-57386110,1369514,3,grass,sphagnum-hummock,1,280,6,4000,0,1695154
-39790777,-57384919,1382966,3,bush,salal,0,1200,565,42000,0,1681702
-39768549,-57385547,1371825,3,flower,herb-robert,0,350,443,32000,0,1692843
-39762115,-57385595,1370339,3,bush,salal,0,1200,251,30000,0,1694329
-39760159,-57385021,1370020,3,grass,sedge-tussock,1,600,187,30000,0,1694648
-39759837,-57385260,1369977,3,grass,lady-fern,1,900,155,30000,0,1694691
-39757275,-57385367,1369759,3,grass,lady-fern,1,900,144,30000,0,1694909
-39746723,-57385181,1369495,3,grass,wood-sedge,0,500,53,28000,0,1695173
-39740553,-57385291,1369573,3,grass,wood-horsetail,1,500,206,28000,0,1695095
-39737405,-57385106,1369672,3,grass,meadow-grass,0,450,81,28000,0,1694996
-39736440,-57384865,1369724,3,bush,salal,0,1200,105,28000,0,1694944
-39735717,-57385024,1369715,3,grass,sword-fern,0,1200,87,28000,0,1694953
-39731201,-57385299,1369625,3,flower,red-clover,0,400,64,26000,0,1695043
-39724563,-57384936,1369562,3,flower,impatiens,1,350,36,20000,0,1695106
-39723069,-57385425,1369528,3,flower,red-clover,0,400,41,20000,0,1695140
-39716935,-57384924,1369508,3,grass,ivy-ground-layer,0,220,19,16000,0,1695160
-39709573,-57385541,1369500,3,grass,bilberry-mat,0,400,0,10000,0,1695168
-39707739,-57385180,1369504,3,flower,foxglove,0,1500,11,10000,0,1695164
-39699285,-57385361,1369533,3,flower,water-mint,1,500,97,4000,0,1695135
-39785542,-57384403,1381129,3,bush,salal,0,1200,733,36000,0,1683539
-39766580,-57384636,1371399,3,flower,harebell,0,350,428,32000,0,1693269
-39754495,-57384131,1369616,3,grass,understory-fern,0,900,44,30000,0,1695052
-39753101,-57384781,1369538,3,grass,sword-fern,0,1200,101,30000,0,1695130
-39740100,-57384331,1369702,3,grass,sword-fern,0,1200,125,28000,0,1694966
-39739896,-57384338,1369702,3,flower,primrose,0,240,108,28000,0,1694966
-39738783,-57384042,1369729,3,grass,meadow-grass,0,450,94,28000,0,1694939
-39730829,-57384570,1369654,3,grass,ribwort-plantain,0,300,78,26000,0,1695014
-39729283,-57384296,1369617,3,grass,hair-cap-moss,1,240,93,26000,0,1695051
-39722406,-57384475,1369544,3,grass,hair-cap-moss,1,240,44,20000,0,1695124
-39721358,-57384371,1369541,3,grass,hair-cap-moss,1,240,37,20000,0,1695127
-39720156,-57384695,1369552,3,grass,harts-tongue-fern,1,500,35,20000,0,1695116
-39714114,-57384560,1369522,3,grass,sword-fern,0,1200,31,16000,0,1695146
-39709723,-57384601,1369503,3,grass,bilberry-mat,0,400,9,10000,0,1695165
-39709581,-57384531,1369505,3,grass,lady-fern,1,900,12,10000,0,1695163
-39708555,-57384159,1369519,3,grass,lady-fern,1,900,28,10000,0,1695149
-39707827,-57384742,1369510,3,flower,oxeye-daisy,0,700,19,10000,0,1695158
-39705501,-57384272,1369509,3,grass,sword-fern,0,1200,16,10000,0,1695159
-39702347,-57384523,1369524,3,grass,woolly-fringe-moss,0,220,34,4000,0,1695144
-39697925,-57384235,1369625,3,grass,ivy-ground-layer,0,220,99,4000,0,1695043
-39697194,-57384311,1369465,3,flower,meadow-daisy,0,420,422,0,0,1695203
-39689806,-57384172,1355168,3,grass,brook-moss-cushion,1,220,189,0,0,1756558
-39789357,-57383374,1383021,3,grass,meadow-grass,0,450,557,42000,0,1681647
-39788161,-57383906,1382515,3,bush,salal,0,1200,590,42000,0,1682153
-39786155,-57383919,1381562,3,bush,salal,0,1200,669,36000,0,1683106
-39763443,-57383773,1370798,3,flower,common-knapweed,0,800,304,30000,0,1693870
-39757813,-57383321,1369859,3,flower,large-trillium,0,350,107,30000,0,1694809
-39757278,-57383819,1369809,3,grass,bilberry-mat,0,400,97,30000,0,1694859
-39750801,-57383580,1369573,3,grass,bilberry-mat,0,400,43,30000,0,1695095
-39743284,-57383262,1369691,3,flower,cowslip,0,300,218,28000,0,1694977
-39742799,-57383332,1369712,3,grass,bilberry-mat,0,400,230,28000,0,1694956
-39741730,-57383412,1369749,3,flower,herb-robert,0,350,200,28000,0,1694919
-39739275,-57383432,1369794,3,grass,feather-moss,0,220,128,28000,0,1694874
-39728626,-57383407,1369628,3,grass,ivy-ground-layer,0,220,99,26000,0,1695040
-39721490,-57383942,1369551,3,grass,feather-moss,0,220,36,20000,0,1695117
-39716021,-57383655,1369554,3,flower,herb-robert,0,350,39,16000,0,1695114
-39714748,-57383739,1369553,3,flower,primrose,0,240,39,16000,0,1695115
-39714154,-57383612,1369556,3,flower,oxeye-daisy,0,700,39,16000,0,1695112
-39709758,-57383426,1369535,3,grass,hair-cap-moss,1,240,37,10000,0,1695133
-39708378,-57383424,1369544,3,grass,ivy-ground-layer,0,220,39,10000,0,1695124
-39707128,-57383504,1369542,3,grass,lady-fern,1,900,45,10000,0,1695126
-39702786,-57383782,1369534,3,grass,harts-tongue-fern,1,500,35,4000,0,1695134
-39701748,-57383733,1369544,3,flower,purple-loosestrife,1,1200,8,4000,0,1695124
-39790394,-57383009,1383397,3,bush,salal,0,1200,523,42000,0,1681271
-39765921,-57382645,1371476,3,grass,meadow-grass,0,450,417,32000,0,1693192
-39764836,-57382439,1371262,3,bush,salal,0,1200,387,38000,0,1693406
-39763150,-57383161,1370838,3,grass,wood-horsetail,1,500,312,30000,0,1693830
-39757926,-57382767,1369873,3,flower,impatiens,1,350,117,30000,0,1694795
-39752098,-57383153,1369583,3,flower,primrose,0,240,71,30000,0,1695085
-39742866,-57382761,1369779,3,grass,lady-fern,1,900,230,28000,0,1694889
-39737880,-57382786,1369932,3,grass,lady-fern,1,900,162,28000,0,1694736
-39733294,-57382954,1369854,3,flower,primrose,0,240,147,26000,0,1694814
-39730969,-57382807,1369759,3,flower,primrose,0,240,113,26000,0,1694909
-39725517,-57382495,1369614,3,flower,impatiens,1,350,29,26000,0,1695054
-39722516,-57382909,1369577,3,flower,herb-robert,0,350,23,20000,0,1695091
-39718238,-57382819,1369582,3,flower,large-trillium,0,350,30,16000,0,1695086
-39716772,-57382964,1369577,3,grass,cocksfoot,0,1000,32,16000,0,1695091
-39714444,-57382600,1369589,3,flower,herb-robert,0,350,18,16000,0,1695079
-39713891,-57382634,1369587,3,grass,cocksfoot,0,1000,22,16000,0,1695081
-39711510,-57382669,1369573,3,grass,bilberry-mat,0,400,34,10000,0,1695095
-39702948,-57383152,1369548,3,grass,wood-horsetail,1,500,28,4000,0,1695120
-39702098,-57382784,1369546,3,flower,purple-loosestrife,1,1200,17,4000,0,1695122
-39700398,-57382443,1369540,3,grass,jungle-groundcover,0,800,17,6000,0,1695128
-39696168,-57382642,1369606,3,grass,wood-horsetail,1,500,305,0,0,1695062
-39695886,-57382513,1369623,3,grass,brook-moss-cushion,1,220,314,0,0,1695045
-39788479,-57381718,1382960,3,bush,salal,0,1200,550,46000,0,1681708
-39786266,-57381667,1382254,3,bush,salal,0,1200,605,44000,0,1682414
-39784509,-57381610,1381610,3,bush,salal,0,1200,682,44000,0,1683058
-39766343,-57381764,1371748,3,grass,meadow-grass,0,450,477,38000,0,1692920
-39761292,-57381953,1370421,3,grass,sword-fern,0,1200,293,38000,0,1694247
-39760367,-57382184,1370217,3,grass,feather-moss,0,220,171,38000,0,1694451
-39756341,-57382131,1369791,3,grass,lady-fern,1,900,30,36000,0,1694877
-39750903,-57381936,1369625,3,flower,red-clover,0,400,68,36000,0,1695043
-39740042,-57382159,1369901,3,grass,bilberry-mat,0,400,127,34000,0,1694767
-39739745,-57381748,1369944,3,flower,meadow-daisy,0,420,145,34000,0,1694724
-39735907,-57382017,1370074,3,flower,herb-robert,0,350,163,34000,0,1694594
-39732368,-57381831,1369915,3,grass,sword-fern,0,1200,157,32000,0,1694753
-39731905,-57382105,1369864,3,grass,bilberry-mat,0,400,144,32000,0,1694804
-39725197,-57382231,1369615,3,grass,male-fern,0,1200,32,26000,0,1695053
-39715865,-57381666,1369599,3,flower,harebell,0,350,3,20000,0,1695069
-39701373,-57382371,1369534,3,grass,lady-fern,1,900,5,6000,0,1695134
-39789081,-57380957,1383284,3,flower,herb-robert,0,350,526,46000,0,1681384
-39785884,-57381378,1382187,3,bush,salal,0,1200,616,44000,0,1682481
-39765811,-57381009,1371781,3,grass,woolly-fringe-moss,0,220,471,38000,0,1692887
-39764666,-57381119,1371420,3,grass,understory-fern,0,900,413,38000,0,1693248
-39759626,-57381528,1370149,3,grass,feather-moss,0,220,138,38000,0,1694519
-39756840,-57380868,1369853,3,grass,cocksfoot,0,1000,131,36000,0,1694815
-39754780,-57380816,1369721,3,flower,birdsfoot-trefoil,0,250,30,36000,0,1694947
-39753885,-57381303,1369685,3,grass,ivy-ground-layer,0,220,92,36000,0,1694983
-39750092,-57381414,1369656,3,flower,primrose,0,240,122,36000,0,1695012
-39747240,-57381536,1369706,3,flower,primrose,0,240,61,36000,0,1694962
-39738675,-57380933,1370081,3,grass,ivy-ground-layer,0,220,138,34000,0,1694587
-39732786,-57381081,1370021,3,grass,meadow-grass,0,450,181,32000,0,1694647
-39729672,-57381208,1369792,3,grass,feather-moss,0,220,152,32000,0,1694876
-39727261,-57381110,1369693,3,flower,meadow-daisy,0,420,87,26000,0,1694975
-39726935,-57381130,1369687,3,grass,male-fern,0,1200,79,26000,0,1694981
-39725993,-57381412,1369656,3,grass,ivy-ground-layer,0,220,61,26000,0,1695012
-39724963,-57381305,1369633,3,flower,large-trillium,0,350,57,26000,0,1695035
-39721177,-57381240,1369568,3,grass,harts-tongue-fern,1,500,33,26000,0,1695100
-39720237,-57380870,1369574,3,bush,salal,0,1200,35,26000,0,1695094
-39718425,-57381379,1369597,3,grass,meadow-grass,0,450,5,20000,0,1695071
-39718387,-57381397,1369597,3,grass,sword-fern,0,1200,4,20000,0,1695071
-39715029,-57380936,1369599,3,grass,wood-horsetail,1,500,0,20000,0,1695069
-39713166,-57381422,1369599,3,grass,harts-tongue-fern,1,500,2,20000,0,1695069
-39712217,-57380999,1369599,3,grass,meadow-grass,0,450,0,14000,0,1695069
-39709536,-57380912,1369599,3,grass,understory-fern,0,900,1,14000,0,1695069
-39701466,-57381504,1369535,3,grass,woolly-fringe-moss,0,220,4,6000,0,1695133
-39696813,-57381275,1369662,3,grass,brook-moss-cushion,1,220,212,0,0,1695006
-39791445,-57380575,1384288,3,grass,feather-moss,0,220,496,46000,0,1680380
-39788852,-57380779,1383225,3,grass,meadow-grass,0,450,531,46000,0,1681443
-39785891,-57380370,1382369,3,bush,salal,0,1200,612,44000,0,1682299
-39781880,-57380167,1380383,3,bush,salal,0,1200,803,44000,0,1684285
-39781547,-57380581,1380105,3,bush,salal,0,1200,835,44000,0,1684563
-39770932,-57380559,1373600,3,bush,salal,0,1200,826,38000,0,1691068
-39766185,-57380646,1371950,3,grass,meadow-grass,0,450,507,38000,0,1692718
-39758947,-57380095,1370037,3,grass,understory-fern,0,900,162,38000,0,1694631
-39757795,-57380023,1369944,3,grass,lady-fern,1,900,82,38000,0,1694724
-39756306,-57380346,1369816,3,grass,hair-cap-moss,1,240,133,36000,0,1694852
-39754114,-57380671,1369731,3,grass,feather-moss,0,220,50,36000,0,1694937
-39753012,-57380109,1369726,3,grass,feather-moss,0,220,75,36000,0,1694942
-39751530,-57380334,1369699,3,grass,woolly-fringe-moss,0,220,111,36000,0,1694969
-39749964,-57380309,1369771,3,flower,cowslip,0,300,117,36000,0,1694897
-39743637,-57380416,1370033,3,grass,moss-cushion,0,220,115,36000,0,1694635
-39738735,-57380177,1370150,3,flower,oxeye-daisy,0,700,160,34000,0,1694518
-39733800,-57380598,1370159,3,flower,meadow-daisy,0,420,210,32000,0,1694509
-39733178,-57380723,1370087,3,grass,wood-sedge,0,500,196,32000,0,1694581
-39724575,-57380589,1369642,3,grass,understory-fern,0,900,78,26000,0,1695026
-39720622,-57380194,1369558,3,grass,hair-cap-moss,1,240,21,26000,0,1695110
-39719456,-57380689,1369581,3,grass,lady-fern,1,900,32,20000,0,1695087
-39717159,-57380060,1369598,3,flower,herb-robert,0,350,5,20000,0,1695070
-39713797,-57380503,1369600,3,grass,timothy,0,900,0,20000,0,1695068
-39712305,-57380704,1369599,3,flower,impatiens,1,350,0,14000,0,1695069
-39710477,-57380089,1369600,3,grass,meadow-grass,0,450,0,14000,0,1695068
-39709603,-57380372,1369600,3,grass,hair-cap-moss,1,240,0,14000,0,1695068
-39708873,-57380528,1369599,3,flower,red-campion,0,700,0,14000,0,1695069
-39708182,-57380598,1369599,3,grass,male-fern,0,1200,0,14000,0,1695069
-39702760,-57380577,1369571,3,flower,primrose,0,240,38,6000,0,1695097
-39700134,-57380367,1369551,3,grass,sphagnum-hummock,1,280,11,6000,0,1695117
-39698458,-57380311,1369541,3,flower,fireweed,0,1200,30,6000,0,1695127
-39697849,-57380411,1369543,3,grass,wood-sedge,0,500,52,6000,0,1695125
-39696880,-57380793,1369647,3,grass,ribwort-plantain,0,300,205,0,0,1695021
-39789164,-57379220,1383656,3,bush,salal,0,1200,532,46000,0,1681012
-39788125,-57379956,1383142,3,bush,salal,0,1200,550,46000,0,1681526
-39784791,-57379574,1382041,3,bush,salal,0,1200,663,44000,0,1682627
-39781887,-57379496,1380656,3,bush,salal,0,1200,787,44000,0,1684012
-39765623,-57379865,1371919,3,grass,woolly-fringe-moss,0,220,514,38000,0,1692749
-39757782,-57379460,1369951,3,grass,cocksfoot,0,1000,107,38000,0,1694717
-39756814,-57379548,1369882,3,grass,ivy-ground-layer,0,220,83,36000,0,1694786
-39754514,-57379223,1369801,3,grass,wood-sedge,0,500,115,36000,0,1694867
-39754319,-57379896,1369764,3,grass,hair-cap-moss,1,240,60,36000,0,1694904
-39735194,-57379718,1370366,3,grass,cocksfoot,0,1000,208,34000,0,1694302
-39733616,-57379290,1370325,3,grass,wood-sedge,0,500,226,32000,0,1694343
-39732702,-57379910,1370163,3,flower,red-clover,0,400,209,32000,0,1694505
-39730343,-57379603,1370025,3,grass,timothy,0,900,205,32000,0,1694643
-39729600,-57379690,1369952,3,grass,jungle-groundcover,0,800,208,32000,0,1694716
-39727451,-57379428,1369838,3,grass,timothy,0,900,156,26000,0,1694830
-39722508,-57379729,1369578,3,grass,feather-moss,0,220,68,26000,0,1695090
-39721201,-57379310,1369562,3,grass,feather-moss,0,220,37,26000,0,1695106
-39719539,-57379990,1369567,3,grass,cocksfoot,0,1000,35,20000,0,1695101
-39711762,-57379971,1369600,3,grass,wood-horsetail,1,500,0,14000,0,1695068
-39699473,-57379469,1369550,3,flower,herb-robert,0,350,6,6000,0,1695118
-39699190,-57379449,1369549,3,flower,red-campion,0,700,6,6000,0,1695119
-39790357,-57378670,1384265,3,bush,salal,0,1200,530,46000,0,1680403
-39785718,-57378609,1382589,3,bush,salal,0,1200,626,44000,0,1682079
-39784825,-57379029,1382226,3,bush,salal,0,1200,661,44000,0,1682442
-39782165,-57378428,1381095,3,bush,salal,0,1200,775,44000,0,1683573
-39777442,-57378587,1378963,3,bush,salal,0,1200,922,40000,0,1685705
-39763739,-57379060,1371288,3,grass,lady-fern,1,900,402,38000,0,1693380
-39758634,-57378507,1370105,3,grass,cocksfoot,0,1000,198,38000,0,1694563
-39754683,-57378794,1369835,3,flower,red-campion,0,700,138,36000,0,1694833
-39754022,-57378998,1369787,3,grass,meadow-grass,0,450,88,36000,0,1694881
-39753424,-57378853,1369776,3,grass,male-fern,0,1200,50,36000,0,1694892
-39749942,-57378827,1369869,3,grass,lady-fern,1,900,85,36000,0,1694799
-39742069,-57378463,1370244,3,grass,understory-fern,0,900,192,34000,0,1694424
-39734260,-57378578,1370459,3,grass,ivy-ground-layer,0,220,236,32000,0,1694209
-39733327,-57379172,1370320,3,flower,herb-robert,0,350,229,32000,0,1694348
-39731872,-57378670,1370300,3,bush,salal,0,1200,236,32000,0,1694368
-39729690,-57378746,1370092,3,flower,meadow-daisy,0,420,210,32000,0,1694576
-39728095,-57378476,1369984,3,grass,wood-sedge,0,500,201,32000,0,1694684
-39723523,-57378708,1369679,3,grass,hair-cap-moss,1,240,111,26000,0,1694989
-39718586,-57378690,1369571,3,flower,meadow-daisy,0,420,35,20000,0,1695097
-39718303,-57378968,1369578,3,grass,harts-tongue-fern,1,500,34,20000,0,1695090
-39711374,-57378551,1369600,3,grass,ribwort-plantain,0,300,0,14000,0,1695068
-39708260,-57379135,1369599,3,reed,common-cottongrass,1,500,0,14000,0,1695069
-39703549,-57378433,1369599,3,grass,cocksfoot,0,1000,2,6000,0,1695069
-39703096,-57378517,1369597,3,flower,purple-loosestrife,1,1200,6,6000,0,1695071
-39701914,-57378996,1369584,3,grass,wood-sedge,0,500,29,6000,0,1695084
-39699807,-57378553,1369553,3,grass,ivy-ground-layer,0,220,23,6000,0,1695115
-39686471,-57378971,1354240,3,bush,salal,0,1200,553,0,0,1757486
-39789968,-57377865,1384255,3,flower,herb-robert,0,350,539,46000,0,1680413
-39788252,-57378285,1383486,3,grass,meadow-grass,0,450,544,46000,0,1681182
-39787899,-57378323,1383292,3,grass,woolly-fringe-moss,0,220,553,46000,0,1681376
-39781105,-57378299,1380549,3,bush,salal,0,1200,805,44000,0,1684119
-39763695,-57378243,1371250,3,grass,meadow-grass,0,450,370,38000,0,1693418
-39761689,-57377651,1370640,3,flower,meadow-daisy,0,420,342,38000,0,1694028
-39761559,-57378108,1370595,3,grass,feather-moss,0,220,352,38000,0,1694073
-39759915,-57378112,1370297,3,grass,meadow-grass,0,450,174,38000,0,1694371
-39757306,-57377747,1370012,3,flower,impatiens,1,350,175,36000,0,1694656
-39751909,-57378165,1369881,3,grass,hair-cap-moss,1,240,129,36000,0,1694787
-39750750,-57378259,1369901,3,grass,understory-fern,0,900,97,36000,0,1694767
-39743884,-57377605,1370307,3,grass,ivy-ground-layer,0,220,125,36000,0,1694361
-39735982,-57377888,1370694,3,flower,herb-robert,0,350,268,34000,0,1693974
-39726724,-57377741,1369950,3,grass,male-fern,0,1200,174,26000,0,1694718
-39718772,-57377905,1369560,3,grass,hair-cap-moss,1,240,25,20000,0,1695108
-39716110,-57378011,1369589,3,grass,hair-cap-moss,1,240,22,20000,0,1695079
-39715911,-57377935,1369591,3,flower,herb-robert,0,350,21,20000,0,1695077
-39713715,-57377692,1369599,3,flower,birdsfoot-trefoil,0,250,2,20000,0,1695069
-39709351,-57378060,1369600,3,grass,wood-sedge,0,500,0,14000,0,1695068
-39704157,-57377685,1369599,3,grass,hair-cap-moss,1,240,0,6000,0,1695069
-39699453,-57378254,1369554,3,grass,feather-moss,0,220,19,6000,0,1695114
-39696363,-57378354,1369543,3,grass,lady-fern,1,900,25,0,0,1695125
-39788945,-57377395,1383912,3,bush,salal,0,1200,547,46000,0,1680756
-39788678,-57377198,1383833,3,bush,salal,0,1200,553,46000,0,1680835
-39779647,-57376983,1380357,3,bush,salal,0,1200,842,40000,0,1684311
-39779127,-57377437,1379879,3,bush,salal,0,1200,886,40000,0,1684789
-39778307,-57377327,1379712,3,bush,salal,0,1200,906,40000,0,1684956
-39766840,-57377364,1372631,3,bush,salal,0,1200,628,38000,0,1692037
-39764205,-57377410,1371421,3,grass,wood-sedge,0,500,441,38000,0,1693247
-39755907,-57377330,1369963,3,grass,wood-sedge,0,500,89,36000,0,1694705
-39754197,-57377027,1369923,3,flower,harebell,0,350,102,36000,0,1694745
-39749617,-57377516,1369998,3,flower,cowslip,0,300,111,36000,0,1694670
-39744609,-57377423,1370289,3,grass,hair-cap-moss,1,240,198,36000,0,1694379
-39737712,-57377276,1370849,3,flower,meadow-daisy,0,420,323,34000,0,1693819
-39736830,-57377539,1370826,3,flower,oxeye-daisy,0,700,206,34000,0,1693842
-39735512,-57377064,1370803,3,grass,sword-fern,0,1200,288,34000,0,1693865
-39731191,-57377212,1370468,3,grass,male-fern,0,1200,254,32000,0,1694200
-39723676,-57377510,1369773,3,grass,lady-fern,1,900,136,26000,0,1694895
-39721152,-57377384,1369656,3,grass,lady-fern,1,900,145,26000,0,1695012
-39720090,-57377181,1369589,3,grass,hair-cap-moss,1,240,94,26000,0,1695079
-39719433,-57377045,1369567,3,grass,bilberry-mat,0,400,54,20000,0,1695101
-39718442,-57377129,1369554,3,grass,feather-moss,0,220,10,20000,0,1695114
-39707474,-57377578,1369600,3,flower,herb-robert,0,350,0,14000,0,1695068
-39704313,-57377243,1369599,3,grass,moss-cushion,0,220,0,6000,0,1695069
-39702308,-57377552,1369598,3,grass,lady-fern,1,900,3,6000,0,1695070
-39700113,-57377121,1369584,3,reed,soft-rush,1,900,27,6000,0,1695084
-39694806,-57376978,1369684,3,grass,water-earwort,1,200,163,0,0,1694984
-39692717,-57377364,1369077,3,flower,primrose,0,240,389,0,0,1695591
-39790810,-57376371,1384832,3,bush,salal,0,1200,608,46000,0,1679836
-39789701,-57376164,1384379,3,grass,woolly-fringe-moss,0,220,602,46000,0,1680289
-39784409,-57376048,1382931,3,bush,salal,0,1200,687,44000,0,1681737
-39780215,-57376122,1380941,3,bush,salal,0,1200,814,44000,0,1683727
-39779003,-57376777,1380200,3,bush,salal,0,1200,855,40000,0,1684468
-39759467,-57376540,1370316,3,flower,herb-robert,0,350,242,38000,0,1694352
-39758658,-57376643,1370221,3,grass,lady-fern,1,900,157,38000,0,1694447
-39755791,-57376595,1369994,3,grass,wood-sedge,0,500,130,36000,0,1694674
-39753462,-57376214,1370019,3,grass,ivy-ground-layer,0,220,127,36000,0,1694649
-39751255,-57376582,1370024,3,grass,meadow-grass,0,450,132,36000,0,1694644
-39740422,-57376452,1370733,3,flower,meadow-daisy,0,420,239,34000,0,1693935
-39739821,-57376094,1370833,3,grass,meadow-grass,0,450,253,34000,0,1693835
-39735643,-57376496,1370917,3,grass,meadow-grass,0,450,279,34000,0,1693751
-39734089,-57376073,1370853,3,grass,feather-moss,0,220,269,32000,0,1693815
-39733540,-57376080,1370818,3,grass,jungle-groundcover,0,800,267,32000,0,1693850
-39732549,-57376734,1370670,3,grass,meadow-grass,0,450,265,32000,0,1693998
-39729178,-57376577,1370348,3,grass,lady-fern,1,900,245,32000,0,1694320
-39727937,-57376037,1370288,3,flower,oxeye-daisy,0,700,252,32000,0,1694380
-39727158,-57376678,1370110,3,grass,harts-tongue-fern,1,500,222,26000,0,1694558
-39726072,-57376396,1370084,3,flower,primrose,0,240,219,26000,0,1694584
-39718860,-57376019,1369580,3,grass,male-fern,0,1200,91,20000,0,1695088
-39710671,-57376286,1369599,3,flower,red-campion,0,700,0,14000,0,1695069
-39709879,-57376358,1369599,3,grass,sphagnum-hummock,1,280,0,14000,0,1695069
-39707997,-57376382,1369600,3,flower,common-knapweed,0,800,0,14000,0,1695068
-39700871,-57376562,1369596,3,flower,purple-loosestrife,1,1200,9,6000,0,1695072
-39699819,-57376106,1369594,3,grass,meadow-grass,0,450,10,6000,0,1695074
-39698555,-57376180,1369578,3,grass,timothy,0,900,25,6000,0,1695090
-39790118,-57375983,1384567,3,bush,salal,0,1200,624,46000,0,1680101
-39781668,-57375968,1381756,3,bush,salal,0,1200,764,44000,0,1682912
-39777200,-57375773,1379516,3,bush,salal,0,1200,855,40000,0,1685152
-39776794,-57375316,1379346,3,bush,salal,0,1200,843,40000,0,1685322
-39764677,-57375248,1371787,3,flower,herb-robert,0,350,516,38000,0,1692881
-39762174,-57375577,1370883,3,grass,meadow-grass,0,450,330,38000,0,1693785
-39759747,-57375369,1370481,3,grass,hair-cap-moss,1,240,202,38000,0,1694187
-39758116,-57375271,1370297,3,grass,meadow-grass,0,450,189,38000,0,1694371
-39756461,-57375920,1370099,3,grass,ivy-ground-layer,0,220,161,36000,0,1694569
-39755188,-57375798,1370051,3,flower,meadow-daisy,0,420,136,36000,0,1694617
-39750956,-57375933,1370099,3,flower,jungle-understory-flower,0,750,125,36000,0,1694569
-39750289,-57375687,1370141,3,flower,birdsfoot-trefoil,0,250,70,36000,0,1694527
-39749313,-57375358,1370154,3,grass,jungle-groundcover,0,800,66,36000,0,1694514
-39743508,-57375752,1370557,3,grass,ivy-ground-layer,0,220,178,36000,0,1694111
-39743095,-57375219,1370643,3,grass,sword-fern,0,1200,202,36000,0,1694025
-39739284,-57375469,1370999,3,grass,feather-moss,0,220,280,34000,0,1693669
-39739053,-57375562,1371012,3,grass,lady-fern,1,900,299,34000,0,1693656
-39738139,-57375248,1371141,3,grass,sword-fern,0,1200,337,34000,0,1693527
-39737188,-57375938,1371123,3,grass,feather-moss,0,220,245,34000,0,1693545
-39732763,-57375529,1370870,3,grass,harts-tongue-fern,1,500,266,32000,0,1693798
-39729865,-57375555,1370602,3,flower,primrose,0,240,265,32000,0,1694066
-39728859,-57375534,1370473,3,grass,bilberry-mat,0,400,258,32000,0,1694195
-39723803,-57375325,1370097,3,flower,meadow-daisy,0,420,257,26000,0,1694571
-39719484,-57375424,1369675,3,flower,harebell,0,350,181,20000,0,1694993
-39717080,-57375945,1369558,3,grass,harts-tongue-fern,1,500,10,20000,0,1695110
-39710739,-57375532,1369597,3,grass,meadow-grass,0,450,5,14000,0,1695071
-39706770,-57375535,1369600,3,flower,field-scabious,0,800,0,14000,0,1695068
-39706377,-57375602,1369600,3,flower,red-clover,0,400,0,14000,0,1695068
-39700543,-57375353,1369599,3,grass,feather-moss,0,220,1,6000,0,1695069
-39690182,-57375681,1369387,3,grass,curled-pondweed,1,600,53,0,0,1695281
-39790209,-57375067,1384848,3,bush,salal,0,1200,694,46000,0,1679820
-39786435,-57374755,1383820,3,bush,salal,0,1200,672,50000,0,1680848
-39785001,-57375007,1383343,3,bush,salal,0,1200,676,44000,0,1681325
-39776878,-57374948,1379553,3,bush,salal,0,1200,826,48000,0,1685115
-39762035,-57374700,1370923,3,grass,feather-moss,0,220,367,46000,0,1693745
-39761439,-57374449,1370791,3,flower,birdsfoot-trefoil,0,250,328,46000,0,1693877
-39760715,-57374883,1370633,3,grass,meadow-grass,0,450,241,46000,0,1694035
-39759838,-57375053,1370514,3,grass,jungle-groundcover,0,800,185,38000,0,1694154
-39755358,-57375082,1370154,3,flower,red-clover,0,400,149,36000,0,1694514
-39751196,-57374418,1370298,3,flower,herb-robert,0,350,136,44000,0,1694370
-39749823,-57375007,1370177,3,grass,male-fern,0,1200,87,36000,0,1694491
-39744630,-57374656,1370592,3,grass,sword-fern,0,1200,284,42000,0,1694076
-39741560,-57375110,1370801,3,grass,ivy-ground-layer,0,220,286,34000,0,1693867
-39739891,-57374924,1370996,3,grass,ribwort-plantain,0,300,250,42000,0,1693672
-39734750,-57374998,1371116,3,grass,feather-moss,0,220,266,36000,0,1693552
-39733579,-57374749,1371056,3,flower,meadow-daisy,0,420,266,36000,0,1693612
-39731262,-57374422,1370938,3,grass,lady-fern,1,900,269,36000,0,1693730
-39723853,-57375141,1370138,3,grass,sedge-tussock,1,600,264,26000,0,1694530
-39713907,-57374459,1369569,3,flower,cowslip,0,300,22,24000,0,1695099
-39710988,-57375168,1369594,3,flower,oxeye-daisy,0,700,13,14000,0,1695074
-39702808,-57374420,1369600,3,grass,feather-moss,0,220,0,10000,0,1695068
-39700523,-57374457,1369599,3,grass,wood-horsetail,1,500,0,10000,0,1695069
-39696089,-57374491,1369562,3,flower,red-campion,0,700,15,4000,0,1695106
-39693082,-57374590,1369649,3,grass,harts-tongue-fern,1,500,229,4000,0,1695019
-39692297,-57374748,1369688,3,grass,wood-sedge,0,500,199,4000,0,1694980
-39780437,-57374311,1381755,3,bush,salal,0,1200,799,50000,0,1682913
-39761326,-57373870,1370824,3,flower,herb-robert,0,350,335,46000,0,1693844
-39759624,-57374313,1370538,3,grass,sword-fern,0,1200,174,46000,0,1694130
-39752124,-57374272,1370338,3,grass,sword-fern,0,1200,128,44000,0,1694330
-39751572,-57374342,1370325,3,grass,male-fern,0,1200,116,44000,0,1694343
-39751154,-57373624,1370391,3,grass,wood-sedge,0,500,127,44000,0,1694277
-39750154,-57374188,1370280,3,grass,hair-cap-moss,1,240,143,44000,0,1694388
-39743416,-57374061,1370776,3,grass,lady-fern,1,900,229,42000,0,1693892
-39742116,-57374351,1370851,3,flower,red-clover,0,400,269,42000,0,1693817
-39737310,-57374028,1371392,3,grass,sword-fern,0,1200,307,42000,0,1693276
-39730615,-57374065,1370965,3,flower,herb-robert,0,350,275,36000,0,1693703
-39727368,-57373854,1370656,3,flower,large-trillium,0,350,267,30000,0,1694012
-39722100,-57374128,1370243,3,grass,sedge-tussock,1,600,296,30000,0,1694425
-39719201,-57373846,1369965,3,grass,timothy,0,900,286,24000,0,1694703
-39715850,-57374084,1369597,3,grass,sword-fern,0,1200,100,24000,0,1695071
-39714159,-57373654,1369560,3,grass,ivy-ground-layer,0,220,16,24000,0,1695108
-39710180,-57374152,1369592,3,grass,ivy-ground-layer,0,220,18,16000,0,1695076
-39709046,-57374184,1369598,3,flower,herb-robert,0,350,4,16000,0,1695070
-39702991,-57374364,1369600,3,grass,sedge-tussock,1,600,0,10000,0,1695068
-39701974,-57373829,1369600,3,grass,male-fern,0,1200,0,10000,0,1695068
-39700021,-57374228,1369598,3,grass,sword-fern,0,1200,3,10000,0,1695070
-39693315,-57373961,1369600,3,grass,ivy-ground-layer,0,220,200,4000,0,1695068
-39691820,-57374360,1369652,3,flower,primrose,0,240,358,4000,0,1695016
-39787873,-57373420,1384576,3,bush,salal,0,1200,755,50000,0,1680092
-39761531,-57373424,1370908,3,grass,wood-sedge,0,500,342,46000,0,1693760
-39750136,-57373156,1370405,3,flower,field-scabious,0,800,136,44000,0,1694263
-39749156,-57373021,1370409,3,grass,ivy-ground-layer,0,220,144,42000,0,1694259
-39747536,-57373360,1370394,3,flower,harebell,0,350,178,42000,0,1694274
-39739253,-57373539,1371238,3,grass,cocksfoot,0,1000,268,42000,0,1693430
-39729368,-57373555,1370942,3,grass,ribwort-plantain,0,300,286,36000,0,1693726
-39725497,-57373512,1370637,3,grass,meadow-grass,0,450,313,30000,0,1694031
-39723290,-57372949,1370687,3,grass,wood-horsetail,1,500,393,30000,0,1693981
-39721141,-57373246,1370389,3,grass,harts-tongue-fern,1,500,384,30000,0,1694279
-39719404,-57373524,1370055,3,flower,cowslip,0,300,310,24000,0,1694613
-39718173,-57373041,1370025,3,grass,wood-sedge,0,500,321,24000,0,1694643
-39716519,-57373524,1369687,3,grass,wood-sedge,0,500,225,24000,0,1694981
-39713151,-57373260,1369549,3,grass,jungle-groundcover,0,800,15,24000,0,1695119
-39709897,-57373235,1369584,3,flower,primrose,0,240,29,16000,0,1695084
-39707885,-57373234,1369599,3,grass,jungle-groundcover,0,800,1,16000,0,1695069
-39694444,-57373565,1369528,3,reed,soft-rush,1,900,37,4000,0,1695140
-39692499,-57373193,1369710,3,grass,wood-horsetail,1,500,123,4000,0,1694958
-39691834,-57373289,1369687,3,grass,woolly-fringe-moss,0,220,258,4000,0,1694981
-39690570,-57373127,1369120,3,grass,feather-moss,0,220,440,4000,0,1695548
-39783777,-57372692,1383604,3,bush,salal,0,1200,736,50000,0,1681064
-39758543,-57372075,1370712,3,flower,herb-robert,0,350,236,46000,0,1693956
-39750484,-57372138,1370541,3,grass,hair-cap-moss,1,240,155,44000,0,1694127
-39749344,-57372240,1370517,3,flower,common-knapweed,0,800,158,42000,0,1694151
-39739394,-57372746,1371371,3,grass,male-fern,0,1200,285,42000,0,1693297
-39736799,-57372131,1371774,3,grass,timothy,0,900,276,42000,0,1692894
-39731626,-57372140,1371486,3,grass,cocksfoot,0,1000,322,36000,0,1693182
-39728931,-57372373,1371162,3,grass,woolly-fringe-moss,0,220,305,36000,0,1693506
-39726944,-57372377,1370981,3,grass,meadow-grass,0,450,330,30000,0,1693687
-39722129,-57372124,1370830,3,bush,salal,0,1200,443,30000,0,1693838
-39720460,-57372572,1370447,3,grass,meadow-grass,0,450,434,30000,0,1694221
-39719926,-57372538,1370368,3,grass,feather-moss,0,220,416,24000,0,1694300
-39717125,-57372719,1369913,3,flower,birdsfoot-trefoil,0,250,328,24000,0,1694755
-39715235,-57372754,1369649,3,grass,cocksfoot,0,1000,186,24000,0,1695019
-39713527,-57372788,1369566,3,grass,lady-fern,1,900,82,24000,0,1695102
-39710153,-57372544,1369567,3,grass,meadow-grass,0,450,28,16000,0,1695101
-39706595,-57372646,1369599,3,grass,sword-fern,0,1200,0,16000,0,1695069
-39701635,-57372412,1369600,3,grass,sword-fern,0,1200,0,10000,0,1695068
-39699761,-57372067,1369599,3,grass,feather-moss,0,220,0,10000,0,1695069
-39696006,-57372773,1369578,3,grass,hair-cap-moss,1,240,18,4000,0,1695090
-39691042,-57372768,1369439,3,bush,salal,0,1200,603,4000,0,1695229
-39783714,-57371561,1384063,3,bush,salal,0,1200,788,50000,0,1680605
-39781675,-57371483,1382974,3,bush,salal,0,1200,819,50000,0,1681694
-39778454,-57371471,1380880,3,bush,salal,0,1200,761,48000,0,1683788
-39777708,-57371668,1380451,3,bush,salal,0,1200,752,48000,0,1684217
-39750027,-57371803,1370571,3,grass,feather-moss,0,220,148,44000,0,1694097
-39749557,-57371500,1370632,3,flower,primrose,0,240,188,42000,0,1694036
-39747956,-57371243,1370725,3,flower,harebell,0,350,265,42000,0,1693943
-39743919,-57371428,1371270,3,grass,feather-moss,0,220,395,42000,0,1693398
-39736353,-57371540,1371890,3,flower,common-knapweed,0,800,225,42000,0,1692778
-39731240,-57371613,1371564,3,grass,feather-moss,0,220,333,36000,0,1693104
-39729135,-57371902,1371291,3,flower,red-campion,0,700,315,36000,0,1693377
-39727520,-57371517,1371268,3,grass,ivy-ground-layer,0,220,326,36000,0,1693400
-39725289,-57371704,1371133,3,grass,male-fern,0,1200,394,30000,0,1693535
-39722025,-57371798,1370957,3,flower,harebell,0,350,466,30000,0,1693711
-39720365,-57371768,1370699,3,flower,herb-robert,0,350,485,30000,0,1693969
-39712437,-57371802,1369611,3,grass,moss-cushion,0,220,147,16000,0,1695057
-39709809,-57371451,1369567,3,grass,lady-fern,1,900,13,16000,0,1695101
-39706272,-57371822,1369599,3,grass,feather-moss,0,220,1,16000,0,1695069
-39704748,-57371777,1369600,3,flower,primrose,0,240,0,10000,0,1695068
-39703314,-57371332,1369599,3,grass,hair-cap-moss,1,240,0,10000,0,1695069
-39701988,-57371939,1369600,3,flower,primrose,0,240,0,10000,0,1695068
-39701389,-57371465,1369600,3,grass,hair-cap-moss,1,240,0,10000,0,1695068
-39699056,-57371213,1369599,3,grass,sphagnum-hummock,1,280,0,10000,0,1695069
-39691783,-57371639,1369583,3,flower,primrose,0,240,57,4000,0,1695085
-39690926,-57371486,1369586,3,flower,purple-loosestrife,1,1200,152,4000,0,1695082
-39690228,-57371502,1369554,3,grass,hair-cap-moss,1,240,267,4000,0,1695114
-39764217,-57370999,1372021,3,flower,herb-robert,0,350,464,46000,0,1692647
-39763809,-57371017,1371814,3,grass,feather-moss,0,220,436,46000,0,1692854
-39762141,-57370856,1371401,3,grass,hair-cap-moss,1,240,399,46000,0,1693267
-39756986,-57371092,1370835,3,flower,yarrow,0,600,223,44000,0,1693833
-39751995,-57371093,1370764,3,grass,moss-cushion,0,220,189,44000,0,1693904
-39749981,-57370825,1370740,3,flower,red-clover,0,400,198,42000,0,1693928
-39747217,-57370806,1370848,3,grass,male-fern,0,1200,329,42000,0,1693820
-39745571,-57371095,1371033,3,grass,meadow-grass,0,450,472,42000,0,1693635
-39743732,-57370743,1371452,3,flower,herb-robert,0,350,398,42000,0,1693216
-39741737,-57370683,1371624,3,flower,herb-robert,0,350,354,42000,0,1693044
-39739590,-57370542,1371863,3,grass,meadow-grass,0,450,317,42000,0,1692805
-39738691,-57371034,1371827,3,grass,lady-fern,1,900,347,42000,0,1692841
-39737978,-57370757,1371997,3,grass,ivy-ground-layer,0,220,397,42000,0,1692671
-39733282,-57370740,1371833,3,grass,understory-fern,0,900,307,36000,0,1692835
-39731661,-57370703,1371761,3,grass,meadow-grass,0,450,324,36000,0,1692907
-39726862,-57371089,1371426,3,grass,meadow-grass,0,450,327,30000,0,1693242
-39726162,-57370516,1371616,3,grass,ivy-ground-layer,0,220,364,30000,0,1693052
-39725590,-57370663,1371578,3,grass,sword-fern,0,1200,411,30000,0,1693090
-39724647,-57370645,1371536,3,flower,herb-robert,0,350,471,30000,0,1693132
-39721601,-57370680,1371234,3,flower,herb-robert,0,350,521,30000,0,1693434
-39717034,-57370458,1370491,3,flower,herb-robert,0,350,461,24000,0,1694177
-39715713,-57371001,1370049,3,grass,sword-fern,0,1200,357,24000,0,1694619
-39714697,-57370471,1370063,3,grass,sedge-tussock,1,600,339,24000,0,1694605
-39712418,-57370575,1369791,3,grass,hair-cap-moss,1,240,279,16000,0,1694877
-39701349,-57370868,1369600,3,grass,male-fern,0,1200,0,10000,0,1695068
-39699015,-57370538,1369600,3,grass,understory-fern,0,900,0,10000,0,1695068
-39695653,-57370645,1369557,3,grass,hair-cap-moss,1,240,28,4000,0,1695111
-39692466,-57371189,1369537,3,grass,wood-horsetail,1,500,48,4000,0,1695131
-39691781,-57370425,1369562,3,flower,water-mint,1,500,94,4000,0,1695106
-39689091,-57370513,1369280,3,grass,woolly-fringe-moss,0,220,524,0,0,1742446
-39766623,-57369676,1373626,3,bush,salal,0,1200,772,46000,0,1691042
-39756254,-57369788,1371085,3,grass,hair-cap-moss,1,240,229,44000,0,1693583
-39751495,-57370142,1370920,3,flower,primrose,0,240,217,44000,0,1693748
-39749365,-57370032,1370902,3,flower,yarrow,0,600,281,42000,0,1693766
-39744429,-57369755,1371519,3,grass,woolly-fringe-moss,0,220,500,42000,0,1693149
-39743908,-57369729,1371632,3,grass,woolly-fringe-moss,0,220,440,42000,0,1693036
-39738653,-57370362,1372033,3,grass,feather-moss,0,220,384,42000,0,1692635
-39727382,-57369725,1372058,3,bush,salal,0,1200,573,30000,0,1692610
-39721396,-57370148,1371391,3,grass,woolly-fringe-moss,0,220,554,30000,0,1693277
-39715915,-57369846,1370447,3,grass,meadow-grass,0,450,443,24000,0,1694221
-39713576,-57369968,1370032,3,grass,ivy-ground-layer,0,220,329,24000,0,1694636
-39711947,-57369741,1369879,3,grass,hair-cap-moss,1,240,302,16000,0,1694789
-39709578,-57369893,1369621,3,grass,lady-fern,1,900,136,16000,0,1695047
-39707476,-57369760,1369576,3,flower,primrose,0,240,11,16000,0,1695092
-39698160,-57370173,1369598,3,grass,male-fern,0,1200,3,10000,0,1695070
-39696072,-57370142,1369572,3,grass,sword-fern,0,1200,35,4000,0,1695096
-39693901,-57369738,1369551,3,grass,hair-cap-moss,1,240,16,4000,0,1695117
-39690790,-57370302,1369676,3,grass,jungle-groundcover,0,800,141,4000,0,1694992
-39763113,-57369332,1371867,3,flower,herb-robert,0,350,401,46000,0,1692801
-39761172,-57368968,1371676,3,grass,wood-sedge,0,500,331,46000,0,1692992
-39758770,-57368872,1371512,3,flower,oxeye-daisy,0,700,332,46000,0,1693156
-39757726,-57368946,1371383,3,grass,understory-fern,0,900,268,46000,0,1693285
-39757089,-57369357,1371223,3,grass,cocksfoot,0,1000,270,44000,0,1693445
-39752533,-57369435,1371085,3,flower,red-clover,0,400,246,44000,0,1693583
-39738329,-57369300,1372354,3,grass,ribwort-plantain,0,300,365,42000,0,1692314
-39736867,-57368850,1372463,3,flower,herb-robert,0,350,198,42000,0,1692205
-39729567,-57369590,1372171,3,bush,salal,0,1200,586,36000,0,1692497
-39726975,-57368905,1372582,3,bush,salal,0,1200,805,30000,0,1692086
-39723669,-57369134,1371928,3,bush,salal,0,1200,531,30000,0,1692740
-39722339,-57369094,1371848,3,flower,herb-robert,0,350,544,30000,0,1692820
-39721006,-57369451,1371619,3,flower,herb-robert,0,350,590,30000,0,1693049
-39703276,-57369427,1369599,3,grass,wood-sedge,0,500,0,10000,0,1695069
-39701695,-57368920,1369599,3,grass,moss-cushion,0,220,0,10000,0,1695069
-39697878,-57368984,1369599,3,flower,red-clover,0,400,2,10000,0,1695069
-39694263,-57369595,1369556,3,grass,sedge-tussock,1,600,25,4000,0,1695112
-39693578,-57368973,1369562,3,flower,meadow-daisy,0,420,24,4000,0,1695106
-39790137,-57368668,1387666,3,bush,salal,0,1200,852,50000,0,1677002
-39781608,-57368208,1383333,3,bush,salal,0,1200,971,50000,0,1681335
-39769475,-57368376,1375594,3,bush,salal,0,1200,794,46000,0,1689074
-39759408,-57368074,1371792,3,flower,fireweed,0,1200,314,46000,0,1692876
-39754387,-57368445,1371268,3,grass,meadow-grass,0,450,253,44000,0,1693400
-39751474,-57368791,1371245,3,grass,timothy,0,900,261,44000,0,1693423
-39750512,-57368006,1371450,3,flower,red-campion,0,700,369,44000,0,1693218
-39748906,-57368422,1371273,3,grass,timothy,0,900,360,42000,0,1693395
-39737832,-57368479,1372551,3,grass,moss-cushion,0,220,237,42000,0,1692117
-39737473,-57368272,1372576,3,grass,bilberry-mat,0,400,190,42000,0,1692092
-39736463,-57368418,1372515,3,grass,feather-moss,0,220,134,42000,0,1692153
-39735938,-57368134,1372535,3,grass,jungle-groundcover,0,800,154,42000,0,1692133
-39723082,-57368461,1372216,3,grass,meadow-grass,0,450,560,30000,0,1692452
-39721902,-57368510,1372068,3,bush,salal,0,1200,574,30000,0,1692600
-39717309,-57368389,1371254,3,bush,salal,0,1200,584,24000,0,1693414
-39709796,-57368540,1369787,3,grass,male-fern,0,1200,259,16000,0,1694881
-39707106,-57368786,1369596,3,flower,fireweed,0,1200,78,16000,0,1695072
-39699507,-57368072,1369600,3,grass,lady-fern,1,900,0,10000,0,1695068
-39693511,-57368632,1369568,3,grass,timothy,0,900,26,4000,0,1695100
-39690544,-57368100,1369528,3,grass,lady-fern,1,900,25,4000,0,1695140
-39689334,-57368581,1369688,3,grass,timothy,0,900,253,0,0,1742038
-39760856,-57367643,1371952,3,flower,herb-robert,0,350,339,46000,0,1692716
-39759310,-57367499,1371934,3,grass,lady-fern,1,900,297,52000,0,1692734
-39757891,-57367901,1371628,3,grass,cocksfoot,0,1000,319,46000,0,1693040
-39755303,-57367208,1371591,3,grass,hair-cap-moss,1,240,292,52000,0,1693077
-39752092,-57367598,1371541,3,grass,hair-cap-moss,1,240,279,44000,0,1693127
-39749131,-57367773,1371556,3,flower,herb-robert,0,350,466,42000,0,1693112
-39738560,-57367210,1372815,3,flower,cowslip,0,300,188,46000,0,1691853
-39738270,-57367631,1372729,3,grass,lady-fern,1,900,217,42000,0,1691939
-39733045,-57367664,1372806,3,bush,salal,0,1200,641,36000,0,1691862
-39722696,-57367845,1372451,3,bush,salal,0,1200,591,30000,0,1692217
-39712269,-57367508,1370324,3,grass,ivy-ground-layer,0,220,388,16000,0,1694344
-39710379,-57367941,1369961,3,grass,meadow-grass,0,450,308,16000,0,1694707
-39703353,-57367319,1369593,3,grass,ivy-ground-layer,0,220,14,14000,0,1695075
-39701091,-57367630,1369600,3,grass,sedge-tussock,1,600,0,10000,0,1695068
-39698799,-57367863,1369599,3,flower,cowslip,0,300,0,10000,0,1695069
-39696561,-57367579,1369599,3,flower,oxeye-daisy,0,700,0,4000,0,1695069
-39693116,-57367717,1369589,3,grass,jungle-groundcover,0,800,24,4000,0,1695079
-39765889,-57367198,1373059,3,bush,salal,0,1200,618,54000,0,1691609
-39762815,-57367185,1372229,3,grass,lady-fern,1,900,341,52000,0,1692439
-39759518,-57366615,1372129,3,grass,male-fern,0,1200,307,52000,0,1692539
-39739539,-57366523,1372897,3,flower,herb-robert,0,350,186,46000,0,1691771
-39724756,-57366678,1373429,3,bush,salal,0,1200,777,34000,0,1691239
-39714094,-57366501,1370892,3,grass,moss-cushion,0,220,454,26000,0,1693776
-39713542,-57366542,1370759,3,bush,salal,0,1200,441,26000,0,1693909
-39711529,-57366983,1370331,3,grass,meadow-grass,0,450,396,20000,0,1694337
-39711007,-57367124,1370199,3,flower,yarrow,0,600,369,20000,0,1694469
-39710384,-57367033,1370111,3,bush,salal,0,1200,344,20000,0,1694557
-39707789,-57367156,1369822,3,grass,bilberry-mat,0,400,281,20000,0,1694846
-39706149,-57367189,1369665,3,grass,sword-fern,0,1200,191,20000,0,1695003
-39705152,-57366922,1369607,3,bush,salal,0,1200,90,20000,0,1695061
-39698844,-57366568,1369600,3,grass,meadow-grass,0,450,0,14000,0,1695068
-39698203,-57367006,1369600,3,flower,meadow-daisy,0,420,0,14000,0,1695068
-39697465,-57366438,1369600,3,grass,lady-fern,1,900,0,6000,0,1695068
-39685978,-57366649,1369656,3,grass,lady-fern,1,900,65,0,0,1742070
-39766874,-57365889,1373704,3,flower,herb-robert,0,350,536,54000,0,1690964
-39765981,-57366224,1373184,3,bush,salal,0,1200,517,54000,0,1691484
-39760357,-57365689,1372431,3,grass,bilberry-mat,0,400,337,52000,0,1692237
-39754688,-57366194,1371955,3,flower,large-trillium,0,350,313,52000,0,1692713
-39752137,-57366155,1371830,3,bush,salal,0,1200,360,52000,0,1692838
-39741563,-57366331,1372960,3,grass,sword-fern,0,1200,355,46000,0,1691708
-39738975,-57366075,1373004,3,grass,sword-fern,0,1200,269,46000,0,1691664
-39729845,-57366028,1374192,3,flower,herb-robert,0,350,417,40000,0,1690476
-39728825,-57365936,1374275,3,bush,salal,0,1200,344,40000,0,1690393
-39727539,-57366166,1374119,3,bush,salal,0,1200,520,40000,0,1690549
-39715558,-57365657,1371436,3,flower,herb-robert,0,350,520,26000,0,1693232
-39709868,-57366160,1370184,3,grass,meadow-grass,0,450,361,20000,0,1694484
-39708805,-57365965,1370125,3,grass,sword-fern,0,1200,346,20000,0,1694543
-39707608,-57365986,1370018,3,grass,wood-sedge,0,500,338,20000,0,1694650
-39701433,-57366149,1369598,3,grass,lady-fern,1,900,3,14000,0,1695070
-39700798,-57365868,1369599,3,grass,feather-moss,0,220,2,14000,0,1695069
-39695325,-57365635,1369599,3,grass,lady-fern,1,900,0,6000,0,1695069
-39679916,-57366156,1353564,3,bush,salal,0,1200,557,0,0,1758162
-39777609,-57364830,1381611,3,bush,salal,0,1200,919,54000,0,1683057
-39773197,-57365387,1379106,3,bush,salal,0,1200,883,54000,0,1685562
-39766518,-57365100,1373558,3,grass,meadow-grass,0,450,465,54000,0,1691110
-39764783,-57365599,1372814,3,bush,salal,0,1200,439,52000,0,1691854
-39760263,-57364909,1372576,3,flower,oxeye-daisy,0,700,315,52000,0,1692092
-39756599,-57365126,1372353,3,grass,wood-sedge,0,500,275,52000,0,1692315
-39755489,-57365392,1372281,3,grass,jungle-groundcover,0,800,300,52000,0,1692387
-39753067,-57364970,1372203,3,grass,jungle-groundcover,0,800,413,52000,0,1692465
-39752783,-57364971,1372170,3,bush,salal,0,1200,453,52000,0,1692498
-39745935,-57365098,1373781,3,bush,salal,0,1200,554,50000,0,1690887
-39741382,-57365257,1373216,3,grass,ribwort-plantain,0,300,370,46000,0,1691452
-39740011,-57365421,1373141,3,grass,meadow-grass,0,450,277,46000,0,1691527
-39734179,-57365490,1373711,3,bush,salal,0,1200,653,40000,0,1690957
-39732102,-57364988,1374456,3,bush,salal,0,1200,592,40000,0,1690212
-39725911,-57364939,1374417,3,bush,salal,0,1200,522,34000,0,1690251
-39715745,-57365166,1371591,3,grass,meadow-grass,0,450,508,26000,0,1693077
-39710601,-57365114,1370502,3,grass,woolly-fringe-moss,0,220,432,20000,0,1694166
-39689277,-57365128,1369523,3,grass,ivy-ground-layer,0,220,28,0,0,1742203
-39688189,-57365218,1369552,3,grass,water-soldier,1,400,92,0,0,1742174
-39687028,-57365339,1369629,3,grass,sword-fern,0,1200,139,0,0,1742097
-39684606,-57365217,1369252,3,bush,salal,0,1200,487,0,0,1742474
-39765787,-57364573,1373251,3,flower,herb-robert,0,350,381,54000,0,1691417
-39764618,-57364438,1372990,3,grass,feather-moss,0,220,357,52000,0,1691678
-39758983,-57364566,1372578,3,bush,salal,0,1200,317,52000,0,1692090
-39757868,-57364440,1372565,3,grass,meadow-grass,0,450,292,52000,0,1692103
-39757392,-57364173,1372628,3,grass,lady-fern,1,900,273,52000,0,1692040
-39753088,-57364777,1372260,3,grass,meadow-grass,0,450,448,52000,0,1692408
-39752752,-57364642,1372303,3,bush,salal,0,1200,512,52000,0,1692365
-39746342,-57364623,1373969,3,grass,feather-moss,0,220,531,50000,0,1690699
-39743151,-57364343,1373703,3,grass,meadow-grass,0,450,461,50000,0,1690965
-39740657,-57364065,1373498,3,flower,birdsfoot-trefoil,0,250,263,46000,0,1691170
-39731732,-57364033,1374855,3,grass,meadow-grass,0,450,473,40000,0,1689813
-39729283,-57364694,1374702,3,grass,understory-fern,0,900,360,40000,0,1689966
-39723904,-57364443,1374417,3,bush,salal,0,1200,622,34000,0,1690251
-39715173,-57364348,1371660,3,flower,herb-robert,0,350,473,26000,0,1693008
-39713560,-57364761,1371217,3,flower,harebell,0,350,477,26000,0,1693451
-39702897,-57364790,1369595,3,grass,hair-cap-moss,1,240,36,14000,0,1695073
-39702387,-57364281,1369588,3,grass,understory-fern,0,900,29,14000,0,1695080
-39697626,-57364784,1369599,3,grass,lady-fern,1,900,0,14000,0,1695069
-39696500,-57364730,1369600,3,grass,sedge-tussock,1,600,0,6000,0,1695068
-39691917,-57364415,1369589,3,grass,wood-sedge,0,500,19,6000,0,1695079
-39687237,-57364064,1369553,3,grass,needle-spike-rush,1,220,55,0,0,1742173
-39766931,-57363576,1373812,3,grass,meadow-grass,0,450,446,54000,0,1690856
-39762537,-57363815,1372944,3,grass,lady-fern,1,900,344,52000,0,1691724
-39755784,-57363296,1372789,3,grass,meadow-grass,0,450,253,52000,0,1691879
-39753983,-57363251,1372800,3,flower,herb-robert,0,350,540,52000,0,1691868
-39743721,-57363392,1374058,3,grass,moss-cushion,0,220,445,50000,0,1690610
-39736875,-57363697,1374089,3,grass,moss-cushion,0,220,477,46000,0,1690579
-39736146,-57363645,1374190,3,bush,salal,0,1200,483,46000,0,1690478
-39734754,-57363368,1374574,3,bush,salal,0,1200,481,40000,0,1690094
-39731902,-57363985,1374860,3,bush,salal,0,1200,473,40000,0,1689808
-39730671,-57363525,1375074,3,grass,hair-cap-moss,1,240,310,40000,0,1689594
-39725772,-57363335,1374916,3,flower,herb-robert,0,350,361,34000,0,1689752
-39724826,-57363826,1374740,3,bush,salal,0,1200,435,34000,0,1689928
-39716025,-57363508,1372061,3,grass,moss-cushion,0,220,523,26000,0,1692607
-39713290,-57363977,1371382,3,grass,meadow-grass,0,450,487,26000,0,1693286
-39710250,-57363930,1370807,3,grass,feather-moss,0,220,462,20000,0,1693861
-39708610,-57363614,1370753,3,grass,meadow-grass,0,450,492,20000,0,1693915
-39704881,-57363938,1369991,3,flower,herb-robert,0,350,434,14000,0,1694677
-39700886,-57363242,1369588,3,grass,hair-cap-moss,1,240,9,14000,0,1695080
-39695491,-57363225,1369599,3,grass,wood-horsetail,1,500,0,6000,0,1695069
-39688961,-57363410,1369574,3,grass,water-chestnut,1,250,4,0,0,1742152
-39687658,-57363818,1369560,3,flower,marsh-cinquefoil,1,400,43,0,0,1742166
-39768393,-57362662,1374445,3,bush,salal,0,1200,557,54000,0,1690223
-39767575,-57362927,1374047,3,grass,lady-fern,1,900,443,54000,0,1690621
-39765698,-57362982,1373433,3,grass,meadow-grass,0,450,368,54000,0,1691235
-39765208,-57362892,1373415,3,grass,wood-sedge,0,500,347,54000,0,1691253
-39763396,-57362435,1373306,3,grass,timothy,0,900,278,52000,0,1691362
-39761972,-57362419,1373206,3,grass,timothy,0,900,300,52000,0,1691462
-39757478,-57362418,1372967,3,grass,sword-fern,0,1200,271,52000,0,1691701
-39750069,-57363168,1373750,3,grass,meadow-grass,0,450,583,52000,0,1690918
-39749049,-57362546,1374161,3,grass,meadow-grass,0,450,433,50000,0,1690507
-39746610,-57363183,1374401,3,flower,birdsfoot-trefoil,0,250,376,50000,0,1690267
-39745298,-57362708,1374487,3,grass,hair-cap-moss,1,240,262,50000,0,1690181
-39739659,-57363013,1373841,3,grass,feather-moss,0,220,357,46000,0,1690827
-39736234,-57363056,1374378,3,grass,jungle-groundcover,0,800,432,46000,0,1690290
-39729342,-57362634,1375270,3,flower,large-trillium,0,350,252,40000,0,1689398
-39726569,-57362856,1375115,3,grass,bilberry-mat,0,400,337,34000,0,1689553
-39725560,-57363071,1375007,3,grass,meadow-grass,0,450,369,34000,0,1689661
-39724130,-57362827,1375131,3,grass,meadow-grass,0,450,432,34000,0,1689537
-39720956,-57362698,1374737,3,bush,salal,0,1200,790,34000,0,1689931
-39715723,-57363070,1372146,3,flower,herb-robert,0,350,524,26000,0,1692522
-39712573,-57362971,1371567,3,bush,salal,0,1200,495,26000,0,1693101
-39711599,-57363180,1371308,3,grass,feather-moss,0,220,511,20000,0,1693360
-39709312,-57362996,1371114,3,flower,herb-robert,0,350,513,20000,0,1693554
-39705287,-57362857,1370389,3,flower,herb-robert,0,350,505,20000,0,1694279
-39701792,-57362780,1369629,3,grass,woolly-fringe-moss,0,220,146,14000,0,1695039
-39688622,-57362547,1369566,3,grass,canadian-waterweed,1,400,16,0,0,1742160
-39687990,-57363042,1369564,3,reed,water-horsetail,1,900,29,0,0,1742162
-39685814,-57363068,1369568,3,reed,branched-bur-reed,1,1000,96,0,0,1742158
-39766061,-57362079,1373662,3,grass,understory-fern,0,900,353,54000,0,1691006
-39764356,-57361872,1373513,3,grass,lady-fern,1,900,316,52000,0,1691155
-39744395,-57362274,1374410,3,flower,red-clover,0,400,325,50000,0,1690258
-39740668,-57361969,1373949,3,grass,bilberry-mat,0,400,190,46000,0,1690719
-39738050,-57361858,1374413,3,flower,harebell,0,350,435,46000,0,1690255
-39733008,-57361606,1375268,3,bush,salal,0,1200,539,40000,0,1689400
-39732524,-57361900,1375257,3,bush,salal,0,1200,483,40000,0,1689411
-39730291,-57362164,1375379,3,flower,red-clover,0,400,328,40000,0,1689289
-39729102,-57361726,1375546,3,flower,primrose,0,240,398,40000,0,1689122
-39727097,-57361910,1375442,3,grass,wood-sedge,0,500,388,34000,0,1689226
-39720769,-57362168,1374849,3,bush,salal,0,1200,760,34000,0,1689819
-39708477,-57361805,1371472,3,bush,salal,0,1200,616,20000,0,1693196
-39699615,-57362134,1369584,3,flower,herb-robert,0,350,12,14000,0,1695084
-39697131,-57361625,1369598,3,flower,yarrow,0,600,5,6000,0,1695070
-39696269,-57362276,1369599,3,grass,wood-horsetail,1,500,0,6000,0,1695069
-39694335,-57362127,1369600,3,grass,hair-cap-moss,1,240,0,6000,0,1695068
-39690594,-57362291,1369582,3,grass,sword-fern,0,1200,27,6000,0,1695086
-39689451,-57362364,1369570,3,grass,canadian-waterweed,1,400,9,0,0,1742156
-39687122,-57362383,1369559,3,flower,yellow-water-lily,1,400,17,0,0,1742167
-39685871,-57362371,1369560,3,reed,broadleaf-cattail,1,2200,15,0,0,1742166
-39685348,-57362353,1369562,3,grass,watercress,1,300,96,0,0,1742164
-39766856,-57360869,1373984,3,grass,bilberry-mat,0,400,362,54000,0,1690684
-39761387,-57361410,1373376,3,grass,lady-fern,1,900,270,52000,0,1691292
-39760619,-57360998,1373452,3,grass,feather-moss,0,220,265,52000,0,1691216
-39759145,-57361035,1373369,3,flower,red-clover,0,400,270,52000,0,1691299
-39758363,-57361169,1373292,3,flower,primrose,0,240,261,52000,0,1691376
-39754801,-57361483,1373362,3,bush,salal,0,1200,640,52000,0,1691306
-39752323,-57361241,1374006,3,grass,meadow-grass,0,450,495,52000,0,1690662
-39748043,-57361272,1374662,3,flower,harebell,0,350,305,50000,0,1690006
-39737433,-57360805,1374802,3,bush,salal,0,1200,584,46000,0,1689866
-39735520,-57361196,1375006,3,bush,salal,0,1200,565,46000,0,1689662
-39733449,-57361393,1375340,3,bush,salal,0,1200,600,40000,0,1689328
-39732736,-57361178,1375432,3,bush,salal,0,1200,598,40000,0,1689236
-39731129,-57361363,1375549,3,bush,salal,0,1200,495,40000,0,1689119
-39725257,-57361461,1375743,3,flower,herb-robert,0,350,479,34000,0,1688925
-39713692,-57361403,1372216,3,grass,meadow-grass,0,450,451,26000,0,1692452
-39711316,-57361401,1372186,3,grass,moss-cushion,0,220,576,20000,0,1692482
-39708742,-57361179,1371910,3,bush,salal,0,1200,677,20000,0,1692758
-39705957,-57361302,1370991,3,bush,salal,0,1200,661,20000,0,1693677
-39704754,-57361453,1370598,3,bush,salal,0,1200,611,14000,0,1694070
-39703289,-57361354,1370193,3,flower,herb-robert,0,350,538,14000,0,1694475
-39702925,-57361415,1370070,3,bush,salal,0,1200,511,14000,0,1694598
-39695942,-57360852,1369598,3,grass,timothy,0,900,4,6000,0,1695070
-39691091,-57360906,1369598,3,grass,hair-cap-moss,1,240,3,6000,0,1695070
-39689360,-57360909,1369585,3,flower,yellow-water-lily,1,400,26,0,0,1742141
-39687959,-57361148,1369566,3,reed,broadleaf-cattail,1,2200,17,0,0,1742160
-39684810,-57361483,1369498,3,grass,common-stonewort,1,350,12,0,0,1742228
-39684271,-57361281,1369558,3,flower,purple-loosestrife,1,1200,189,0,0,1742168
-39682509,-57361405,1369556,3,bush,salal,0,1200,774,0,0,1742170
-39673990,-57360815,1353980,3,grass,bilberry-mat,0,400,286,0,0,1757746
-39764109,-57360605,1373743,3,grass,sword-fern,0,1200,319,52000,0,1690925
-39763540,-57360398,1373741,3,flower,cowslip,0,300,316,52000,0,1690927
-39758781,-57360670,1373437,3,grass,moss-cushion,0,220,264,52000,0,1691231
-39754263,-57360217,1373938,3,bush,salal,0,1200,640,52000,0,1690730
-39753195,-57360005,1374256,3,bush,salal,0,1200,477,52000,0,1690412
-39752634,-57360338,1374248,3,grass,meadow-grass,0,450,452,52000,0,1690420
-39750491,-57360507,1374530,3,flower,herb-robert,0,350,404,52000,0,1690138
-39749476,-57360253,1374733,3,flower,harebell,0,350,337,50000,0,1689935
-39746819,-57360275,1374938,3,flower,herb-robert,0,350,243,50000,0,1689730
-39741013,-57360556,1374135,3,grass,lady-fern,1,900,376,46000,0,1690533
-39740268,-57360475,1374267,3,flower,herb-robert,0,350,582,46000,0,1690401
-39735893,-57360397,1375330,3,bush,salal,0,1200,689,46000,0,1689338
-39733278,-57360337,1375766,3,bush,salal,0,1200,726,40000,0,1688902
-39729944,-57360709,1375913,3,bush,salal,0,1200,599,40000,0,1688755
-39713074,-57360552,1372596,3,bush,salal,0,1200,483,26000,0,1692072
-39711890,-57360569,1372678,3,bush,salal,0,1200,530,20000,0,1691990
-39707633,-57360046,1371984,3,bush,salal,0,1200,741,20000,0,1692684
-39706446,-57360094,1371627,3,bush,salal,0,1200,716,20000,0,1693041
-39701083,-57360720,1369737,3,grass,jungle-groundcover,0,800,307,14000,0,1694931
-39697604,-57360071,1369581,3,grass,ivy-ground-layer,0,220,26,14000,0,1695087
-39696130,-57360395,1369595,3,grass,cocksfoot,0,1000,11,6000,0,1695073
-39694369,-57360225,1369599,3,grass,ivy-ground-layer,0,220,1,6000,0,1695069
-39693588,-57360099,1369599,3,grass,wood-horsetail,1,500,0,6000,0,1695069
-39685220,-57360401,1369541,3,grass,bilberry-mat,0,400,63,0,0,1742185
-39683515,-57360246,1369542,3,grass,wood-horsetail,1,500,212,0,0,1742184
-39682208,-57360234,1369595,3,grass,meadow-grass,0,450,357,0,0,1742131
-39764377,-57359931,1373910,3,grass,male-fern,0,1200,331,60000,0,1643700
-39762303,-57359918,1373728,3,grass,lady-fern,1,900,300,60000,0,1643882
-39758695,-57359648,1373662,3,grass,meadow-grass,0,450,254,60000,0,1643948
-39752063,-57359718,1374508,3,bush,salal,0,1200,448,60000,0,1643102
-39751975,-57359636,1374568,3,grass,meadow-grass,0,450,453,60000,0,1643042
-39746693,-57359681,1375081,3,flower,red-clover,0,400,329,56000,0,1689587
-39737995,-57359985,1375050,3,bush,salal,0,1200,781,50000,0,1689618
-39702313,-57359743,1370251,3,flower,herb-robert,0,350,554,18000,0,1694417
-39700585,-57359919,1369751,3,flower,primrose,0,240,313,18000,0,1694917
-39692636,-57359557,1369600,3,flower,harebell,0,350,0,12000,0,1695068
-39691297,-57359811,1369599,3,grass,sword-fern,0,1200,0,12000,0,1695069
-39689754,-57359477,1369598,3,grass,bilberry-mat,0,400,3,6000,0,1695070
-39686275,-57359676,1369565,3,grass,moss-cushion,0,220,18,6000,0,1695103
-39766987,-57358862,1374453,3,grass,ivy-ground-layer,0,220,366,62000,0,1643157
-39762673,-57358653,1374046,3,grass,wood-sedge,0,500,325,60000,0,1643564
-39760173,-57358784,1373938,3,grass,male-fern,0,1200,276,60000,0,1643672
-39759757,-57359120,1373831,3,grass,bilberry-mat,0,400,268,60000,0,1643779
-39755874,-57359173,1373806,3,flower,herb-robert,0,350,524,60000,0,1643804
-39754693,-57358422,1374364,3,bush,salal,0,1200,555,60000,0,1643246
-39753091,-57359020,1374590,3,grass,meadow-grass,0,450,481,60000,0,1643020
-39752184,-57358557,1374900,3,grass,moss-cushion,0,220,505,60000,0,1642710
-39750102,-57359194,1374961,3,grass,woolly-fringe-moss,0,220,380,60000,0,1642649
-39748650,-57358686,1375214,3,flower,oxeye-daisy,0,700,383,56000,0,1689454
-39747066,-57358561,1375425,3,grass,meadow-grass,0,450,549,56000,0,1689243
-39731454,-57358874,1376985,3,bush,salal,0,1200,820,44000,0,1687683
-39731177,-57358940,1376893,3,bush,salal,0,1200,789,44000,0,1687775
-39729710,-57358839,1377127,3,bush,salal,0,1200,625,44000,0,1687541
-39728250,-57358586,1377382,3,bush,salal,0,1200,601,44000,0,1687286
-39722833,-57358926,1376722,3,bush,salal,0,1200,634,36000,0,1687946
-39706790,-57358577,1372322,3,bush,salal,0,1200,792,24000,0,1692346
-39691206,-57359196,1369599,3,grass,hair-cap-moss,1,240,0,12000,0,1695069
-39685681,-57359010,1369579,3,flower,cowslip,0,300,34,6000,0,1695089
-39683719,-57359169,1369502,3,flower,cowslip,0,300,144,6000,0,1695166
-39765943,-57357678,1374690,3,grass,moss-cushion,0,220,399,62000,0,1642920
-39762759,-57358108,1374186,3,grass,male-fern,0,1200,331,60000,0,1643424
-39760819,-57358031,1374137,3,grass,bilberry-mat,0,400,285,60000,0,1643473
-39755341,-57357985,1374334,3,bush,salal,0,1200,525,60000,0,1643276
-39753644,-57358193,1374716,3,flower,herb-robert,0,350,539,60000,0,1642894
-39753352,-57358049,1374843,3,flower,herb-robert,0,350,539,60000,0,1642767
-39752056,-57358187,1375048,3,grass,meadow-grass,0,450,523,60000,0,1642562
-39702051,-57358239,1370549,3,grass,woolly-fringe-moss,0,220,543,18000,0,1694119
-39701339,-57357907,1370345,3,bush,salal,0,1200,484,18000,0,1694323
-39699164,-57358246,1369727,3,flower,fireweed,0,1200,249,18000,0,1694941
-39693301,-57358053,1369600,3,grass,male-fern,0,1200,0,12000,0,1695068
-39685791,-57358189,1369592,3,grass,male-fern,0,1200,18,6000,0,1695076
-39683549,-57357730,1369582,3,reed,common-cottongrass,1,500,52,6000,0,1695086
-39766134,-57357074,1374895,3,grass,ribwort-plantain,0,300,434,62000,0,1642715
-39762210,-57357526,1374320,3,grass,ivy-ground-layer,0,220,323,60000,0,1643290
-39757794,-57357479,1374161,3,grass,moss-cushion,0,220,279,60000,0,1643449
-39756205,-57357333,1374316,3,flower,harebell,0,350,450,60000,0,1643294
-39754324,-57357263,1374777,3,flower,herb-robert,0,350,581,60000,0,1642833
-39733024,-57357510,1377504,3,bush,salal,0,1200,942,44000,0,1687164
-39723838,-57357177,1377784,3,bush,salal,0,1200,593,36000,0,1686884
-39722038,-57357222,1377560,3,bush,salal,0,1200,600,36000,0,1687108
-39721527,-57356834,1377671,3,bush,salal,0,1200,608,36000,0,1686997
-39711315,-57357441,1374383,3,bush,salal,0,1200,838,24000,0,1690285
-39699411,-57357452,1369885,3,grass,moss-cushion,0,220,340,18000,0,1694783
-39696706,-57357084,1369578,3,grass,moss-cushion,0,220,40,12000,0,1695090
-39695595,-57357538,1369585,3,grass,male-fern,0,1200,21,12000,0,1695083
-39690883,-57356882,1369600,3,grass,hair-cap-moss,1,240,0,12000,0,1695068
-39688741,-57356954,1369599,3,reed,common-cottongrass,1,500,0,6000,0,1695069
-39686971,-57356846,1369599,3,grass,ivy-ground-layer,0,220,1,6000,0,1695069
-39685822,-57356954,1369599,3,reed,common-cottongrass,1,500,2,6000,0,1695069
-39767734,-57356336,1375338,3,flower,harebell,0,350,537,62000,0,1642272
-39764666,-57356171,1374963,3,grass,moss-cushion,0,220,449,60000,0,1642647
-39762462,-57356585,1374600,3,grass,lady-fern,1,900,370,60000,0,1643010
-39762225,-57356164,1374695,3,flower,harebell,0,350,383,60000,0,1642915
-39756492,-57356632,1374443,3,flower,herb-robert,0,350,435,60000,0,1643167
-39753666,-57356468,1375260,3,bush,salal,0,1200,640,60000,0,1642350
-39730557,-57356753,1378435,3,bush,salal,0,1200,747,44000,0,1686233
-39703897,-57356591,1371683,3,bush,salal,0,1200,682,18000,0,1692985
-39702909,-57356711,1371227,3,bush,salal,0,1200,617,18000,0,1693441
-39700706,-57356564,1370372,3,grass,meadow-grass,0,450,418,18000,0,1694296
-39698952,-57356334,1369890,3,grass,sword-fern,0,1200,314,18000,0,1694778
-39693661,-57356259,1369597,3,grass,lady-fern,1,900,5,12000,0,1695071
-39692943,-57356627,1369599,3,flower,red-clover,0,400,0,12000,0,1695069
-39690795,-57356480,1369600,3,reed,common-cottongrass,1,500,0,12000,0,1695068
-39689062,-57356713,1369599,3,grass,jungle-groundcover,0,800,0,6000,0,1695069
-39681759,-57356134,1369554,3,grass,common-stonewort,1,350,50,0,0,1695114
-39768638,-57355580,1375956,3,bush,salal,0,1200,663,62000,0,1641654
-39765894,-57355923,1375221,3,grass,meadow-grass,0,450,496,62000,0,1642389
-39765578,-57355346,1375361,3,grass,moss-cushion,0,220,522,62000,0,1642249
-39761669,-57355732,1374742,3,grass,wood-sedge,0,500,379,60000,0,1642868
-39759680,-57355398,1374788,3,grass,lady-fern,1,900,323,60000,0,1642822
-39755706,-57355807,1374780,3,grass,moss-cushion,0,220,578,60000,0,1642830
-39753779,-57355655,1375554,3,bush,salal,0,1200,697,60000,0,1642056
-39753216,-57355804,1375549,3,bush,salal,0,1200,672,60000,0,1642061
-39722628,-57355704,1378284,3,bush,salal,0,1200,594,36000,0,1686384
-39721623,-57355348,1378243,3,grass,meadow-grass,0,450,569,36000,0,1686425
-39703152,-57355873,1371407,3,bush,salal,0,1200,638,18000,0,1693261
-39696548,-57355856,1369606,3,flower,cowslip,0,300,63,12000,0,1695062
-39685004,-57355698,1369599,3,grass,hair-cap-moss,1,240,0,6000,0,1695069
-39681431,-57355753,1369540,3,reed,sweet-flag,1,1000,42,0,0,1695128
-39680791,-57355960,1369532,3,grass,common-stonewort,1,350,36,0,0,1695136
-39679380,-57355203,1369677,3,grass,canadian-waterweed,1,400,16,0,0,1694991
-39678260,-57355211,1369296,3,bush,salal,0,1200,636,0,0,1695372
-39763743,-57354847,1375296,3,bush,salal,0,1200,485,60000,0,1642314
-39720812,-57354885,1378519,3,bush,salal,0,1200,557,36000,0,1686149
-39701548,-57355151,1370767,3,flower,herb-robert,0,350,520,18000,0,1693901
-39700295,-57355168,1370312,3,grass,wood-sedge,0,500,392,18000,0,1694356
-39697774,-57355102,1369757,3,bush,salal,0,1200,219,18000,0,1694911
-39691070,-57354705,1369600,3,flower,oxeye-daisy,0,700,0,12000,0,1695068
-39688205,-57354509,1369600,3,grass,harts-tongue-fern,1,500,0,6000,0,1695068
-39685251,-57354972,1369597,3,grass,feather-moss,0,220,6,6000,0,1695071
-39681597,-57354989,1369551,3,grass,brook-moss-cushion,1,220,44,0,0,1695117
-39768685,-57353630,1376734,3,bush,salal,0,1200,677,62000,0,1640876
-39766629,-57353712,1376176,3,bush,salal,0,1200,689,62000,0,1641434
-39758440,-57354035,1375069,3,grass,timothy,0,900,360,60000,0,1642541
-39720805,-57354044,1378937,3,bush,salal,0,1200,563,36000,0,1685731
-39720423,-57354041,1378969,3,bush,salal,0,1200,557,36000,0,1685699
-39718308,-57354393,1378787,3,bush,salal,0,1200,623,30000,0,1685881
-39699006,-57353756,1370130,3,grass,male-fern,0,1200,313,18000,0,1694538
-39696462,-57353701,1369637,3,grass,meadow-grass,0,450,144,12000,0,1695031
-39686593,-57353995,1369595,3,flower,primrose,0,240,10,6000,0,1695073
-39685434,-57354014,1369587,3,grass,wood-horsetail,1,500,24,6000,0,1695081
-39684324,-57353888,1369578,3,flower,red-clover,0,400,24,6000,0,1695090
-39679821,-57353899,1369600,3,grass,water-earwort,1,200,120,0,0,1695068
-39764239,-57353258,1375896,3,grass,meadow-grass,0,450,574,60000,0,1641714
-39761536,-57352841,1375673,3,grass,meadow-grass,0,450,497,60000,0,1641937
-39760618,-57353074,1375487,3,grass,meadow-grass,0,450,467,60000,0,1642123
-39759911,-57353320,1375293,3,flower,red-campion,0,700,392,60000,0,1642317
-39717438,-57353261,1379089,3,bush,salal,0,1200,624,30000,0,1685579
-39699577,-57352979,1370314,3,grass,feather-moss,0,220,352,18000,0,1694354
-39696314,-57353404,1369637,3,grass,wood-horsetail,1,500,147,12000,0,1695031
-39692237,-57353241,1369598,3,grass,timothy,0,900,2,12000,0,1695070
-39689961,-57352874,1369599,3,flower,primrose,0,240,0,6000,0,1695069
-39683810,-57353371,1369569,3,grass,feather-moss,0,220,28,6000,0,1695099
-39759888,-57352439,1375521,3,grass,sword-fern,0,1200,414,68000,0,1642089
-39759141,-57352326,1375585,3,flower,field-scabious,0,800,356,68000,0,1642025
-39756042,-57352097,1376862,3,bush,salal,0,1200,937,66000,0,1640748
-39741904,-57352250,1378718,3,bush,salal,0,1200,681,54000,0,1685950
-39722695,-57352601,1379418,3,grass,moss-cushion,0,220,546,36000,0,1685250
-39719338,-57352448,1379680,3,bush,salal,0,1200,568,34000,0,1684988
-39716631,-57352690,1379066,3,bush,salal,0,1200,632,30000,0,1685602
-39715517,-57352445,1378893,3,bush,salal,0,1200,639,34000,0,1685775
-39706421,-57352246,1373574,3,bush,salal,0,1200,658,28000,0,1691094
-39703902,-57352058,1372112,3,grass,woolly-fringe-moss,0,220,600,22000,0,1692556
-39702507,-57352504,1371452,3,bush,salal,0,1200,555,18000,0,1693216
-39698689,-57352120,1370166,3,grass,bilberry-mat,0,400,318,22000,0,1694502
-39698120,-57352144,1370054,3,grass,male-fern,0,1200,288,22000,0,1694614
-39695465,-57352583,1369599,3,flower,primrose,0,240,66,12000,0,1695069
-39690490,-57352633,1369599,3,grass,sword-fern,0,1200,0,12000,0,1695069
-39689180,-57352252,1369599,3,flower,red-clover,0,400,0,10000,0,1695069
-39687410,-57352794,1369598,3,grass,harts-tongue-fern,1,500,3,6000,0,1695070
-39767242,-57351748,1377196,3,bush,salal,0,1200,788,68000,0,1640414
-39759636,-57351670,1375754,3,grass,bilberry-mat,0,400,417,68000,0,1641856
-39722016,-57351973,1379713,3,grass,meadow-grass,0,450,531,40000,0,1684955
-39718221,-57351859,1379853,3,flower,herb-robert,0,350,562,34000,0,1684815
-39706860,-57351668,1373877,3,bush,salal,0,1200,714,28000,0,1690791
-39703532,-57351405,1372014,3,bush,salal,0,1200,592,22000,0,1692654
-39701659,-57351267,1371157,3,bush,salal,0,1200,509,22000,0,1693511
-39692082,-57351994,1369592,3,grass,ivy-ground-layer,0,220,18,16000,0,1695076
-39691405,-57351660,1369593,3,grass,hair-cap-moss,1,240,17,16000,0,1695075
-39685985,-57351673,1369581,3,grass,moss-cushion,0,220,30,10000,0,1695087
-39683599,-57351270,1369554,3,grass,ivy-ground-layer,0,220,17,10000,0,1695114
-39681816,-57351996,1369546,3,flower,cowslip,0,300,37,2000,0,1695122
-39681023,-57351672,1369525,3,grass,hair-cap-moss,1,240,19,2000,0,1695143
-39679259,-57351634,1369573,3,flower,arrowhead,1,800,120,2000,0,1695095
-39676796,-57351810,1369510,3,grass,brook-moss-cushion,1,220,515,2000,0,1695158
-39768423,-57351178,1377895,3,bush,salal,0,1200,889,68000,0,1639715
-39767607,-57350733,1377839,3,bush,salal,0,1200,887,68000,0,1639771
-39766325,-57350879,1377397,3,bush,salal,0,1200,848,68000,0,1640213
-39720815,-57350515,1380467,3,flower,harebell,0,350,490,40000,0,1684201
-39719621,-57350637,1380453,3,grass,meadow-grass,0,450,533,34000,0,1684215
-39718809,-57350623,1380368,3,grass,meadow-grass,0,450,574,34000,0,1684300
-39715282,-57350448,1379729,3,bush,salal,0,1200,555,34000,0,1684939
-39702451,-57351055,1371523,3,grass,moss-cushion,0,220,547,22000,0,1693145
-39702216,-57350588,1371487,3,bush,salal,0,1200,537,22000,0,1693181
-39701320,-57350591,1371134,3,flower,herb-robert,0,350,494,22000,0,1693534
-39699849,-57350607,1370641,3,flower,harebell,0,350,414,22000,0,1694027
-39697475,-57350994,1370010,3,grass,wood-horsetail,1,500,271,16000,0,1694658
-39695386,-57350504,1369671,3,grass,bilberry-mat,0,400,148,16000,0,1694997
-39691209,-57350470,1369579,3,grass,moss-cushion,0,220,34,16000,0,1695089
-39689500,-57351114,1369599,3,grass,understory-fern,0,900,2,10000,0,1695069
-39688182,-57350968,1369599,3,grass,feather-moss,0,220,0,10000,0,1695069
-39687768,-57350937,1369599,3,grass,ivy-ground-layer,0,220,0,10000,0,1695069
-39686124,-57350418,1369595,3,flower,birdsfoot-trefoil,0,250,10,10000,0,1695073
-39681409,-57351048,1369534,3,flower,water-plantain,1,800,17,2000,0,1695134
-39761811,-57349638,1377110,3,bush,salal,0,1200,758,68000,0,1640500
-39720188,-57349786,1380761,3,grass,woolly-fringe-moss,0,220,478,40000,0,1683907
-39719466,-57349894,1380669,3,flower,herb-robert,0,350,526,34000,0,1683999
-39717335,-57350335,1380191,3,bush,salal,0,1200,586,34000,0,1684477
-39703177,-57349944,1372013,3,bush,salal,0,1200,529,22000,0,1692655
-39696199,-57349740,1369852,3,grass,ivy-ground-layer,0,220,219,16000,0,1694816
-39694323,-57350129,1369604,3,grass,ribwort-plantain,0,300,104,16000,0,1695064
-39688760,-57350269,1369599,3,flower,red-campion,0,700,1,10000,0,1695069
-39685466,-57349924,1369595,3,flower,fireweed,0,1200,12,10000,0,1695073
-39681517,-57350007,1369546,3,grass,needle-spike-rush,1,220,14,2000,0,1695122
-39676925,-57350078,1369645,3,flower,meadow-daisy,0,420,155,2000,0,1695023
-39761835,-57349251,1377332,3,bush,salal,0,1200,777,68000,0,1640278
-39695751,-57348999,1369880,3,grass,ivy-ground-layer,0,220,221,16000,0,1694788
-39686562,-57349397,1369599,3,flower,red-campion,0,700,0,10000,0,1695069
-39683748,-57349115,1369588,3,grass,meadow-grass,0,450,25,10000,0,1695080
-39682017,-57349251,1369561,3,flower,marsh-marigold,1,300,31,2000,0,1695107
-39678831,-57349354,1369529,3,grass,meadow-grass,0,450,70,2000,0,1695139
-39676501,-57349530,1369528,3,grass,bilberry-mat,0,400,304,2000,0,1695140
-39675639,-57348954,1369584,3,bush,salal,0,1200,471,2000,0,1695084
-39760090,-57348517,1377674,3,bush,salal,0,1200,740,68000,0,1639936
-39722546,-57348763,1381579,3,bush,salal,0,1200,807,40000,0,1683089
-39719539,-57348373,1381181,3,grass,feather-moss,0,220,507,34000,0,1683487
-39715268,-57348745,1380325,3,grass,meadow-grass,0,450,570,34000,0,1684343
-39701528,-57348300,1371646,3,grass,feather-moss,0,220,469,22000,0,1693022
-39699993,-57348088,1370994,3,flower,harebell,0,350,428,22000,0,1693674
-39695384,-57348370,1369892,3,grass,wood-sedge,0,500,222,16000,0,1694776
-39693310,-57348360,1369631,3,flower,oxeye-daisy,0,700,139,16000,0,1695037
-39692227,-57348249,1369553,3,grass,harts-tongue-fern,1,500,47,16000,0,1695115
-39689468,-57348388,1369594,3,grass,feather-moss,0,220,12,10000,0,1695074
-39688791,-57348056,1369598,3,grass,cocksfoot,0,1000,4,10000,0,1695070
-39685571,-57348492,1369599,3,grass,wood-sedge,0,500,0,10000,0,1695069
-39762897,-57347850,1378285,3,bush,salal,0,1200,920,68000,0,1639325
-39761788,-57347462,1378441,3,bush,salal,0,1200,965,68000,0,1639169
-39731187,-57347324,1386962,3,bush,salal,0,1200,635,46000,0,1677706
-39716453,-57347284,1380922,3,grass,feather-moss,0,220,510,34000,0,1683746
-39703027,-57347838,1372213,3,grass,woolly-fringe-moss,0,220,456,22000,0,1692455
-39701298,-57347306,1371613,3,flower,herb-robert,0,350,458,22000,0,1693055
-39695190,-57347622,1369919,3,grass,ivy-ground-layer,0,220,226,16000,0,1694749
-39686323,-57347779,1369599,3,flower,meadow-daisy,0,420,0,10000,0,1695069
-39685093,-57347367,1369599,3,bush,salal,0,1200,1,10000,0,1695069
-39680311,-57347261,1369541,3,grass,brook-moss-cushion,1,220,14,2000,0,1695127
-39678852,-57347589,1369573,3,grass,needle-spike-rush,1,220,6,2000,0,1695095
-39717814,-57346601,1381408,3,grass,moss-cushion,0,220,532,34000,0,1683260
-39715324,-57346742,1380538,3,grass,meadow-grass,0,450,539,34000,0,1684130
-39703727,-57346632,1372548,3,grass,moss-cushion,0,220,522,22000,0,1692120
-39699118,-57347057,1370816,3,flower,herb-robert,0,350,409,22000,0,1693852
-39697047,-57346496,1370348,3,flower,cowslip,0,300,333,16000,0,1694320
-39695083,-57347062,1369943,3,grass,male-fern,0,1200,230,16000,0,1694725
-39689251,-57346591,1369581,3,grass,sphagnum-hummock,1,280,32,10000,0,1695087
-39687018,-57346713,1369599,3,flower,large-trillium,0,350,0,10000,0,1695069
-39686005,-57347052,1369599,3,grass,hair-cap-moss,1,240,0,10000,0,1695069
-39684956,-57346624,1369597,3,grass,hair-cap-moss,1,240,6,10000,0,1695071
-39684466,-57346424,1369593,3,grass,male-fern,0,1200,14,10000,0,1695075
-39679884,-57347131,1369550,3,flower,purple-loosestrife,1,1200,30,2000,0,1695118
-39678162,-57347098,1369553,3,flower,water-mint,1,500,50,2000,0,1695115
-39718101,-57346355,1381535,3,grass,moss-cushion,0,220,545,34000,0,1683133
-39715460,-57345973,1380622,3,bush,salal,0,1200,574,34000,0,1684046
-39704359,-57346220,1372863,3,bush,salal,0,1200,652,22000,0,1691805
-39697083,-57345781,1370406,3,grass,wood-sedge,0,500,333,16000,0,1694262
-39692156,-57345838,1369601,3,flower,birdsfoot-trefoil,0,250,106,16000,0,1695067
-39686372,-57346209,1369599,3,bush,salal,0,1200,0,10000,0,1695069
-39683879,-57345881,1369579,3,grass,hair-cap-moss,1,240,33,10000,0,1695089
-39681399,-57345887,1369548,3,flower,water-mint,1,500,4,2000,0,1695120
-39680780,-57346259,1369545,3,grass,harts-tongue-fern,1,500,9,2000,0,1695123
-39675343,-57345893,1369526,3,grass,needle-spike-rush,1,220,77,2000,0,1695142
-39674519,-57346070,1369484,3,grass,willow-moss,1,350,202,0,0,1695184
-39790578,-57344949,1400676,3,bush,salal,0,1200,870,70000,0,1616934
-39790171,-57345398,1400271,3,bush,salal,0,1200,883,64000,0,1617339
-39719245,-57345337,1382255,3,bush,salal,0,1200,720,34000,0,1682413
-39699115,-57345104,1371013,3,flower,large-trillium,0,350,389,22000,0,1693655
-39692094,-57345336,1369607,3,grass,male-fern,0,1200,104,16000,0,1695061
-39677369,-57345069,1369547,3,grass,water-soldier,1,400,4,2000,0,1695121
-39673810,-57345476,1369587,3,grass,meadow-grass,0,450,154,0,0,1695081
-39672547,-57345546,1369597,3,bush,salal,0,1200,667,0,0,1695071
-39699695,-57344675,1371202,3,flower,oxeye-daisy,0,700,404,26000,0,1693466
-39697970,-57344315,1370741,3,grass,moss-cushion,0,220,353,26000,0,1693927
-39694916,-57344726,1370022,3,flower,oxeye-daisy,0,700,232,20000,0,1694646
-39693959,-57344281,1369881,3,grass,sedge-tussock,1,600,196,20000,0,1694787
-39690530,-57344644,1369554,3,grass,sword-fern,0,1200,21,20000,0,1695114
-39690261,-57344226,1369556,3,grass,feather-moss,0,220,20,20000,0,1695112
-39688235,-57344734,1369588,3,flower,harebell,0,350,18,12000,0,1695080
-39685397,-57344150,1369593,3,grass,ivy-ground-layer,0,220,16,12000,0,1695075
-39684117,-57344410,1369572,3,flower,primrose,0,240,36,12000,0,1695096
-39683365,-57344465,1369551,3,grass,bilberry-mat,0,400,41,12000,0,1695117
-39680887,-57344327,1369549,3,grass,wood-sedge,0,500,20,6000,0,1695119
-39671989,-57344292,1369151,3,flower,herb-robert,0,350,309,0,0,1695517
-39712060,-57343767,1379222,3,bush,salal,0,1200,716,32000,0,1685446
-39702270,-57343922,1372016,3,flower,cowslip,0,300,425,26000,0,1692652
-39698490,-57343458,1370943,3,grass,meadow-grass,0,450,360,26000,0,1693725
-39691516,-57343538,1369617,3,grass,ribwort-plantain,0,300,90,20000,0,1695051
-39679973,-57343462,1369543,3,grass,hair-cap-moss,1,240,21,6000,0,1695125
-39678562,-57343264,1369551,3,flower,red-campion,0,700,1,6000,0,1695117
-39678201,-57343350,1369550,3,grass,lady-fern,1,900,5,6000,0,1695118
-39672116,-57343575,1369446,3,bush,salal,0,1200,458,0,0,1695222
-39718646,-57342906,1382773,3,bush,salal,0,1200,760,38000,0,1681895
-39718102,-57342960,1382476,3,bush,salal,0,1200,715,38000,0,1682192
-39712750,-57342628,1379787,3,bush,salal,0,1200,654,38000,0,1684881
-39694331,-57342587,1370043,3,grass,lady-fern,1,900,216,20000,0,1694625
-39691598,-57342751,1369649,3,grass,moss-cushion,0,220,115,20000,0,1695019
-39689121,-57342618,1369584,3,grass,wood-sedge,0,500,6,12000,0,1695084
-39687503,-57342698,1369579,3,grass,wood-sedge,0,500,29,12000,0,1695089
-39686846,-57342894,1369586,3,grass,sphagnum-hummock,1,280,19,12000,0,1695082
-39681977,-57343177,1369517,3,grass,male-fern,0,1200,14,6000,0,1695151
-39681597,-57343029,1369517,3,flower,meadow-daisy,0,420,24,6000,0,1695151
-39673612,-57342513,1369489,3,grass,hair-cap-moss,1,240,15,0,0,1695179
-39671382,-57342765,1369620,3,grass,moss-cushion,0,220,387,0,0,1695048
-39671172,-57342862,1369576,3,grass,sedge-tussock,1,600,358,0,0,1695092
-39742532,-57341913,1387522,3,bush,salal,0,1200,984,64000,0,1677146
-39712204,-57341654,1379777,3,bush,salal,0,1200,682,32000,0,1684891
-39711815,-57342312,1379354,3,bush,salal,0,1200,724,32000,0,1685314
-39702462,-57341941,1372358,3,grass,moss-cushion,0,220,381,26000,0,1692310
-39694088,-57341620,1370062,3,grass,lady-fern,1,900,209,20000,0,1694606
-39692915,-57341890,1369888,3,grass,understory-fern,0,900,195,20000,0,1694780
-39686616,-57342138,1369579,3,grass,feather-moss,0,220,18,12000,0,1695089
-39682851,-57341940,1369516,3,grass,bilberry-mat,0,400,32,12000,0,1695152
-39669953,-57342149,1368575,3,flower,herb-robert,0,350,593,0,0,1696093
-39791411,-57341529,1402833,3,bush,salal,0,1200,745,70000,0,1614777
-39729848,-57340844,1389640,3,bush,salal,0,1200,750,50000,0,1675028
-39702272,-57340822,1372467,3,grass,feather-moss,0,220,449,26000,0,1692201
-39699843,-57341002,1371525,3,grass,moss-cushion,0,220,427,26000,0,1693143
-39696725,-57341529,1370581,3,flower,primrose,0,240,312,20000,0,1694087
-39695915,-57341354,1370430,3,grass,male-fern,0,1200,290,20000,0,1694238
-39692424,-57341293,1369863,3,grass,moss-cushion,0,220,178,20000,0,1694805
-39691944,-57341215,1369797,3,grass,bilberry-mat,0,400,166,20000,0,1694871
-39685447,-57340866,1369550,3,grass,wood-horsetail,1,500,40,12000,0,1695118
-39677782,-57341219,1369507,3,grass,male-fern,0,1200,13,6000,0,1695161
-39734092,-57340187,1391295,3,bush,salal,0,1200,796,50000,0,1673373
-39719108,-57340338,1383738,3,bush,salal,0,1200,844,38000,0,1680930
-39700268,-57340552,1371740,3,grass,meadow-grass,0,450,434,26000,0,1692928
-39697670,-57340736,1370835,3,grass,bilberry-mat,0,400,337,26000,0,1693833
-39697291,-57340052,1370770,3,flower,oxeye-daisy,0,700,339,20000,0,1693898
-39695835,-57340657,1370455,3,grass,hair-cap-moss,1,240,291,20000,0,1694213
-39694697,-57340713,1370227,3,grass,wood-sedge,0,500,236,20000,0,1694441
-39690299,-57340155,1369681,3,grass,wood-sedge,0,500,114,20000,0,1694987
-39685927,-57340672,1369562,3,flower,primrose,0,240,26,12000,0,1695106
-39683753,-57340783,1369511,3,grass,lady-fern,1,900,26,12000,0,1695157
-39680000,-57340323,1369501,3,grass,lady-fern,1,900,3,6000,0,1695167
-39674808,-57340674,1369546,3,flower,river-water-crowfoot,1,1400,12,0,0,1695122
-39673185,-57340763,1369547,3,flower,arrowhead,1,800,36,0,0,1695121
-39669635,-57340143,1369583,3,flower,purple-loosestrife,1,1200,155,0,0,1695085
-39790450,-57339916,1403568,3,bush,salal,0,1200,732,70000,0,1614042
-39727467,-57339533,1389213,3,bush,salal,0,1200,738,44000,0,1675455
-39726850,-57339524,1388960,3,bush,salal,0,1200,701,44000,0,1675708
-39717951,-57339402,1382955,3,bush,salal,0,1200,752,38000,0,1681713
-39713292,-57339568,1380695,3,bush,salal,0,1200,600,38000,0,1683973
-39701797,-57339925,1372333,3,bush,salal,0,1200,454,26000,0,1692335
-39698975,-57339482,1371301,3,bush,salal,0,1200,416,26000,0,1693367
-39697482,-57339935,1370820,3,grass,jungle-groundcover,0,800,347,20000,0,1693848
-39693058,-57339563,1370040,3,grass,bilberry-mat,0,400,201,20000,0,1694628
-39691790,-57339572,1369849,3,grass,lady-fern,1,900,150,20000,0,1694819
-39687951,-57339848,1369543,3,flower,oxeye-daisy,0,700,12,12000,0,1695125
-39684489,-57339907,1369518,3,flower,herb-robert,0,350,26,12000,0,1695150
-39681345,-57339767,1369500,3,reed,soft-rush,1,900,0,6000,0,1695168
-39674036,-57339794,1369542,3,grass,willow-moss,1,350,18,0,0,1695126
-39789864,-57338973,1403834,3,bush,salal,0,1200,725,70000,0,1613776
-39789581,-57339035,1403711,3,bush,salal,0,1200,737,70000,0,1613899
-39749400,-57338600,1393616,3,bush,salal,0,1200,835,64000,0,1671052
-39698687,-57339166,1371229,3,grass,male-fern,0,1200,416,26000,0,1693439
-39696276,-57338572,1370701,3,grass,jungle-groundcover,0,800,331,20000,0,1693967
-39695570,-57338960,1370529,3,grass,wood-horsetail,1,500,318,20000,0,1694139
-39693441,-57338686,1370153,3,grass,wood-sedge,0,500,244,20000,0,1694515
-39688883,-57338967,1369611,3,grass,hair-cap-moss,1,240,116,12000,0,1695057
-39686458,-57339049,1369558,3,flower,red-campion,0,700,10,12000,0,1695110
-39684040,-57338892,1369522,3,grass,wood-sedge,0,500,34,12000,0,1695146
-39679612,-57338652,1369500,3,grass,wood-sedge,0,500,0,6000,0,1695168
-39673886,-57338545,1369529,3,flower,water-mint,1,500,27,0,0,1695139
-39668085,-57339017,1369107,3,grass,harts-tongue-fern,1,500,129,0,0,1695561
-39661482,-57338862,1354540,3,bush,salal,0,1200,765,0,0,1710128
-39789779,-57338267,1404155,3,bush,salal,0,1200,709,70000,0,1613455
-39725301,-57337806,1388799,3,bush,salal,0,1200,800,44000,0,1675869
-39719584,-57337881,1384248,3,bush,salal,0,1200,916,38000,0,1680420
-39698077,-57337942,1371149,3,grass,feather-moss,0,220,409,26000,0,1693519
-39697237,-57337925,1370953,3,flower,cowslip,0,300,366,20000,0,1693715
-39696215,-57337717,1370776,3,grass,lady-fern,1,900,333,20000,0,1693892
-39689945,-57337770,1369804,3,grass,timothy,0,900,166,12000,0,1694864
-39688615,-57338262,1369628,3,grass,meadow-grass,0,450,129,12000,0,1695040
-39673340,-57337681,1369520,3,flower,large-trillium,0,350,14,0,0,1695148
-39671132,-57337719,1369520,3,flower,purple-loosestrife,1,1200,8,0,0,1695148
-39668726,-57338112,1369413,3,grass,feather-moss,0,220,441,0,0,1695255
-39734973,-57337158,1393227,3,bush,salal,0,1200,932,54000,0,1671441
-39728543,-57337005,1390720,3,bush,salal,0,1200,906,54000,0,1673948
-39699926,-57337339,1371793,3,grass,feather-moss,0,220,366,30000,0,1692875
-39698618,-57337372,1371424,3,bush,salal,0,1200,376,30000,0,1693244
-39697165,-57337274,1371058,3,grass,sword-fern,0,1200,373,24000,0,1693610
-39688645,-57337017,1369720,3,grass,understory-fern,0,900,160,16000,0,1694948
-39683432,-57337446,1369540,3,grass,sphagnum-hummock,1,280,33,16000,0,1695128
-39681850,-57337119,1369517,3,grass,cocksfoot,0,1000,31,10000,0,1695151
-39678515,-57337138,1369500,3,flower,primrose,0,240,0,10000,0,1695168
-39676094,-57337276,1369500,3,grass,jungle-groundcover,0,800,0,10000,0,1695168
-39674658,-57337438,1369506,3,grass,male-fern,0,1200,16,4000,0,1695162
-39670021,-57336803,1369492,3,flower,fireweed,0,1200,40,4000,0,1695176
-39697942,-57336354,1371373,3,grass,wood-horsetail,1,500,348,30000,0,1693295
-39696791,-57336407,1371040,3,grass,feather-moss,0,220,376,24000,0,1693628
-39695523,-57336392,1370765,3,grass,feather-moss,0,220,350,24000,0,1693903
-39689619,-57336403,1369891,3,grass,wood-sedge,0,500,190,16000,0,1694777
-39686636,-57336266,1369582,3,grass,sword-fern,0,1200,79,16000,0,1695086
-39685364,-57336170,1369551,3,grass,feather-moss,0,220,9,16000,0,1695117
-39684670,-57336517,1369550,3,grass,sword-fern,0,1200,6,16000,0,1695118
-39681314,-57336211,1369527,3,grass,ivy-ground-layer,0,220,34,10000,0,1695141
-39671947,-57336226,1369546,3,flower,harebell,0,350,11,4000,0,1695122
-39668238,-57336301,1369744,3,grass,male-fern,0,1200,92,4000,0,1694924
-39693264,-57335886,1370412,3,grass,male-fern,0,1200,308,24000,0,1694256
-39691619,-57335452,1370243,3,grass,meadow-grass,0,450,278,24000,0,1694425
-39690488,-57335887,1370043,3,grass,lady-fern,1,900,240,24000,0,1694625
-39688216,-57335525,1369794,3,grass,lady-fern,1,900,171,16000,0,1694874
-39678452,-57335888,1369500,3,grass,timothy,0,900,0,10000,0,1695168
-39677633,-57335763,1369500,3,grass,male-fern,0,1200,0,10000,0,1695168
-39675794,-57335628,1369500,3,grass,wood-sedge,0,500,0,10000,0,1695168
-39672915,-57335552,1369525,3,reed,soft-rush,1,900,34,4000,0,1695143
-39671780,-57335282,1369549,3,grass,hair-cap-moss,1,240,12,4000,0,1695119
-39790888,-57334866,1405729,3,bush,salal,0,1200,590,74000,0,1611881
-39787814,-57334559,1405141,3,bush,salal,0,1200,736,74000,0,1612469
-39709608,-57334596,1379400,3,bush,salal,0,1200,758,36000,0,1685268
-39697642,-57334874,1371446,3,flower,red-campion,0,700,334,30000,0,1693222
-39696902,-57335187,1371265,3,grass,meadow-grass,0,450,359,24000,0,1693403
-39689026,-57334895,1369974,3,grass,male-fern,0,1200,229,16000,0,1694694
-39687994,-57335081,1369783,3,flower,harebell,0,350,174,16000,0,1694885
-39683557,-57334619,1369550,3,grass,male-fern,0,1200,6,16000,0,1695118
-39676988,-57334828,1369500,3,grass,male-fern,0,1200,3,10000,0,1695168
-39670785,-57334458,1369546,3,flower,water-mint,1,500,4,4000,0,1695122
-39669372,-57334578,1369556,3,reed,reed-sweet-grass,1,1500,46,4000,0,1695112
-39726906,-57333921,1390663,3,bush,salal,0,1200,922,48000,0,1674005
-39714271,-57334333,1381936,3,bush,salal,0,1200,649,42000,0,1682732
-39695757,-57334270,1371155,3,grass,meadow-grass,0,450,384,24000,0,1693513
-39694213,-57334223,1370845,3,grass,meadow-grass,0,450,393,24000,0,1693823
-39690787,-57333681,1370356,3,grass,sword-fern,0,1200,325,24000,0,1694312
-39690093,-57333795,1370237,3,grass,understory-fern,0,900,301,24000,0,1694431
-39684908,-57333957,1369577,3,flower,red-clover,0,400,52,16000,0,1695091
-39678887,-57334291,1369505,3,grass,moss-cushion,0,220,12,10000,0,1695163
-39674383,-57333765,1369508,3,grass,feather-moss,0,220,16,4000,0,1695160
-39673507,-57334143,1369507,3,flower,marsh-marigold,1,300,12,4000,0,1695161
-39671214,-57333819,1369539,3,grass,ribwort-plantain,0,300,17,4000,0,1695129
-39664969,-57333742,1369283,3,bush,salal,0,1200,604,0,0,1695385
-39664208,-57334292,1369235,3,bush,salal,0,1200,727,0,0,1695433
-39663800,-57334190,1369297,3,grass,woolly-fringe-moss,0,220,460,0,0,1695371
-39786738,-57333107,1404924,3,bush,salal,0,1200,885,80000,0,1612686
-39735262,-57332981,1395687,3,bush,salal,0,1200,958,60000,0,1668981
-39714833,-57333465,1382433,3,bush,salal,0,1200,740,42000,0,1682235
-39694484,-57333538,1370984,3,grass,bilberry-mat,0,400,384,24000,0,1693684
-39690747,-57333071,1370440,3,flower,primrose,0,240,352,24000,0,1694228
-39681219,-57332919,1369532,3,grass,sedge-tussock,1,600,27,10000,0,1695136
-39679986,-57333166,1369527,3,flower,impatiens,1,350,30,10000,0,1695141
-39673579,-57333428,1369514,3,grass,male-fern,0,1200,23,4000,0,1695154
-39789156,-57332455,1406160,3,bush,salal,0,1200,710,74000,0,1611450
-39787402,-57332580,1405418,3,bush,salal,0,1200,832,80000,0,1612192
-39753921,-57332547,1398193,3,bush,salal,0,1200,890,74000,0,1619417
-39750327,-57332317,1397697,3,bush,salal,0,1200,766,74000,0,1619913
-39693813,-57332658,1370994,3,grass,male-fern,0,1200,401,24000,0,1693674
-39691605,-57332124,1370746,3,flower,herb-robert,0,350,419,24000,0,1693922
-39687996,-57332139,1370068,3,bush,salal,0,1200,302,16000,0,1694600
-39686502,-57332697,1369795,3,flower,primrose,0,240,230,16000,0,1694873
-39679376,-57332778,1369538,3,flower,meadow-daisy,0,420,21,10000,0,1695130
-39677619,-57332450,1369541,3,flower,herb-robert,0,350,1,10000,0,1695127
-39677523,-57332707,1369538,3,grass,sphagnum-hummock,1,280,17,10000,0,1695130
-39789507,-57331646,1406526,3,bush,salal,0,1200,692,74000,0,1611084
-39735706,-57331411,1396783,3,bush,salal,0,1200,933,60000,0,1667885
-39709989,-57331409,1380108,3,bush,salal,0,1200,771,36000,0,1684560
-39693059,-57331967,1371025,3,flower,large-trillium,0,350,437,24000,0,1693643
-39687564,-57331568,1370101,3,grass,lady-fern,1,900,311,16000,0,1694567
-39686429,-57331893,1369888,3,grass,feather-moss,0,220,257,16000,0,1694780
-39681828,-57331762,1369527,3,grass,lady-fern,1,900,55,10000,0,1695141
-39675358,-57331634,1369518,3,grass,hair-cap-moss,1,240,74,10000,0,1695150
-39668323,-57331854,1369458,3,flower,meadow-daisy,0,420,185,4000,0,1695210
-39667275,-57331638,1369413,3,grass,timothy,0,900,258,0,0,1695255
-39712922,-57331068,1381844,3,bush,salal,0,1200,768,42000,0,1682824
-39711906,-57330787,1381412,3,bush,salal,0,1200,746,36000,0,1683256
-39709931,-57330770,1380355,3,bush,salal,0,1200,792,36000,0,1684313
-39688855,-57330799,1370498,3,grass,feather-moss,0,220,435,16000,0,1694170
-39687754,-57330407,1370318,3,bush,salal,0,1200,398,16000,0,1694350
-39686572,-57330763,1370030,3,flower,herb-robert,0,350,289,16000,0,1694638
-39685363,-57330580,1369897,3,grass,sword-fern,0,1200,266,16000,0,1694771
-39683859,-57331027,1369597,3,grass,ivy-ground-layer,0,220,176,16000,0,1695071
-39675823,-57330478,1369317,3,grass,feather-moss,0,220,186,10000,0,1695351
-39674766,-57331168,1369466,3,grass,wood-horsetail,1,500,144,4000,0,1695202
-39671675,-57331001,1369378,3,flower,water-mint,1,500,194,4000,0,1695290
-39670469,-57330657,1369229,3,grass,feather-moss,0,220,208,4000,0,1695439
-39670134,-57330928,1369274,3,grass,bilberry-mat,0,400,226,4000,0,1695394
-39667236,-57330509,1369164,3,grass,lady-fern,1,900,246,0,0,1695504
-39666910,-57331116,1369293,3,flower,red-campion,0,700,297,0,0,1695375
-39663941,-57330444,1369331,3,bush,salal,0,1200,477,0,0,1695337
-39789458,-57330155,1407255,3,bush,salal,0,1200,713,74000,0,1610355
-39709760,-57330138,1380489,3,bush,salal,0,1200,798,36000,0,1684179
-39709564,-57329689,1380564,3,bush,salal,0,1200,802,36000,0,1637046
-39689370,-57330149,1370734,3,bush,salal,0,1200,458,16000,0,1693934
-39688575,-57329847,1370598,3,flower,herb-robert,0,350,460,18000,0,1694070
-39687483,-57330258,1370268,3,flower,red-clover,0,400,389,16000,0,1694400
-39677992,-57330342,1369318,3,bush,salal,0,1200,184,10000,0,1695350
-39675032,-57329954,1369225,3,grass,feather-moss,0,220,139,12000,0,1695443
-39673976,-57330041,1369242,3,grass,jungle-groundcover,0,800,155,4000,0,1695426
-39673131,-57329634,1369183,3,grass,ribwort-plantain,0,300,78,8000,0,1695485
-39671129,-57330101,1369190,3,flower,herb-robert,0,350,152,4000,0,1695478
-39667220,-57330049,1369091,3,grass,moss-cushion,0,220,152,0,0,1695577
-39758698,-57328900,1401511,3,bush,salal,0,1200,768,84000,0,1616099
-39690496,-57329198,1371259,3,bush,salal,0,1200,601,24000,0,1646351
-39686070,-57329170,1370154,3,grass,cocksfoot,0,1000,340,18000,0,1694514
-39683375,-57329306,1369537,3,grass,wood-horsetail,1,500,292,18000,0,1695131
-39681955,-57329138,1369279,3,grass,lady-fern,1,900,136,12000,0,1695389
-39681388,-57329579,1369240,3,grass,sphagnum-hummock,1,280,62,12000,0,1695428
-39678995,-57328930,1369203,3,grass,bilberry-mat,0,400,48,12000,0,1695465
-39678043,-57329068,1369189,3,flower,yarrow,0,600,56,12000,0,1695479
-39672365,-57328989,1369155,3,bush,salal,0,1200,7,8000,0,1695513
-39668986,-57328814,1369064,3,flower,birdsfoot-trefoil,0,250,14,8000,0,1695604
-39664791,-57329402,1369063,3,grass,wood-sedge,0,500,147,2000,0,1695605
-39662830,-57329246,1368935,3,flower,fireweed,0,1200,321,2000,0,1695733
-39789760,-57328381,1408152,3,bush,salal,0,1200,812,80000,0,1609458
-39759053,-57328652,1401706,3,bush,salal,0,1200,743,84000,0,1615904
-39754067,-57328337,1400791,3,bush,salal,0,1200,864,78000,0,1616819
-39748192,-57328714,1398993,3,bush,salal,0,1200,662,72000,0,1618617
-39736503,-57328683,1398384,3,bush,salal,0,1200,873,66000,0,1619226
-39710981,-57328208,1381834,3,bush,salal,0,1200,772,36000,0,1635776
-39688001,-57328090,1370847,3,bush,salal,0,1200,515,18000,0,1693821
-39685598,-57328079,1370144,3,grass,ivy-ground-layer,0,220,398,18000,0,1694524
-39683889,-57328203,1369715,3,grass,ivy-ground-layer,0,220,308,18000,0,1694953
-39679378,-57328521,1369196,3,grass,ivy-ground-layer,0,220,26,12000,0,1695472
-39677749,-57328215,1369173,3,grass,sword-fern,0,1200,11,12000,0,1695495
-39676131,-57328163,1369166,3,grass,hair-cap-moss,1,240,8,12000,0,1695502
-39675715,-57328521,1369161,3,grass,wood-sedge,0,500,13,12000,0,1695507
-39674400,-57328181,1369165,3,bush,salal,0,1200,6,8000,0,1695503
-39673261,-57328608,1369161,3,grass,timothy,0,900,12,8000,0,1695507
-39669541,-57328249,1369079,3,grass,meadow-grass,0,450,28,8000,0,1695589
-39665695,-57328207,1369039,3,grass,wood-sedge,0,500,36,2000,0,1695629
-39661305,-57328630,1369145,3,bush,salal,0,1200,521,2000,0,1695523
-39759764,-57327505,1402499,3,bush,salal,0,1200,668,84000,0,1615111
-39758099,-57327848,1402066,3,bush,salal,0,1200,746,84000,0,1615544
-39686730,-57327214,1370657,3,bush,salal,0,1200,499,18000,0,1694011
-39679483,-57327767,1369185,3,grass,meadow-grass,0,450,32,12000,0,1695483
-39676506,-57327510,1369163,3,grass,wood-sedge,0,500,20,12000,0,1695505
-39675202,-57327667,1369159,3,grass,feather-moss,0,220,25,12000,0,1695509
-39674575,-57327400,1369145,3,flower,primrose,0,240,43,8000,0,1695523
-39674195,-57327495,1369148,3,flower,cowslip,0,300,43,8000,0,1695520
-39671879,-57327446,1369120,3,grass,feather-moss,0,220,81,8000,0,1695548
-39668884,-57327513,1369063,3,grass,ribwort-plantain,0,300,32,8000,0,1695605
-39668710,-57327636,1369064,3,reed,soft-rush,1,900,27,8000,0,1695604
-39662272,-57327203,1369099,3,flower,herb-robert,0,350,112,2000,0,1695569
-39661461,-57327946,1368967,3,bush,salal,0,1200,585,2000,0,1695701
-39763749,-57326433,1402768,3,bush,salal,0,1200,849,84000,0,1614842
-39761199,-57326945,1402904,3,bush,salal,0,1200,671,84000,0,1614706
-39682848,-57326509,1369738,3,grass,meadow-grass,0,450,362,18000,0,1694930
-39682140,-57327149,1369529,3,flower,red-campion,0,700,306,12000,0,1695139
-39680948,-57326774,1369333,3,grass,hair-cap-moss,1,240,221,12000,0,1695335
-39680694,-57326962,1369274,3,grass,hair-cap-moss,1,240,166,12000,0,1695394
-39679246,-57327140,1369168,3,bush,salal,0,1200,44,12000,0,1695500
-39676746,-57326985,1369145,3,grass,wood-sedge,0,500,40,12000,0,1695523
-39675042,-57326880,1369125,3,flower,herb-robert,0,350,53,12000,0,1695543
-39671843,-57326799,1369071,3,flower,red-clover,0,400,103,8000,0,1695597
-39668401,-57326890,1369034,3,grass,woolly-fringe-moss,0,220,49,8000,0,1695634
-39667069,-57326448,1369003,3,grass,wood-horsetail,1,500,65,2000,0,1695665
-39663289,-57326961,1369009,3,grass,wood-sedge,0,500,196,2000,0,1695659
-39661692,-57326404,1368904,3,grass,feather-moss,0,220,448,2000,0,1695764
-39758277,-57325820,1403229,3,bush,salal,0,1200,680,84000,0,1614381
-39736494,-57326180,1399433,3,bush,salal,0,1200,873,66000,0,1618177
-39706685,-57326083,1380495,3,bush,salal,0,1200,896,36000,0,1637115
-39678734,-57325956,1369118,3,grass,ivy-ground-layer,0,220,74,12000,0,1695550
-39673342,-57325802,1369040,3,grass,lady-fern,1,900,101,8000,0,1695628
-39666447,-57326285,1368981,3,reed,broadleaf-cattail,1,2200,83,2000,0,1695687
-39663152,-57325969,1368945,3,flower,marsh-cinquefoil,1,400,174,2000,0,1695723
-39660665,-57325867,1368555,3,flower,herb-robert,0,350,313,2000,0,1696113
-39749471,-57325107,1401425,3,bush,salal,0,1200,638,72000,0,1616185
-39742429,-57325325,1401926,3,flower,herb-robert,0,350,554,66000,0,1615684
-39737513,-57324969,1400292,3,bush,salal,0,1200,845,66000,0,1617318
-39709710,-57325182,1382458,3,bush,salal,0,1200,892,36000,0,1635152
-39685397,-57325073,1370740,3,bush,salal,0,1200,619,18000,0,1693928
-39683034,-57324974,1369898,3,grass,wood-horsetail,1,500,427,18000,0,1694770
-39682196,-57325496,1369647,3,flower,herb-robert,0,350,313,12000,0,1695021
-39678877,-57325072,1369156,3,flower,oxeye-daisy,0,700,180,12000,0,1695512
-39676764,-57325235,1369044,3,flower,herb-robert,0,350,51,12000,0,1695624
-39665498,-57325031,1368859,3,flower,water-mint,1,500,84,2000,0,1695809
-39663140,-57325119,1368864,3,grass,brook-moss-cushion,1,220,110,2000,0,1695804
-39661269,-57325186,1368776,3,grass,ivy-ground-layer,0,220,229,2000,0,1695892
-39763227,-57324405,1403962,3,bush,salal,0,1200,651,84000,0,1613648
-39743305,-57324534,1402386,3,grass,woolly-fringe-moss,0,220,479,72000,0,1615224
-39738561,-57324763,1400782,3,bush,salal,0,1200,795,66000,0,1616828
-39682799,-57324760,1369854,3,grass,wood-horsetail,1,500,395,18000,0,1694814
-39675595,-57324199,1368968,3,grass,lady-fern,1,900,92,12000,0,1695700
-39667842,-57324114,1368861,3,grass,ivy-ground-layer,0,220,96,8000,0,1695807
-39663042,-57324346,1368776,3,reed,branched-bur-reed,1,1000,144,2000,0,1695892
-39662205,-57324403,1368782,3,flower,arrowhead,1,800,120,2000,0,1695886
-39745638,-57323416,1402783,3,bush,salal,0,1200,561,72000,0,1614827
-39744553,-57323501,1402837,3,bush,salal,0,1200,450,72000,0,1614773
-39743998,-57323586,1402859,3,flower,herb-robert,0,350,477,72000,0,1614751
-39739342,-57323650,1401479,3,bush,salal,0,1200,757,66000,0,1616131
-39736928,-57323597,1400726,3,bush,salal,0,1200,845,66000,0,1616884
-39668710,-57323640,1368842,3,flower,primrose,0,240,95,8000,0,1695826
-39663235,-57323989,1368745,3,flower,flowering-rush,1,1200,139,2000,0,1695923
-39663066,-57323462,1368699,3,grass,timothy,0,900,122,2000,0,1695969
-39659310,-57323375,1368370,3,grass,willow-moss,1,350,392,0,0,1743356
-39761409,-57323111,1404848,3,bush,salal,0,1200,568,84000,0,1612762
-39745781,-57322685,1403198,3,grass,moss-cushion,0,220,524,72000,0,1614412
-39743506,-57322509,1403190,3,grass,woolly-fringe-moss,0,220,509,72000,0,1614420
-39740411,-57322502,1402392,3,bush,salal,0,1200,723,66000,0,1615218
-39738524,-57323034,1401399,3,bush,salal,0,1200,777,66000,0,1616211
-39685130,-57322805,1371172,3,bush,salal,0,1200,646,18000,0,1693496
-39678576,-57322641,1369371,3,grass,wood-horsetail,1,500,237,12000,0,1695297
-39672916,-57322743,1368810,3,flower,herb-robert,0,350,90,8000,0,1695858
-39672128,-57322880,1368813,3,grass,feather-moss,0,220,85,8000,0,1695855
-39670209,-57323146,1368819,3,flower,herb-robert,0,350,104,8000,0,1695849
-39664034,-57322726,1368642,3,grass,feather-moss,0,220,135,2000,0,1696026
-39663274,-57322693,1368635,3,grass,jungle-groundcover,0,800,117,2000,0,1696033
-39659038,-57322430,1368562,3,flower,cowslip,0,300,233,0,0,1743164
-39652357,-57322965,1353453,3,grass,male-fern,0,1200,193,0,0,1758273
-39788114,-57322164,1410427,3,bush,salal,0,1200,928,86000,0,1607183
-39749880,-57321900,1403453,3,bush,salal,0,1200,690,72000,0,1614157
-39681601,-57321664,1369959,3,flower,herb-robert,0,350,407,6000,0,1694709
-39681584,-57322162,1369843,3,grass,lady-fern,1,900,413,6000,0,1694825
-39680105,-57321768,1369611,3,grass,sword-fern,0,1200,313,6000,0,1695057
-39679335,-57322381,1369477,3,grass,ivy-ground-layer,0,220,243,6000,0,1695191
-39678154,-57321835,1369274,3,flower,herb-robert,0,350,284,6000,0,1695394
-39677023,-57322232,1369023,3,flower,impatiens,1,350,299,6000,0,1695645
-39676381,-57322292,1368887,3,flower,red-clover,0,400,226,6000,0,1695781
-39673775,-57321652,1368725,3,grass,moss-cushion,0,220,116,2000,0,1695943
-39668839,-57321840,1368646,3,flower,yellow-flag-iris,1,1000,115,2000,0,1696022
-39667051,-57322315,1368660,3,grass,willow-moss,1,350,125,0,0,1696008
-39662604,-57322082,1368568,3,flower,purple-loosestrife,1,1200,136,0,0,1696100
-39649505,-57321761,1354450,3,flower,harebell,0,350,395,0,0,1757276
-39791381,-57320960,1412272,3,bush,salal,0,1200,736,86000,0,1605338
-39764418,-57321094,1405689,3,bush,salal,0,1200,551,86000,0,1611921
-39745714,-57321353,1403774,3,grass,woolly-fringe-moss,0,220,489,72000,0,1613836
-39744223,-57321199,1403671,3,bush,salal,0,1200,506,72000,0,1613939
-39740231,-57321224,1402920,3,bush,salal,0,1200,735,64000,0,1614690
-39692408,-57321240,1375972,3,bush,salal,0,1200,808,20000,0,1641638
-39682896,-57320855,1370435,3,bush,salal,0,1200,456,14000,0,1694233
-39680650,-57321591,1369712,3,flower,oxeye-daisy,0,700,361,6000,0,1694956
-39677298,-57321012,1368940,3,grass,wood-sedge,0,500,296,6000,0,1695728
-39671298,-57321566,1368651,3,grass,sword-fern,0,1200,152,2000,0,1696017
-39668350,-57321107,1368555,3,flower,yarrow,0,600,116,2000,0,1696113
-39667748,-57320866,1368519,3,flower,herb-robert,0,350,130,2000,0,1696149
-39664790,-57321485,1368514,3,flower,herb-robert,0,350,146,0,0,1696154
-39663423,-57321424,1368493,3,grass,willow-moss,1,350,139,0,0,1696175
-39762832,-57320289,1406131,3,bush,salal,0,1200,506,86000,0,1611479
-39760649,-57320481,1406039,3,bush,salal,0,1200,552,86000,0,1611571
-39748916,-57320555,1404150,3,bush,salal,0,1200,643,72000,0,1613460
-39737985,-57320010,1402799,3,bush,salal,0,1200,830,64000,0,1614811
-39736792,-57320233,1402274,3,bush,salal,0,1200,867,64000,0,1615336
-39684548,-57320697,1371226,3,grass,meadow-grass,0,450,578,14000,0,1693442
-39683339,-57320735,1370672,3,grass,feather-moss,0,220,514,14000,0,1693996
-39675737,-57320386,1368678,3,flower,large-trillium,0,350,156,6000,0,1695990
-39675078,-57320290,1368603,3,grass,sword-fern,0,1200,199,6000,0,1696065
-39673090,-57320544,1368578,3,reed,branched-bur-reed,1,1000,150,2000,0,1696090
-39669705,-57320135,1368432,3,grass,lesser-pond-sedge,1,1000,108,2000,0,1696236
-39666807,-57320631,1368489,3,grass,lady-fern,1,900,152,0,0,1696179
-39666362,-57320025,1368416,3,grass,hair-cap-moss,1,240,153,0,0,1696252
-39747528,-57319825,1404617,3,bush,salal,0,1200,603,72000,0,1612993
-39747127,-57319771,1404644,3,bush,salal,0,1200,595,72000,0,1612966
-39736115,-57319773,1402388,3,bush,salal,0,1200,884,64000,0,1615222
-39698424,-57319934,1380111,3,bush,salal,0,1200,673,28000,0,1637499
-39671586,-57319905,1368439,3,grass,bilberry-mat,0,400,140,2000,0,1696229
-39668478,-57319497,1368360,3,flower,flowering-rush,1,1200,116,2000,0,1696308
-39664779,-57319317,1368304,3,grass,wood-horsetail,1,500,116,0,0,1696364
-39659883,-57319786,1368244,3,flower,marsh-cinquefoil,1,400,146,0,0,1743482
-39658458,-57319284,1368173,3,flower,pickerelweed,1,800,64,0,0,1743553
-39657726,-57319556,1368208,3,flower,purple-loosestrife,1,1200,173,0,0,1743518
-39765107,-57318733,1406788,3,bush,salal,0,1200,580,94000,0,1610822
-39762306,-57318588,1407003,3,bush,salal,0,1200,531,86000,0,1610607
-39745793,-57318892,1405018,3,bush,salal,0,1200,593,72000,0,1612592
-39679023,-57318876,1369367,3,flower,oxeye-daisy,0,700,296,6000,0,1695301
-39674692,-57319189,1368430,3,flower,red-campion,0,700,187,2000,0,1696238
-39674141,-57318644,1368357,3,grass,ivy-ground-layer,0,220,105,2000,0,1696311
-39673260,-57318984,1368364,3,flower,primrose,0,240,129,2000,0,1696304
-39672134,-57318986,1368348,3,flower,marsh-cinquefoil,1,400,140,2000,0,1696320
-39670299,-57318432,1368260,3,grass,hair-cap-moss,1,240,104,2000,0,1696408
-39667682,-57318918,1368314,3,flower,yellow-flag-iris,1,1000,128,2000,0,1696354
-39666695,-57319049,1368314,3,grass,hair-cap-moss,1,240,139,0,0,1696354
-39664034,-57318765,1368225,3,bush,salal,0,1200,106,0,0,1696443
-39644405,-57318621,1353976,3,bush,salal,0,1200,921,0,0,1757750
-39776952,-57317745,1407420,3,bush,salal,0,1200,968,96000,0,1610190
-39766215,-57318132,1407070,3,bush,salal,0,1200,644,94000,0,1610540
-39765367,-57317962,1407190,3,bush,salal,0,1200,606,94000,0,1610420
-39762327,-57318359,1407129,3,grass,moss-cushion,0,220,532,86000,0,1610481
-39747785,-57318127,1405588,3,bush,salal,0,1200,700,72000,0,1612022
-39742560,-57318029,1404810,3,bush,salal,0,1200,700,72000,0,1612800
-39688247,-57318122,1373911,3,bush,salal,0,1200,810,14000,0,1690757
-39683525,-57318248,1371023,3,grass,meadow-grass,0,450,476,14000,0,1693645
-39679662,-57317724,1369643,3,grass,male-fern,0,1200,349,6000,0,1695025
-39678838,-57317688,1369439,3,grass,moss-cushion,0,220,364,6000,0,1695229
-39676707,-57317751,1368871,3,grass,hair-cap-moss,1,240,332,6000,0,1695797
-39675316,-57317688,1368560,3,grass,cocksfoot,0,1000,235,6000,0,1696108
-39673849,-57317702,1368304,3,flower,flowering-rush,1,1200,145,2000,0,1696364
-39668791,-57318087,1368214,3,grass,lady-fern,1,900,108,2000,0,1696454
-39665940,-57318192,1368205,3,grass,meadow-grass,0,450,111,0,0,1696463
-39660710,-57317851,1368069,3,grass,spiked-water-milfoil,1,1000,94,0,0,1696599
-39659406,-57318031,1368084,3,grass,watercress,1,300,93,0,0,1743642
-39656831,-57317960,1367982,3,grass,ivy-ground-layer,0,220,142,0,0,1743744
-39767133,-57317102,1407543,3,bush,salal,0,1200,699,94000,0,1610067
-39760260,-57317480,1407666,3,bush,salal,0,1200,587,86000,0,1609944
-39698864,-57316943,1380866,3,bush,salal,0,1200,686,28000,0,1636744
-39690497,-57317204,1375372,3,bush,salal,0,1200,722,20000,0,1642238
-39683496,-57317366,1371082,3,bush,salal,0,1200,467,14000,0,1693586
-39680912,-57317476,1370142,3,flower,herb-robert,0,350,393,6000,0,1694526
-39678693,-57317008,1369469,3,grass,lady-fern,1,900,289,6000,0,1695199
-39674460,-57316880,1368393,3,grass,wood-sedge,0,500,227,2000,0,1696275
-39672298,-57317060,1368143,3,grass,brook-moss-cushion,1,220,90,2000,0,1696525
-39662422,-57317312,1368052,3,grass,common-stonewort,1,350,92,0,0,1696616
-39660650,-57317282,1368025,3,grass,moss-cushion,0,220,84,0,0,1696643
-39790124,-57316358,1414410,3,bush,salal,0,1200,769,86000,0,1603200
-39762662,-57316337,1408187,3,bush,salal,0,1200,568,86000,0,1609423
-39746005,-57316343,1406400,3,bush,salal,0,1200,776,72000,0,1611210
-39745334,-57316288,1406396,3,bush,salal,0,1200,771,72000,0,1611214
-39743105,-57316330,1405779,3,bush,salal,0,1200,758,72000,0,1611831
-39742055,-57316478,1405585,3,bush,salal,0,1200,753,64000,0,1612025
-39741550,-57316613,1405378,3,bush,salal,0,1200,739,64000,0,1612232
-39732347,-57316382,1402371,3,bush,salal,0,1200,947,56000,0,1615239
-39700580,-57316597,1381701,3,bush,salal,0,1200,666,28000,0,1635909
-39681090,-57316216,1370264,3,grass,meadow-grass,0,450,426,6000,0,1694404
-39674583,-57316348,1368394,3,grass,feather-moss,0,220,237,2000,0,1696274
-39672381,-57316258,1368099,3,flower,marsh-cinquefoil,1,400,84,2000,0,1696569
-39669983,-57316028,1368022,3,grass,timothy,0,900,132,2000,0,1696646
-39667768,-57316572,1368068,3,grass,wood-sedge,0,500,105,2000,0,1696600
-39663346,-57316396,1367980,3,grass,hair-cap-moss,1,240,75,0,0,1696688
-39662059,-57316418,1367985,3,grass,watercress,1,300,70,0,0,1696683
-39659599,-57316333,1367945,3,grass,timothy,0,900,94,0,9,1743781
-39659006,-57316240,1367922,3,grass,timothy,0,900,98,0,32,1743804
-39655876,-57316429,1367900,3,flower,meadow-daisy,0,420,111,0,0,1743826
-39652718,-57316557,1368001,3,flower,water-mint,1,500,164,0,0,1743725
-39788847,-57315347,1414563,3,bush,salal,0,1200,841,86000,0,1603047
-39772426,-57315559,1408063,3,bush,salal,0,1200,734,94000,0,1609547
-39768726,-57315541,1408336,3,bush,salal,0,1200,740,94000,0,1609274
-39766970,-57315629,1408356,3,bush,salal,0,1200,690,94000,0,1609254
-39762258,-57315278,1408869,3,bush,salal,0,1200,598,86000,0,1608741
-39749329,-57315806,1407315,3,bush,salal,0,1200,836,72000,0,1610295
-39745472,-57315228,1407044,3,bush,salal,0,1200,853,72000,0,1610566
-39701580,-57315414,1382207,3,bush,salal,0,1200,672,28000,0,1635403
-39683935,-57315226,1371315,3,grass,meadow-grass,0,450,541,14000,0,1693353
-39680454,-57315404,1370097,3,grass,moss-cushion,0,220,379,6000,0,1694571
-39678309,-57315547,1369220,3,grass,woolly-fringe-moss,0,220,440,6000,0,1695448
-39672152,-57315917,1368079,3,grass,lesser-pond-sedge,1,1000,106,2000,0,1696589
-39655241,-57315383,1367812,3,flower,red-campion,0,700,44,0,0,1743914
-39769723,-57314740,1408854,3,bush,salal,0,1200,772,92000,0,1608756
-39746492,-57314774,1407493,3,bush,salal,0,1200,830,70000,0,1610117
-39727277,-57314845,1400072,3,bush,salal,0,1200,833,48000,0,1617538
-39698993,-57314934,1381251,3,bush,salal,0,1200,643,26000,0,1636359
-39697310,-57314575,1380324,3,flower,herb-robert,0,350,591,18000,0,1637286
-39696504,-57314511,1379899,3,bush,salal,0,1200,576,18000,0,1637711
-39688883,-57314587,1374321,3,bush,salal,0,1200,673,10000,0,1690347
-39684059,-57315190,1371347,3,grass,moss-cushion,0,220,553,14000,0,1693321
-39683993,-57314431,1371293,3,flower,herb-robert,0,350,523,10000,0,1693375
-39682374,-57315050,1370749,3,grass,meadow-grass,0,450,394,6000,0,1693919
-39677870,-57314949,1369092,3,grass,meadow-grass,0,450,277,4000,0,1695576
-39675214,-57314770,1368380,3,grass,cocksfoot,0,1000,233,4000,0,1696288
-39667737,-57315116,1367943,3,grass,hair-cap-moss,1,240,88,2000,3,1696725
-39664636,-57314798,1367882,3,flower,fireweed,0,1200,67,0,14,1696786
-39661614,-57314415,1367845,3,grass,ivy-ground-layer,0,220,91,0,151,1696823
-39657720,-57314940,1367800,3,flower,water-mint,1,500,80,0,129,1743926
-39638120,-57314967,1353756,3,grass,brook-moss-cushion,1,220,489,0,0,1757970
-39772303,-57313697,1409351,3,bush,salal,0,1200,777,92000,0,1608259
-39768395,-57314222,1409281,3,bush,salal,0,1200,763,92000,0,1608329
-39767326,-57313876,1409625,3,bush,salal,0,1200,737,92000,0,1607985
-39739433,-57314358,1406275,3,bush,salal,0,1200,811,62000,0,1611335
-39727356,-57313893,1400450,3,bush,salal,0,1200,883,48000,0,1617160
-39699982,-57313759,1381671,3,grass,meadow-grass,0,450,564,26000,0,1635939
-39679379,-57313837,1369492,3,flower,herb-robert,0,350,406,4000,0,1695176
-39677164,-57314151,1368856,3,flower,birdsfoot-trefoil,0,250,359,4000,0,1695812
-39674767,-57314238,1368299,3,flower,water-plantain,1,800,125,0,0,1696369
-39668652,-57313774,1367831,3,grass,needle-spike-rush,1,220,76,0,0,1696837
-39663421,-57313975,1367831,3,flower,prairie-lupine,0,900,85,0,168,1696837
-39662596,-57313894,1367812,3,flower,water-plantain,1,800,98,0,187,1696856
-39655327,-57313879,1367743,3,flower,water-mint,1,500,71,0,196,1743983
-39654865,-57314161,1367765,3,reed,broadleaf-cattail,1,2200,60,0,174,1743961
-39770674,-57312827,1410118,3,bush,salal,0,1200,852,92000,0,1607492
-39736356,-57313595,1405174,3,bush,salal,0,1200,841,62000,0,1612436
-39735299,-57313331,1404909,3,bush,salal,0,1200,851,62000,0,1612701
-39687150,-57312897,1373203,3,bush,salal,0,1200,725,10000,0,1691465
-39686171,-57313293,1372555,3,bush,salal,0,1200,779,10000,0,1692113
-39683787,-57313205,1371250,3,grass,moss-cushion,0,220,464,10000,0,1693418
-39681922,-57313264,1370550,3,grass,meadow-grass,0,450,551,4000,0,1694118
-39676247,-57313071,1368516,3,grass,lady-fern,1,900,176,4000,0,1696152
-39673689,-57313397,1368137,3,grass,brook-moss-cushion,1,220,212,0,0,1696531
-39673468,-57313243,1368108,3,grass,brook-moss-cushion,1,220,198,0,0,1696560
-39670877,-57312996,1367971,3,reed,broadleaf-cattail,1,2200,113,0,0,1696697
-39661639,-57312932,1367739,3,grass,wood-sedge,0,500,99,0,131,1696929
-39655325,-57312944,1367688,3,flower,yellow-flag-iris,1,1000,62,0,164,1744038
-39651340,-57313444,1367745,3,flower,impatiens,1,350,160,0,185,1743981
-39651123,-57313161,1367704,3,flower,red-clover,0,400,141,0,226,1744022
-39646696,-57313318,1367658,3,grass,woolly-fringe-moss,0,220,549,0,225,1744068
-39774048,-57312291,1410043,3,bush,salal,0,1200,675,100000,0,1607567
-39773343,-57312339,1410106,3,bush,salal,0,1200,754,100000,0,1607504
-39772650,-57312348,1410267,3,bush,salal,0,1200,803,100000,0,1607343
-39755308,-57312697,1410388,3,bush,salal,0,1200,752,78000,0,1607222
-39753078,-57312435,1410102,3,bush,salal,0,1200,833,78000,0,1607508
-39684821,-57312674,1371846,3,bush,salal,0,1200,637,10000,0,1692822
-39680791,-57312730,1369922,3,grass,meadow-grass,0,450,551,4000,0,1694746
-39676023,-57312656,1368476,3,flower,common-knapweed,0,800,147,4000,0,1696192
-39673304,-57312108,1368136,3,flower,water-mint,1,500,113,0,0,1696532
-39670978,-57312691,1367965,3,grass,sword-fern,0,1200,130,0,0,1696703
-39667927,-57312197,1367755,3,reed,water-horsetail,1,900,93,0,183,1696913
-39660731,-57312774,1367711,3,grass,canadian-waterweed,1,400,83,0,159,1696957
-39658713,-57312234,1367657,3,flower,oxeye-daisy,0,700,56,0,206,1744069
-39656623,-57312395,1367655,3,grass,canadian-waterweed,1,400,53,0,197,1744071
-39647591,-57312374,1367824,3,flower,water-plantain,1,800,54,0,36,1743902
-39646119,-57312583,1367566,3,bush,salal,0,1200,534,0,276,1744160
-39636550,-57312172,1353372,3,bush,salal,0,1200,448,0,0,1758354
-39789572,-57311473,1416459,3,bush,salal,0,1200,876,90000,0,1601151
-39774394,-57311887,1410217,3,bush,salal,0,1200,644,100000,0,1607393
-39768661,-57311441,1411249,3,bush,salal,0,1200,772,92000,0,1606361
-39754163,-57311745,1410846,3,bush,salal,0,1200,755,78000,0,1606764
-39737163,-57311394,1406430,3,bush,salal,0,1200,850,62000,0,1611180
-39702132,-57311971,1382409,3,bush,salal,0,1200,849,26000,0,1635201
-39689553,-57311519,1374619,3,bush,salal,0,1200,730,10000,0,1690049
-39680707,-57311562,1369773,3,grass,feather-moss,0,220,477,4000,0,1694895
-39672130,-57311538,1368011,3,grass,wood-sedge,0,500,125,0,0,1696657
-39663285,-57311998,1367730,3,grass,sedge-tussock,1,600,89,0,195,1696938
-39659678,-57312000,1367652,3,reed,soft-rush,1,900,52,0,211,1744074
-39652012,-57311390,1367603,3,flower,water-mint,1,500,70,0,256,1744123
-39788926,-57310652,1416667,3,bush,salal,0,1200,912,90000,0,1600943
-39775442,-57310403,1411044,3,bush,salal,0,1200,679,100000,0,1606566
-39771670,-57310743,1411526,3,bush,salal,0,1200,888,92000,0,1606084
-39769501,-57311159,1411499,3,bush,salal,0,1200,834,92000,0,1606111
-39763518,-57310498,1412153,3,bush,salal,0,1200,648,86000,0,1605457
-39688041,-57311179,1373690,3,bush,salal,0,1200,692,10000,0,1690978
-39684469,-57311055,1371558,3,bush,salal,0,1200,696,10000,0,1693110
-39681899,-57310797,1370050,3,grass,meadow-grass,0,450,537,4000,0,1694618
-39676187,-57310450,1368420,3,grass,meadow-grass,0,450,243,4000,0,1696248
-39671238,-57310719,1367883,3,flower,purple-loosestrife,1,1200,74,0,129,1696785
-39671077,-57310996,1367871,3,flower,meadow-daisy,0,420,37,0,150,1696797
-39669182,-57310571,1367795,3,grass,lesser-pond-sedge,1,1000,125,0,207,1696873
-39668557,-57310796,1367747,3,grass,hair-cap-moss,1,240,109,0,255,1696921
-39667362,-57310641,1367663,3,flower,water-mint,1,500,29,0,225,1697005
-39666613,-57310830,1367662,3,grass,water-chestnut,1,250,53,0,226,1697006
-39661835,-57310971,1367642,3,grass,meadow-grass,0,450,70,0,229,1697026
-39658319,-57310875,1367591,3,reed,bulrush,1,1400,49,0,212,1744135
-39657527,-57310862,1367581,3,grass,canadian-waterweed,1,400,53,0,211,1744145
-39652054,-57310969,1367580,3,grass,jungle-groundcover,0,800,61,0,215,1744146
-39650568,-57310627,1367556,3,grass,canadian-waterweed,1,400,51,0,208,1744170
-39647033,-57311013,1367582,3,grass,feather-moss,0,220,158,0,192,1744144
-39771260,-57309725,1412298,3,bush,salal,0,1200,902,92000,0,1605312
-39768790,-57310379,1412075,3,bush,salal,0,1200,752,92000,0,1605535
-39728380,-57310131,1402391,3,bush,salal,0,1200,966,56000,0,1615219
-39702351,-57310092,1382484,3,bush,salal,0,1200,827,26000,0,1635126
-39682840,-57310147,1370475,3,bush,salal,0,1200,611,10000,0,1694193
-39679712,-57310319,1369146,3,flower,herb-robert,0,350,431,4000,0,1695522
-39678430,-57309708,1368788,3,grass,feather-moss,0,220,246,4000,0,1695880
-39670356,-57309733,1367823,3,grass,wood-horsetail,1,500,116,0,198,1696845
-39669395,-57309774,1367756,3,flower,yellow-flag-iris,1,1000,98,0,265,1696912
-39656229,-57309839,1367533,3,reed,common-cottongrass,1,500,38,0,259,1744193
-39646078,-57309896,1367546,3,grass,harts-tongue-fern,1,500,118,0,232,1744180
-39775941,-57309488,1411838,3,bush,salal,0,1200,686,100000,0,1605772
-39773546,-57309482,1412030,3,bush,salal,0,1200,829,100000,0,1605580
-39760101,-57309399,1412748,3,bush,salal,0,1200,606,86000,0,1604862
-39756129,-57309361,1412624,3,bush,salal,0,1200,685,78000,0,1604986
-39701577,-57309594,1381846,3,bush,salal,0,1200,778,26000,0,1635764
-39680554,-57309258,1369312,3,grass,woolly-fringe-moss,0,220,487,4000,0,1695356
-39675498,-57309526,1368309,3,flower,water-mint,1,500,105,4000,0,1696359
-39672453,-57309564,1367979,3,reed,water-horsetail,1,900,80,0,33,1696689
-39670885,-57309411,1367875,3,grass,curled-pondweed,1,600,105,0,146,1696793
-39669273,-57309591,1367743,3,grass,ivy-ground-layer,0,220,71,0,259,1696925
-39668515,-57309064,1367724,3,grass,willow-moss,1,350,13,0,195,1696944
-39660343,-57309480,1367583,3,grass,bilberry-mat,0,400,36,0,244,1697085
-39654509,-57308839,1367509,3,flower,harebell,0,350,19,0,207,1744217
-39651046,-57308904,1367493,3,grass,needle-spike-rush,1,220,49,0,220,1744233
-39774159,-57308277,1412814,3,bush,salal,0,1200,806,100000,0,1604796
-39767964,-57308171,1413742,3,bush,salal,0,1200,676,92000,0,1603868
-39750762,-57308769,1412680,3,bush,salal,0,1200,879,78000,0,1604930
-39697727,-57308253,1379280,3,bush,salal,0,1200,813,26000,0,1638330
-39680870,-57308007,1369357,3,grass,meadow-grass,0,450,411,4000,0,1695311
-39680378,-57308407,1369193,3,grass,understory-fern,0,900,359,4000,0,1695475
-39679500,-57308171,1368899,3,grass,meadow-grass,0,450,337,4000,0,1695769
-39677993,-57308731,1368640,3,grass,meadow-grass,0,450,313,4000,0,1696028
-39669873,-57308477,1367766,3,reed,branched-bur-reed,1,1000,94,0,0,1696902
-39669192,-57308449,1367735,3,grass,canadian-waterweed,1,400,57,0,184,1696933
-39665519,-57308066,1367597,3,reed,water-horsetail,1,900,17,0,211,1697071
-39658986,-57308341,1367508,3,grass,spiked-water-milfoil,1,1000,42,0,270,1744218
-39658031,-57308557,1367506,3,reed,common-cottongrass,1,500,25,0,228,1744220
-39656652,-57308156,1367499,3,grass,jungle-groundcover,0,800,13,0,235,1744227
-39654131,-57308283,1367502,3,flower,purple-loosestrife,1,1200,13,0,214,1744224
-39652843,-57308043,1367497,3,grass,needle-spike-rush,1,220,20,0,219,1744229
-39650507,-57308177,1367456,3,flower,water-forget-me-not,1,300,53,0,243,1744270
-39647965,-57308222,1367455,3,reed,reed-sweet-grass,1,1500,60,0,236,1744271
-39769930,-57307244,1414400,3,bush,salal,0,1200,769,92000,0,1603210
-39767769,-57307525,1414162,3,bush,salal,0,1200,659,92000,0,1603448
-39736551,-57307586,1407333,3,bush,salal,0,1200,837,62000,0,1610277
-39731598,-57307730,1404981,3,bush,salal,0,1200,889,56000,0,1612629
-39691733,-57307313,1375347,3,bush,salal,0,1200,729,18000,0,1642263
-39675032,-57307893,1368232,3,grass,harts-tongue-fern,1,500,168,4000,0,1696436
-39670712,-57307842,1367822,3,grass,lady-fern,1,900,62,0,0,1696846
-39669206,-57307451,1367759,3,grass,lesser-pond-sedge,1,1000,81,0,165,1696909
-39668425,-57307366,1367698,3,reed,sweet-flag,1,1000,112,0,226,1696970
-39666589,-57307975,1367613,3,grass,common-stonewort,1,350,54,0,283,1697055
-39664705,-57307959,1367600,3,reed,sweet-flag,1,1000,28,0,208,1697068
-39659457,-57307877,1367491,3,grass,meadow-grass,0,450,44,0,287,1744235
-39657403,-57307496,1367487,3,grass,watercress,1,300,21,0,193,1744239
-39655391,-57307383,1367488,3,flower,fringed-water-lily,1,250,21,0,205,1744238
-39652586,-57307789,1367490,3,grass,meadow-grass,0,450,26,0,226,1744236
-39651881,-57307216,1367466,3,reed,sweet-flag,1,1000,48,0,206,1744260
-39649509,-57307690,1367424,3,grass,spiked-water-milfoil,1,1000,36,0,275,1744302
-39648767,-57307544,1367420,3,flower,water-mint,1,500,34,0,279,1744306
-39647304,-57307997,1367444,3,grass,jungle-groundcover,0,800,58,0,247,1744282
-39645990,-57307367,1367430,3,flower,purple-loosestrife,1,1200,35,0,202,1744296
-39641173,-57307444,1367454,3,flower,purple-loosestrife,1,1200,128,0,177,1744272
-39640475,-57307600,1367404,3,grass,meadow-grass,0,450,246,0,270,1744322
-39692485,-57306757,1375779,3,bush,salal,0,1200,758,18000,0,1641831
-39680175,-57307019,1369072,3,flower,herb-robert,0,350,400,2000,0,1695596
-39678791,-57306708,1368630,3,grass,hair-cap-moss,1,240,209,2000,0,1696038
-39676808,-57306751,1368411,3,grass,meadow-grass,0,450,188,2000,0,1696257
-39676324,-57306768,1368357,3,grass,sword-fern,0,1200,204,2000,0,1696311
-39674468,-57306569,1368131,3,flower,herb-robert,0,350,90,0,0,1696537
-39667668,-57306532,1367655,3,flower,red-campion,0,700,66,0,269,1697013
-39665632,-57306618,1367634,3,grass,water-chestnut,1,250,41,0,227,1697034
-39665205,-57307049,1367620,3,flower,arrowhead,1,800,29,0,182,1697048
-39664327,-57307174,1367603,3,flower,water-forget-me-not,1,300,37,0,199,1697065
-39660622,-57306467,1367468,3,flower,water-mint,1,500,34,0,222,1697200
-39655664,-57306593,1367462,3,flower,herb-robert,0,350,39,0,231,1744264
-39646628,-57306801,1367411,3,grass,curled-pondweed,1,600,26,0,221,1744315
-39640625,-57306789,1367460,3,grass,blanket-weed,1,400,115,0,171,1744266
-39754688,-57305937,1414614,3,bush,salal,0,1200,658,78000,0,1602996
-39729567,-57305887,1404931,3,bush,salal,0,1200,958,56000,0,1612679
-39676924,-57305942,1368349,3,grass,male-fern,0,1200,216,2000,0,1696319
-39676174,-57306325,1368308,3,grass,brook-moss-cushion,1,220,193,2000,0,1696360
-39673292,-57305641,1368000,3,grass,feather-moss,0,220,161,0,72,1696668
-39672352,-57306332,1367943,3,grass,hair-cap-moss,1,240,158,0,18,1696725
-39669093,-57306238,1367715,3,flower,marsh-cinquefoil,1,400,96,0,209,1696953
-39668738,-57306063,1367696,3,reed,water-horsetail,1,900,64,0,228,1696972
-39664506,-57306219,1367592,3,flower,yellow-flag-iris,1,1000,82,0,210,1697076
-39663206,-57305981,1367517,3,flower,arrowhead,1,800,77,0,258,1697151
-39658023,-57306124,1367447,3,reed,wild-rice,1,2000,42,0,233,1744279
-39649596,-57306085,1367401,3,grass,wood-horsetail,1,500,5,0,226,1744325
-39648109,-57305799,1367400,3,grass,common-stonewort,1,350,0,0,219,1744326
-39638894,-57306343,1367416,3,flower,water-mint,1,500,183,0,215,1744310
-39758675,-57305088,1415280,3,bush,salal,0,1200,636,86000,0,1602330
-39756667,-57305023,1415443,3,bush,salal,0,1200,675,78000,0,1602167
-39755938,-57305425,1415055,3,bush,salal,0,1200,673,78000,0,1602555
-39679190,-57305122,1368660,3,grass,harts-tongue-fern,1,500,199,2000,0,1696008
-39676111,-57304856,1368216,3,flower,pickerelweed,1,800,62,2000,0,1696452
-39670185,-57305468,1367764,3,flower,red-campion,0,700,89,0,228,1696904
-39667739,-57305166,1367697,3,flower,marsh-cinquefoil,1,400,48,0,220,1696971
-39665396,-57305245,1367608,3,grass,lady-fern,1,900,86,0,189,1697060
-39663546,-57304958,1367512,3,grass,sphagnum-hummock,1,280,43,0,211,1697156
-39651739,-57304815,1367404,3,grass,water-starwort,1,250,12,0,209,1744322
-39649576,-57304860,1367399,3,grass,common-stonewort,1,350,3,0,203,1744327
-39645655,-57305379,1367403,3,flower,marsh-marigold,1,300,11,0,199,1744323
-39642522,-57304961,1367401,3,reed,reed-sweet-grass,1,1500,9,0,201,1744325
-39641901,-57304865,1367399,3,grass,hair-cap-moss,1,240,20,0,203,1744327
-39640230,-57305217,1367390,3,flower,purple-loosestrife,1,1200,69,0,212,1744336
-39639358,-57305465,1367396,3,flower,river-water-crowfoot,1,1400,91,0,206,1744330
-39636813,-57304974,1367515,3,grass,needle-spike-rush,1,220,84,0,82,1744211
-39636347,-57304852,1367522,3,bush,salal,0,1200,72,0,75,1744204
-39778170,-57304512,1415500,3,bush,salal,0,1200,910,100000,0,1602110
-39766247,-57304687,1415636,3,bush,salal,0,1200,666,92000,0,1601974
-39732275,-57304394,1406862,3,bush,salal,0,1200,853,56000,0,1610748
-39701606,-57304153,1381019,3,bush,salal,0,1200,776,26000,0,1636591
-39701411,-57304360,1380904,3,bush,salal,0,1200,771,26000,0,1636706
-39684391,-57304225,1369790,3,bush,salal,0,1200,498,10000,0,1694878
-39680524,-57304347,1368867,3,grass,wood-horsetail,1,500,210,2000,0,1695801
-39679851,-57304624,1368718,3,grass,bilberry-mat,0,400,208,2000,0,1695950
-39677294,-57304600,1368296,3,flower,marsh-marigold,1,300,133,2000,0,1696372
-39672063,-57304107,1367900,3,flower,red-clover,0,400,96,0,141,1696768
-39665747,-57304539,1367606,3,grass,needle-spike-rush,1,220,89,0,264,1697062
-39661016,-57304379,1367519,3,flower,river-water-crowfoot,1,1400,34,0,173,1697149
-39658156,-57304028,1367424,3,grass,rigid-hornwort,1,600,56,0,277,1744302
-39649607,-57304553,1367398,3,grass,common-stonewort,1,350,5,0,204,1744328
-39648143,-57304048,1367392,3,grass,lady-fern,1,900,14,0,208,1744334
-39644993,-57304609,1367398,3,grass,watercress,1,300,11,0,213,1744328
-39641026,-57304714,1367388,3,reed,water-horsetail,1,900,48,0,214,1744338
-39640672,-57304749,1367380,3,flower,purple-loosestrife,1,1200,58,0,222,1744346
-39637110,-57304337,1367440,3,flower,red-campion,0,700,176,0,157,1744286
-39636178,-57304578,1367493,3,grass,wood-sedge,0,500,154,0,104,1744233
-39630981,-57304477,1367312,3,grass,meadow-grass,0,450,536,0,237,1744414
-39763156,-57303547,1415619,3,flower,herb-robert,0,350,556,86000,0,1601991
-39756411,-57303238,1416734,3,bush,salal,0,1200,612,78000,0,1600876
-39753171,-57303209,1416054,3,bush,salal,0,1200,647,78000,0,1601556
-39729186,-57303442,1406157,3,bush,salal,0,1200,929,56000,0,1611453
-39704201,-57303684,1382607,3,bush,salal,0,1200,820,26000,0,1635003
-39702337,-57303574,1381353,3,bush,salal,0,1200,794,26000,0,1636257
-39677275,-57303683,1368299,3,grass,bilberry-mat,0,400,97,2000,0,1696369
-39676052,-57303799,1368187,3,reed,soft-rush,1,900,121,2000,0,1696481
-39675873,-57303752,1368169,3,grass,hair-cap-moss,1,240,125,2000,0,1696499
-39673371,-57303631,1368017,3,grass,common-stonewort,1,350,84,0,50,1696651
-39672709,-57303540,1367975,3,reed,branched-bur-reed,1,1000,110,0,0,1696693
-39670305,-57303339,1367795,3,grass,curled-pondweed,1,600,48,0,162,1696873
-39662021,-57303901,1367540,3,grass,feather-moss,0,220,24,0,183,1697128
-39661539,-57303876,1367526,3,reed,wild-rice,1,2000,44,0,166,1697142
-39658060,-57303896,1367415,3,reed,reed-sweet-grass,1,1500,61,0,229,1744311
-39654165,-57303916,1367393,3,grass,jungle-groundcover,0,800,15,0,220,1744333
-39648363,-57303975,1367391,3,flower,herb-robert,0,350,16,0,209,1744335
-39646813,-57303974,1367389,3,grass,wood-sedge,0,500,19,0,211,1744337
-39641110,-57303822,1367356,3,flower,yellow-flag-iris,1,1000,56,0,246,1744370
-39639283,-57303462,1367345,3,grass,water-starwort,1,250,20,0,224,1744381
-39638694,-57303213,1367341,3,flower,yellow-flag-iris,1,1000,28,0,228,1744385
-39635564,-57303959,1367399,3,reed,branched-bur-reed,1,1000,142,0,196,1744327
-39633492,-57303710,1367340,3,grass,wood-horsetail,1,500,284,0,234,1744386
-39766594,-57302699,1416603,3,bush,salal,0,1200,662,92000,0,1601007
-39764440,-57302878,1416116,3,bush,salal,0,1200,593,86000,0,1601494
-39694039,-57302584,1375528,3,bush,salal,0,1200,719,18000,0,1642082
-39692626,-57302876,1374853,3,bush,salal,0,1200,784,18000,0,1642757
-39670955,-57302485,1367842,3,flower,fringed-water-lily,1,250,68,0,115,1696826
-39668741,-57303143,1367781,3,grass,water-soldier,1,400,52,0,146,1696887
-39659369,-57302614,1367423,3,grass,feather-moss,0,220,50,0,243,1744303
-39657641,-57303124,1367382,3,grass,canadian-waterweed,1,400,45,0,238,1744344
-39657047,-57302923,1367370,3,flower,bogbean,1,300,10,0,250,1744356
-39654132,-57303143,1367387,3,flower,pickerelweed,1,800,10,0,198,1744339
-39651307,-57302431,1367350,3,flower,water-mint,1,500,33,0,236,1744376
-39650926,-57302618,1367355,3,grass,water-starwort,1,250,35,0,231,1744371
-39647482,-57302916,1367360,3,flower,arrowhead,1,800,38,0,233,1744366
-39643488,-57302502,1367338,3,flower,pickerelweed,1,800,41,0,265,1744388
-39633071,-57303109,1367438,3,grass,common-stonewort,1,350,77,0,135,1744288
-39790004,-57301768,1422322,3,bush,salal,0,1200,896,96000,0,1595288
-39762634,-57302094,1416451,3,flower,herb-robert,0,350,539,86000,0,1601159
-39761915,-57302002,1416537,3,flower,herb-robert,0,350,568,86000,0,1601073
-39755157,-57302222,1417088,3,bush,salal,0,1200,582,78000,0,1600522
-39751829,-57302140,1415992,3,bush,salal,0,1200,656,78000,0,1601618
-39746102,-57302054,1414006,3,bush,salal,0,1200,717,70000,0,1603604
-39728277,-57302373,1406162,3,bush,salal,0,1200,920,56000,0,1611448
-39700250,-57302299,1380057,3,bush,salal,0,1200,915,26000,0,1637553
-39685681,-57302330,1369810,3,bush,salal,0,1200,564,10000,0,1694858
-39684542,-57302081,1369468,3,grass,meadow-grass,0,450,384,10000,0,1695200
-39683162,-57302060,1369240,3,flower,primrose,0,240,284,10000,0,1695428
-39679637,-57302204,1368561,3,reed,soft-rush,1,900,138,2000,0,1696107
-39679168,-57302189,1368492,3,grass,lady-fern,1,900,137,2000,0,1696176
-39675336,-57301611,1368146,3,grass,male-fern,0,1200,53,2000,0,1696522
-39673030,-57301621,1367950,3,grass,sword-fern,0,1200,109,0,104,1696718
-39672555,-57302144,1367927,3,flower,arrowhead,1,800,107,0,48,1696741
-39670582,-57301692,1367875,3,grass,curled-pondweed,1,600,53,0,145,1696793
-39666750,-57301643,1367628,3,flower,river-water-crowfoot,1,1400,45,0,247,1697040
-39663494,-57302388,1367554,3,grass,water-starwort,1,250,57,0,196,1697114
-39661454,-57302040,1367474,3,grass,sphagnum-hummock,1,280,33,0,241,1697194
-39657109,-57302246,1367370,3,grass,lesser-pond-sedge,1,1000,9,0,250,1744356
-39656599,-57301671,1367378,3,grass,water-starwort,1,250,14,0,197,1744348
-39651192,-57302311,1367346,3,grass,lesser-pond-sedge,1,1000,31,0,240,1744380
-39648228,-57301724,1367317,3,reed,sweet-flag,1,1000,26,0,232,1744409
-39641764,-57301889,1367309,3,grass,rigid-hornwort,1,600,19,0,285,1744417
-39641309,-57301988,1367308,3,grass,common-stonewort,1,350,17,0,286,1744418
-39756917,-57300816,1417796,3,grass,moss-cushion,0,220,476,78000,0,1599814
-39751709,-57300928,1416445,3,bush,salal,0,1200,583,78000,0,1601165
-39751152,-57300818,1416270,3,bush,salal,0,1200,598,78000,0,1601340
-39703596,-57301589,1381622,3,bush,salal,0,1200,810,26000,0,1635988
-39701058,-57301193,1380121,3,bush,salal,0,1200,901,26000,0,1637489
-39694045,-57300916,1375215,3,bush,salal,0,1200,828,18000,0,1642395
-39692637,-57301319,1374623,3,bush,salal,0,1200,915,18000,0,1642987
-39682647,-57300853,1369063,3,grass,feather-moss,0,220,318,10000,0,1695605
-39681279,-57301439,1368796,3,grass,lady-fern,1,900,260,2000,0,1695872
-39678478,-57301346,1368401,3,flower,herb-robert,0,350,174,2000,0,1696267
-39676307,-57300867,1368189,3,flower,purple-loosestrife,1,1200,78,2000,0,1696479
-39672968,-57300899,1367945,3,reed,branched-bur-reed,1,1000,84,0,109,1696723
-39669997,-57300847,1367858,3,grass,lady-fern,1,900,89,0,162,1696810
-39669440,-57301561,1367837,3,flower,water-mint,1,500,64,0,183,1696831
-39668386,-57301079,1367741,3,grass,willow-moss,1,350,91,0,191,1696927
-39654487,-57301214,1367370,3,reed,reed-sweet-grass,1,1500,30,0,197,1744356
-39652518,-57301160,1367341,3,grass,wood-sedge,0,500,17,0,223,1744385
-39649649,-57300976,1367330,3,grass,jungle-groundcover,0,800,31,0,230,1744396
-39647710,-57301237,1367305,3,flower,river-water-crowfoot,1,1400,13,0,244,1744421
-39640363,-57301023,1367302,3,grass,needle-spike-rush,1,220,6,0,243,1744424
-39639995,-57300808,1367301,3,reed,bulrush,1,1400,4,0,244,1744425
-39634783,-57301568,1367322,3,flower,water-mint,1,500,41,0,241,1744404
-39631946,-57301074,1367274,3,reed,bulrush,1,1400,36,0,253,1744452
-39629758,-57301116,1367401,3,flower,water-mint,1,500,42,0,135,1744325
-39762192,-57300247,1417654,3,flower,herb-robert,0,350,589,86000,0,1599956
-39756933,-57300075,1418041,3,grass,moss-cushion,0,220,457,78000,0,1599569
-39753182,-57300140,1417103,3,flower,herb-robert,0,350,568,78000,0,1600507
-39749463,-57300005,1415912,3,bush,salal,0,1200,607,70000,0,1601698
-39748753,-57300553,1415557,3,bush,salal,0,1200,630,70000,0,1602053
-39747947,-57300317,1415293,3,bush,salal,0,1200,626,70000,0,1602317
-39744654,-57300565,1413500,3,bush,salal,0,1200,681,70000,0,1604110
-39743340,-57300120,1412989,3,bush,salal,0,1200,653,70000,0,1604621
-39676760,-57300785,1368216,3,grass,lady-fern,1,900,107,2000,0,1696452
-39665908,-57300439,1367649,3,reed,common-cottongrass,1,500,52,0,226,1697019
-39664668,-57300264,1367573,3,reed,branched-bur-reed,1,1000,85,0,219,1697095
-39661310,-57300778,1367478,3,reed,bulrush,1,1400,41,0,205,1697190
-39657656,-57300212,1367380,3,grass,lady-fern,1,900,14,0,195,1744346
-39657324,-57300138,1367380,3,reed,soft-rush,1,900,9,0,195,1744346
-39656335,-57300565,1367380,3,grass,feather-moss,0,220,5,0,195,1744346
-39655432,-57300340,1367371,3,grass,moss-cushion,0,220,30,0,196,1744355
-39652840,-57300189,1367355,3,grass,bilberry-mat,0,400,20,0,209,1744371
-39650101,-57300230,1367354,3,grass,rigid-hornwort,1,600,29,0,206,1744372
-39648281,-57300668,1367306,3,grass,needle-spike-rush,1,220,12,0,243,1744420
-39642197,-57300065,1367300,3,flower,water-forget-me-not,1,300,0,0,253,1744426
-39634528,-57300084,1367301,3,grass,wood-horsetail,1,500,11,0,262,1744425
-39632923,-57300117,1367292,3,flower,water-mint,1,500,53,0,235,1744434
-39623769,-57300062,1367331,3,grass,willow-moss,1,350,204,0,237,1744395
-39789880,-57299567,1423577,3,bush,salal,0,1200,878,102000,0,1546975
-39759270,-57299953,1418242,3,flower,herb-robert,0,350,464,86000,0,1552310
-39758222,-57299204,1418454,3,grass,moss-cushion,0,220,461,86000,0,1552098
-39756324,-57299364,1418212,3,bush,salal,0,1200,453,78000,0,1552340
-39753933,-57299669,1417517,3,bush,salal,0,1200,580,78000,0,1553035
-39685506,-57299640,1369613,3,flower,herb-robert,0,350,332,10000,0,1695055
-39683526,-57299515,1369181,3,flower,herb-robert,0,350,336,10000,0,1695487
-39681003,-57299320,1368747,3,flower,purple-loosestrife,1,1200,110,4000,0,1695921
-39678184,-57299964,1368349,3,grass,sphagnum-hummock,1,280,79,4000,0,1696319
-39663677,-57299550,1367507,3,flower,herb-robert,0,350,35,0,201,1697161
-39655332,-57299214,1367357,3,grass,lesser-pond-sedge,1,1000,22,0,197,1697311
-39653257,-57299904,1367354,3,grass,watercress,1,300,15,0,205,1697314
-39639974,-57299862,1367300,3,grass,brook-moss-cushion,1,220,0,0,250,1697368
-39639010,-57299260,1367300,3,flower,marsh-cinquefoil,1,400,0,0,240,1697368
-39636878,-57299265,1367300,3,grass,sword-fern,0,1200,1,0,242,1697368
-39633957,-57299209,1367302,3,flower,water-mint,1,500,9,0,236,1697366
-39632947,-57299626,1367310,3,flower,bogbean,1,300,37,0,216,1697358
-39632220,-57299955,1367312,3,flower,river-water-crowfoot,1,1400,51,0,214,1697356
-39629616,-57299370,1367253,3,grass,water-starwort,1,250,68,0,283,1697415
-39626027,-57299588,1367377,3,grass,meadow-grass,0,450,186,0,154,1697291
-39624802,-57299626,1367446,3,grass,brook-moss-cushion,1,220,210,0,85,1697222
-39761169,-57298471,1418869,3,bush,salal,0,1200,538,86000,0,1551683
-39755604,-57298490,1418285,3,grass,feather-moss,0,220,466,78000,0,1552267
-39753292,-57298590,1417596,3,grass,woolly-fringe-moss,0,220,561,78000,0,1552956
-39751291,-57299178,1416701,3,bush,salal,0,1200,548,78000,0,1553851
-39751100,-57298634,1416722,3,bush,salal,0,1200,545,78000,0,1553830
-39749788,-57299144,1416174,3,bush,salal,0,1200,565,70000,0,1601436
-39742477,-57298792,1412876,3,bush,salal,0,1200,635,62000,0,1604734
-39705432,-57299087,1382785,3,bush,salal,0,1200,840,32000,0,1634825
-39703616,-57298548,1381415,3,bush,salal,0,1200,836,26000,0,1636195
-39703020,-57298506,1380893,3,bush,salal,0,1200,872,26000,0,1636717
-39675107,-57299146,1368142,3,flower,oxeye-daisy,0,700,111,4000,0,1696526
-39673515,-57299085,1368043,3,grass,quillwort,1,220,89,0,19,1696625
-39672465,-57298420,1368011,3,flower,purple-loosestrife,1,1200,85,0,0,1696657
-39669800,-57298803,1367818,3,grass,water-chestnut,1,250,48,0,0,1696850
-39668924,-57299099,1367785,3,grass,sword-fern,0,1200,53,0,130,1696883
-39666905,-57298814,1367716,3,grass,harts-tongue-fern,1,500,62,0,154,1696952
-39661840,-57299111,1367487,3,grass,sword-fern,0,1200,40,0,221,1697181
-39656588,-57298956,1367368,3,grass,jungle-groundcover,0,800,31,0,213,1697300
-39652056,-57298718,1367379,3,grass,feather-moss,0,220,8,0,212,1697289
-39651987,-57299089,1367379,3,grass,wood-sedge,0,500,4,0,212,1697289
-39649084,-57298818,1367311,3,grass,water-soldier,1,400,27,0,267,1697357
-39644693,-57298788,1367300,3,grass,curled-pondweed,1,600,0,0,250,1697368
-39643901,-57298737,1367300,3,grass,water-chestnut,1,250,0,0,250,1697368
-39642293,-57299036,1367300,3,grass,wood-horsetail,1,500,0,0,250,1697368
-39639207,-57299122,1367300,3,reed,wild-rice,1,2000,0,0,240,1697368
-39635893,-57298596,1367300,3,grass,water-starwort,1,250,0,0,242,1697368
-39634772,-57298601,1367300,3,flower,water-plantain,1,800,0,0,238,1697368
-39633468,-57298475,1367306,3,grass,willow-moss,1,350,15,0,220,1697362
-39624069,-57298950,1367355,3,grass,willow-moss,1,350,296,0,187,1697313
-39776471,-57298207,1419441,3,bush,salal,0,1200,769,100000,0,1551111
-39759418,-57297669,1419047,3,bush,salal,0,1200,416,86000,0,1551505
-39753575,-57298165,1417762,3,flower,herb-robert,0,350,540,78000,0,1552790
-39751217,-57298262,1416885,3,bush,salal,0,1200,547,78000,0,1553667
-39749931,-57298347,1416421,3,bush,salal,0,1200,544,70000,0,1601189
-39748905,-57298146,1415995,3,bush,salal,0,1200,556,70000,0,1601615
-39747348,-57297732,1415253,3,bush,salal,0,1200,557,70000,0,1602357
-39695493,-57297635,1375188,3,bush,salal,0,1200,931,18000,0,1642422
-39684705,-57298145,1369301,3,grass,harts-tongue-fern,1,500,347,10000,0,1695367
-39683097,-57297724,1368969,3,flower,red-clover,0,400,123,10000,0,1695699
-39681564,-57298002,1368799,3,grass,lady-fern,1,900,152,4000,0,1695869
-39677189,-57298019,1368314,3,grass,sword-fern,0,1200,102,4000,0,1696354
-39673250,-57297833,1368072,3,grass,common-stonewort,1,350,98,0,0,1696596
-39668703,-57298061,1367802,3,flower,birdsfoot-trefoil,0,250,54,0,108,1696866
-39666748,-57298293,1367700,3,grass,water-soldier,1,400,86,0,170,1696968
-39664970,-57298152,1367578,3,grass,watercress,1,300,46,0,219,1697090
-39662658,-57298343,1367486,3,reed,branched-bur-reed,1,1000,38,0,222,1697182
-39659238,-57297883,1367440,3,flower,purple-loosestrife,1,1200,46,0,213,1697228
-39656816,-57297700,1367360,3,grass,sword-fern,0,1200,25,0,222,1697308
-39656546,-57297968,1367354,3,flower,prairie-lupine,0,900,16,0,228,1697314
-39655827,-57297859,1367352,3,flower,arrowhead,1,800,9,0,200,1697316
-39651761,-57297659,1367351,3,flower,impatiens,1,350,50,0,240,1697317
-39648943,-57298250,1367304,3,grass,canadian-waterweed,1,400,13,0,274,1697364
-39648024,-57297610,1367300,3,grass,male-fern,0,1200,0,0,242,1697368
-39646990,-57297863,1367300,3,flower,yellow-flag-iris,1,1000,0,0,242,1697368
-39643664,-57297998,1367300,3,grass,rigid-hornwort,1,600,0,0,0,1697368
-39640660,-57297849,1367300,3,reed,reed-sweet-grass,1,1500,0,0,260,1697368
-39639472,-57298269,1367300,3,grass,moss-cushion,0,220,0,0,250,1697368
-39638769,-57297646,1367300,3,flower,arrowhead,1,800,0,0,250,1697368
-39633052,-57298349,1367310,3,grass,needle-spike-rush,1,220,19,0,216,1697358
-39632121,-57298182,1367311,3,flower,marsh-marigold,1,300,16,0,215,1697357
-39627557,-57297912,1367267,3,reed,water-horsetail,1,900,4,0,0,1697401
-39626135,-57298389,1367299,3,grass,willow-moss,1,350,147,0,232,1697369
-39625342,-57298260,1367299,3,flower,water-forget-me-not,1,300,179,0,232,1697369
-39774799,-57296875,1420266,3,bush,salal,0,1200,737,100000,0,1550286
-39762329,-57296807,1419474,3,grass,feather-moss,0,220,421,86000,0,1551078
-39759285,-57296859,1419254,3,flower,prairie-lupine,0,900,419,86000,0,1551298
-39758706,-57296944,1419147,3,flower,herb-robert,0,350,419,86000,0,1551405
-39757401,-57296910,1419015,3,grass,bilberry-mat,0,400,416,78000,0,1551537
-39752437,-57297466,1417527,3,bush,salal,0,1200,542,78000,0,1553025
-39749146,-57296897,1416149,3,flower,herb-robert,0,350,543,70000,0,1601461
-39747160,-57297508,1415138,3,flower,herb-robert,0,350,555,70000,0,1602472
-39708262,-57297323,1384436,3,bush,salal,0,1200,841,32000,0,1633174
-39706192,-57297035,1382931,3,bush,salal,0,1200,852,32000,0,1634679
-39687256,-57297434,1369818,3,flower,cowslip,0,300,332,10000,0,1694850
-39686512,-57296984,1369593,3,grass,male-fern,0,1200,313,10000,0,1695075
-39676739,-57296895,1368327,3,grass,lady-fern,1,900,94,4000,0,1696341
-39673516,-57296839,1368087,3,flower,river-water-crowfoot,1,1400,101,0,0,1696581
-39668233,-57296972,1367761,3,grass,moss-cushion,0,220,90,0,149,1696907
-39667132,-57297179,1367696,3,grass,rigid-hornwort,1,600,83,0,181,1696972
-39665573,-57297307,1367614,3,grass,willow-moss,1,350,62,0,180,1697054
-39659760,-57297324,1367461,3,reed,reed-sweet-grass,1,1500,33,0,192,1697207
-39658535,-57297305,1367419,3,flower,river-water-crowfoot,1,1400,47,0,234,1697249
-39653657,-57297259,1367378,3,flower,water-plantain,1,800,15,0,206,1697290
-39653234,-57297219,1367373,3,flower,water-forget-me-not,1,300,29,0,211,1697295
-39649627,-57296970,1367305,3,flower,purple-loosestrife,1,1200,12,0,259,1697363
-39649116,-57297579,1367302,3,grass,hair-cap-moss,1,240,4,0,262,1697366
-39647871,-57297355,1367300,3,grass,quillwort,1,220,0,0,242,1697368
-39646797,-57296997,1367301,3,flower,river-water-crowfoot,1,1400,0,0,259,1697367
-39645474,-57296980,1367300,3,bush,salal,0,1200,0,0,260,1697368
-39636418,-57297139,1367300,3,flower,fringed-water-lily,1,250,0,0,250,1697368
-39634194,-57297477,1367300,3,grass,curled-pondweed,1,600,1,0,240,1697368
-39631861,-57297446,1367302,3,grass,brook-moss-cushion,1,220,8,0,0,1697366
-39624419,-57297196,1367271,3,reed,branched-bur-reed,1,1000,68,0,0,1697397
-39619146,-57297556,1366794,3,flower,flowering-rush,1,1200,133,0,0,1697874
-39788847,-57296092,1425393,3,bush,salal,0,1200,702,102000,0,1545159
-39763937,-57296124,1419789,3,bush,salal,0,1200,479,86000,0,1550763
-39761726,-57296166,1419643,3,grass,sword-fern,0,1200,397,86000,0,1550909
-39760630,-57296748,1419402,3,grass,sword-fern,0,1200,350,86000,0,1551150
-39759874,-57296244,1419462,3,flower,meadow-daisy,0,420,372,86000,0,1551090
-39758498,-57296782,1419193,3,grass,ivy-ground-layer,0,220,418,86000,0,1551359
-39758291,-57296087,1419342,3,grass,bilberry-mat,0,400,413,86000,0,1551210
-39746711,-57296481,1415066,3,flower,herb-robert,0,350,547,70000,0,1602544
-39745691,-57296023,1414567,3,grass,woolly-fringe-moss,0,220,557,70000,0,1603043
-39731777,-57296634,1410032,3,bush,salal,0,1200,723,56000,0,1607578
-39684668,-57296699,1369207,3,grass,cocksfoot,0,1000,175,10000,0,1695461
-39682374,-57296260,1368841,3,flower,primrose,0,240,156,4000,0,1695827
-39680140,-57296277,1368624,3,reed,soft-rush,1,900,151,4000,0,1696044
-39679958,-57296642,1368585,3,grass,harts-tongue-fern,1,500,145,4000,0,1696083
-39676072,-57296320,1368311,3,flower,meadow-daisy,0,420,97,4000,0,1696357
-39673601,-57296397,1368081,3,flower,herb-robert,0,350,108,0,0,1696587
-39673062,-57296630,1368029,3,grass,lady-fern,1,900,105,0,0,1696639
-39672113,-57296423,1367952,3,flower,water-forget-me-not,1,300,92,0,37,1696716
-39669512,-57296464,1367839,3,grass,watercress,1,300,67,0,158,1696829
-39659877,-57296456,1367468,3,grass,hair-cap-moss,1,240,28,0,185,1697200
-39656534,-57296544,1367380,3,reed,reed-sweet-grass,1,1500,26,0,202,1697288
-39652982,-57296224,1367349,3,grass,willow-moss,1,350,32,0,235,1697319
-39651083,-57296199,1367326,3,grass,canadian-waterweed,1,400,33,0,245,1697342
-39646926,-57296596,1367300,3,grass,canadian-waterweed,1,400,0,0,242,1697368
-39643950,-57296717,1367300,3,flower,yellow-flag-iris,1,1000,0,0,0,1697368
-39641096,-57296468,1367300,3,flower,arrowhead,1,800,0,0,260,1697368
-39630163,-57296245,1367300,3,grass,brook-moss-cushion,1,220,0,0,0,1697368
-39626918,-57296690,1367282,3,reed,soft-rush,1,900,34,0,0,1697386
-39620078,-57296586,1367205,3,flower,herb-robert,0,350,474,0,0,1697463
-39771905,-57295861,1421290,3,bush,salal,0,1200,735,92000,0,1549262
-39747136,-57295679,1415292,3,bush,salal,0,1200,558,70000,0,1602318
-39742082,-57295767,1413256,3,bush,salal,0,1200,556,62000,0,1604354
-39684499,-57295492,1369159,3,flower,herb-robert,0,350,173,10000,0,1695509
-39683622,-57295710,1369039,3,flower,herb-robert,0,350,178,10000,0,1695629
-39682207,-57295634,1368820,3,reed,soft-rush,1,900,140,4000,0,1695848
-39670574,-57295393,1367879,3,reed,water-horsetail,1,900,92,0,14,1696789
-39668278,-57295801,1367740,3,grass,spiked-water-milfoil,1,1000,66,0,227,1696928
-39667496,-57295563,1367694,3,grass,spiked-water-milfoil,1,1000,67,0,177,1696974
-39666717,-57295398,1367660,3,grass,brook-moss-cushion,1,220,52,0,211,1697008
-39659131,-57295697,1367437,3,grass,lesser-pond-sedge,1,1000,46,0,212,1697231
-39657439,-57295428,1367400,3,grass,hair-cap-moss,1,240,8,0,210,1697268
-39652416,-57295494,1367362,3,grass,lady-fern,1,900,40,0,209,1697306
-39644227,-57295455,1367300,3,flower,water-mint,1,500,0,0,0,1697368
-39642516,-57295916,1367300,3,grass,wood-sedge,0,500,0,0,0,1697368
-39641669,-57295514,1367300,3,flower,bogbean,1,300,0,0,0,1697368
-39633939,-57295527,1367300,3,reed,bulrush,1,1400,0,0,0,1697368
-39633430,-57295783,1367300,3,grass,curled-pondweed,1,600,0,0,0,1697368
-39627219,-57295244,1367299,3,grass,willow-moss,1,350,2,0,0,1697369
-39622422,-57295909,1367236,3,flower,flowering-rush,1,1200,38,0,0,1697432
-39620305,-57295701,1367366,3,flower,water-mint,1,500,49,0,0,1697302
-39790438,-57295171,1426042,3,bush,salal,0,1200,578,102000,0,1544510
-39790111,-57294970,1426083,3,bush,salal,0,1200,575,102000,0,1544469
-39787264,-57294549,1425716,3,bush,salal,0,1200,700,106000,0,1544836
-39776077,-57294843,1421437,3,bush,salal,0,1200,685,100000,0,1549115
-39765053,-57294829,1420388,3,bush,salal,0,1200,530,92000,0,1550164
-39764175,-57294803,1420310,3,flower,herb-robert,0,350,481,86000,0,1550242
-39763942,-57294645,1420381,3,grass,moss-cushion,0,220,473,86000,0,1550171
-39762232,-57294750,1420166,3,grass,sword-fern,0,1200,409,86000,0,1550386
-39758335,-57295091,1419548,3,grass,understory-fern,0,900,397,86000,0,1551004
-39757339,-57294434,1419486,3,flower,herb-robert,0,350,434,78000,0,1551066
-39745866,-57294932,1414825,3,grass,woolly-fringe-moss,0,220,550,70000,0,1602785
-39688319,-57294537,1369835,3,grass,lady-fern,1,900,322,10000,0,1694833
-39672777,-57294827,1368016,3,grass,water-chestnut,1,250,87,0,0,1696652
-39669144,-57294812,1367768,3,grass,bilberry-mat,0,400,67,0,199,1696900
-39665878,-57295118,1367613,3,grass,willow-moss,1,350,77,0,258,1697055
-39665160,-57295143,1367577,3,grass,needle-spike-rush,1,220,82,0,232,1697091
-39664304,-57294954,1367537,3,flower,fringed-water-lily,1,250,57,0,272,1697131
-39650213,-57295033,1367350,3,grass,sedge-tussock,1,600,50,0,206,1697318
-39648700,-57295013,1367313,3,grass,rigid-hornwort,1,600,30,0,229,1697355
-39646004,-57295185,1367300,3,grass,blanket-weed,1,400,0,0,250,1697368
-39642229,-57294484,1367300,3,grass,rigid-hornwort,1,600,0,0,0,1697368
-39639426,-57294789,1367300,3,reed,wild-rice,1,2000,0,0,0,1697368
-39637664,-57294468,1367300,3,grass,willow-moss,1,350,0,0,0,1697368
-39636182,-57294404,1367300,3,flower,primrose,0,240,0,0,0,1697368
-39629240,-57295001,1367299,3,reed,branched-bur-reed,1,1000,0,0,0,1697369
-39628406,-57295031,1367299,3,grass,blanket-weed,1,400,0,0,0,1697369
-39625832,-57294472,1367305,3,grass,curled-pondweed,1,600,12,0,0,1697363
-39618777,-57294578,1367263,3,grass,water-chestnut,1,250,82,0,0,1697405
-39790058,-57293916,1426472,3,bush,salal,0,1200,523,102000,0,1544080
-39771420,-57294075,1422069,3,bush,salal,0,1200,702,92000,0,1548483
-39766433,-57293703,1421008,3,bush,salal,0,1200,581,92000,0,1549544
-39765077,-57293739,1420842,3,flower,herb-robert,0,350,497,92000,0,1549710
-39763473,-57294199,1420512,3,flower,herb-robert,0,350,465,86000,0,1550040
-39761400,-57294013,1420237,3,grass,woolly-fringe-moss,0,220,412,86000,0,1550315
-39756918,-57294178,1419458,3,grass,feather-moss,0,220,453,78000,0,1551094
-39755445,-57293629,1419113,3,grass,moss-cushion,0,220,504,78000,0,1551439
-39752542,-57293713,1418120,3,grass,moss-cushion,0,220,572,78000,0,1552432
-39750913,-57293829,1417397,3,bush,salal,0,1200,610,78000,0,1553155
-39738520,-57293881,1413027,3,flower,herb-robert,0,350,525,62000,0,1604583
-39736424,-57294108,1412187,3,grass,moss-cushion,0,220,530,62000,0,1605423
-39735281,-57294352,1411756,3,flower,herb-robert,0,350,572,62000,0,1605854
-39734182,-57293979,1411508,3,grass,woolly-fringe-moss,0,220,558,56000,0,1606102
-39733079,-57293814,1411148,3,bush,salal,0,1200,531,56000,0,1606462
-39730925,-57293613,1410415,3,bush,salal,0,1200,678,56000,0,1607195
-39683436,-57293926,1369040,3,grass,lady-fern,1,900,128,10000,0,1695628
-39681502,-57294051,1368849,3,grass,ivy-ground-layer,0,220,188,4000,0,1695819
-39676992,-57294300,1368449,3,grass,meadow-grass,0,450,102,4000,0,1696219
-39676018,-57293761,1368301,3,grass,lady-fern,1,900,151,4000,0,1696367
-39669150,-57294048,1367756,3,grass,male-fern,0,1200,56,0,154,1696912
-39665639,-57294046,1367576,3,grass,blanket-weed,1,400,64,0,299,1697092
-39664307,-57293963,1367531,3,grass,blanket-weed,1,400,32,0,254,1697137
-39658089,-57293647,1367405,3,grass,jungle-groundcover,0,800,13,0,190,1697263
-39656317,-57293799,1367400,3,grass,ivy-ground-layer,0,220,0,0,195,1697268
-39654467,-57293994,1367399,3,flower,water-plantain,1,800,2,0,201,1697269
-39654334,-57293608,1367399,3,grass,water-earwort,1,200,1,0,201,1697269
-39652274,-57293612,1367397,3,flower,yellow-water-lily,1,400,5,0,209,1697271
-39650191,-57294016,1367374,3,flower,water-plantain,1,800,42,0,228,1697294
-39649567,-57294376,1367351,3,reed,reed-sweet-grass,1,1500,52,0,205,1697317
-39646439,-57294186,1367301,3,reed,broadleaf-cattail,1,2200,4,0,241,1697367
-39636245,-57293605,1367300,3,reed,water-horsetail,1,900,0,0,0,1697368
-39635897,-57293847,1367300,3,grass,blanket-weed,1,400,0,0,0,1697368
-39633828,-57293873,1367300,3,grass,water-soldier,1,400,0,0,0,1697368
-39631937,-57294340,1367300,3,grass,jungle-groundcover,0,800,0,0,0,1697368
-39790672,-57293478,1426713,3,bush,salal,0,1200,482,102000,0,1543839
-39788339,-57293600,1426454,3,grass,woolly-fringe-moss,0,220,588,102000,0,1544098
-39773385,-57293266,1423071,3,bush,salal,0,1200,683,100000,0,1547481
-39771508,-57293181,1422521,3,bush,salal,0,1200,752,92000,0,1548031
-39771077,-57293551,1422195,3,bush,salal,0,1200,716,92000,0,1548357
-39764215,-57293267,1420978,3,bush,salal,0,1200,477,86000,0,1549574
-39762807,-57293133,1420821,3,flower,herb-robert,0,350,469,86000,0,1549731
-39762203,-57293249,1420648,3,bush,salal,0,1200,444,86000,0,1549904
-39759961,-57292984,1420345,3,flower,herb-robert,0,350,435,86000,0,1550207
-39739818,-57293421,1413450,3,grass,moss-cushion,0,220,521,62000,0,1604160
-39736148,-57293516,1412246,3,flower,herb-robert,0,350,504,62000,0,1605364
-39733672,-57292949,1411484,3,flower,herb-robert,0,350,501,56000,0,1606126
-39690036,-57293008,1370249,3,flower,harebell,0,350,472,18000,0,1647361
-39688595,-57293061,1369864,3,grass,sword-fern,0,1200,200,10000,0,1694804
-39685813,-57292894,1369382,3,grass,wood-sedge,0,500,136,10000,0,1695286
-39685425,-57293566,1369322,3,grass,bilberry-mat,0,400,147,10000,0,1695346
-39684139,-57293096,1369191,3,grass,timothy,0,900,189,10000,0,1695477
-39683880,-57292887,1369175,3,grass,wood-horsetail,1,500,191,10000,0,1695493
-39682785,-57293286,1369021,3,grass,cocksfoot,0,1000,132,10000,0,1695647
-39678370,-57293481,1368596,3,flower,primrose,0,240,134,4000,0,1696072
-39675328,-57293066,1368198,3,grass,bilberry-mat,0,400,94,4000,0,1696470
-39669886,-57293044,1367796,3,grass,watercress,1,300,69,0,0,1696872
-39664361,-57293027,1367555,3,grass,spiked-water-milfoil,1,1000,44,0,230,1697113
-39660699,-57292848,1367450,3,flower,water-forget-me-not,1,300,5,0,210,1697218
-39659125,-57293304,1367425,3,grass,wood-sedge,0,500,33,0,210,1697243
-39657279,-57293464,1367401,3,flower,arrowhead,1,800,5,0,194,1697267
-39656368,-57292999,1367400,3,grass,brook-moss-cushion,1,220,2,0,195,1697268
-39655531,-57292960,1367400,3,grass,canadian-waterweed,1,400,0,0,200,1697268
-39654331,-57293083,1367399,3,reed,water-horsetail,1,900,0,0,201,1697269
-39652855,-57293233,1367399,3,bush,salal,0,1200,1,0,198,1697269
-39646587,-57293358,1367305,3,flower,water-plantain,1,800,16,0,237,1697363
-39641400,-57292907,1367300,3,flower,marsh-marigold,1,300,0,0,0,1697368
-39639556,-57293484,1367300,3,flower,fringed-water-lily,1,250,0,0,0,1697368
-39633805,-57293217,1367300,3,reed,water-horsetail,1,900,0,0,0,1697368
-39631928,-57293326,1367300,3,grass,sword-fern,0,1200,0,0,0,1697368
-39623931,-57292837,1367299,3,grass,wood-horsetail,1,500,2,0,0,1697369
-39620298,-57293003,1367266,3,grass,ribwort-plantain,0,300,51,0,0,1697402
-39615153,-57293286,1367379,3,grass,willow-moss,1,350,251,0,0,1697289
-39613739,-57293393,1367012,3,flower,herb-robert,0,350,451,0,0,1697656
-39787574,-57292279,1426776,3,bush,salal,0,1200,565,106000,0,1543776
-39782563,-57292579,1424639,3,bush,salal,0,1200,897,106000,0,1545913
-39764535,-57292425,1421310,3,bush,salal,0,1200,502,86000,0,1549242
-39754243,-57292158,1418857,3,flower,herb-robert,0,350,572,78000,0,1551695
-39738543,-57292072,1413249,3,flower,herb-robert,0,350,472,62000,0,1604361
-39737679,-57292100,1412974,3,flower,herb-robert,0,350,465,62000,0,1604636
-39736952,-57292592,1412682,3,flower,herb-robert,0,350,473,62000,0,1604928
-39732646,-57292097,1411280,3,grass,feather-moss,0,220,488,56000,0,1606330
-39731516,-57292407,1410850,3,flower,herb-robert,0,350,495,56000,0,1606760
-39686611,-57292435,1369515,3,grass,meadow-grass,0,450,197,10000,0,1695153
-39679706,-57292664,1368763,3,grass,wood-horsetail,1,500,162,4000,0,1695905
-39677675,-57292238,1368467,3,grass,male-fern,0,1200,143,2000,0,1696201
-39673747,-57292567,1368072,3,reed,branched-bur-reed,1,1000,111,0,0,1696596
-39669657,-57292254,1367789,3,grass,sword-fern,0,1200,61,0,203,1696879
-39668089,-57292606,1367695,3,grass,needle-spike-rush,1,220,69,0,215,1696973
-39664190,-57292323,1367562,3,flower,pickerelweed,1,800,29,0,229,1697106
-39663861,-57292688,1367552,3,flower,marsh-cinquefoil,1,400,43,0,233,1697116
-39661698,-57292345,1367465,3,grass,brook-moss-cushion,1,220,35,0,196,1697203
-39657707,-57292544,1367408,3,flower,yellow-flag-iris,1,1000,21,0,187,1697260
-39657257,-57292346,1367405,3,flower,water-forget-me-not,1,300,16,0,206,1697263
-39649658,-57292460,1367392,3,reed,water-horsetail,1,900,19,0,235,1697276
-39648700,-57292700,1367372,3,grass,ivy-ground-layer,0,220,44,0,202,1697296
-39640734,-57292766,1367300,3,flower,water-plantain,1,800,0,0,0,1697368
-39638857,-57292065,1367300,3,reed,wild-rice,1,2000,0,2000,0,1697368
-39636808,-57292488,1367300,3,grass,hair-cap-moss,1,240,0,4000,0,1697368
-39635570,-57292548,1367300,3,grass,bilberry-mat,0,400,0,0,0,1697368
-39632540,-57292285,1367300,3,flower,meadow-daisy,0,420,0,4000,0,1697368
-39631069,-57292745,1367300,3,flower,marsh-marigold,1,300,0,0,0,1697368
-39625721,-57292429,1367300,3,flower,marsh-marigold,1,300,0,6000,0,1697368
-39622170,-57292151,1367297,3,grass,lady-fern,1,900,6,6000,0,1697371
-39621305,-57292643,1367290,3,flower,fringed-water-lily,1,250,23,0,0,1697378
-39615058,-57292679,1367290,3,grass,sedge-tussock,1,600,195,0,0,1697378
-39614151,-57292757,1367194,3,grass,willow-moss,1,350,289,0,0,1697474
-39611933,-57292504,1367372,3,grass,woolly-fringe-moss,0,220,364,0,0,1697296
-39791324,-57291386,1427348,3,grass,cocksfoot,0,1000,411,106000,0,1543204
-39789909,-57291259,1427411,3,flower,birdsfoot-trefoil,0,250,403,106000,0,1543141
-39786751,-57291272,1426893,3,flower,herb-robert,0,350,555,108000,0,1543659
-39763387,-57291989,1421352,3,bush,salal,0,1200,469,86000,0,1549200
-39756845,-57291606,1419868,3,bush,salal,0,1200,520,78000,0,1550684
-39756344,-57291665,1419715,3,grass,moss-cushion,0,220,531,78000,0,1550837
-39755697,-57291441,1419522,3,flower,herb-robert,0,350,554,78000,0,1551030
-39754862,-57291283,1419304,3,bush,salal,0,1200,580,78000,0,1551248
-39752988,-57291350,1418600,3,bush,salal,0,1200,626,78000,0,1551952
-39746230,-57291235,1415698,3,grass,woolly-fringe-moss,0,220,593,70000,0,1601912
-39743331,-57291237,1414924,3,bush,salal,0,1200,537,70000,0,1602686
-39741248,-57291725,1414111,3,bush,salal,0,1200,516,62000,0,1603499
-39738810,-57291512,1413409,3,grass,feather-moss,0,220,457,62000,0,1604201
-39733867,-57291770,1411671,3,grass,feather-moss,0,220,441,56000,0,1605939
-39690514,-57291628,1370241,3,grass,sword-fern,0,1200,286,18000,0,1647369
-39684815,-57291736,1369355,3,flower,large-trillium,0,350,155,10000,0,1695313
-39680591,-57291534,1368914,3,grass,ribwort-plantain,0,300,155,2000,0,1695754
-39679605,-57291823,1368775,3,grass,ivy-ground-layer,0,220,157,2000,0,1695893
-39673562,-57291506,1368010,3,flower,river-water-crowfoot,1,1400,134,0,0,1696658
-39670525,-57291201,1367841,3,grass,sphagnum-hummock,1,280,65,0,151,1696827
-39667850,-57291656,1367684,3,reed,water-horsetail,1,900,49,0,196,1696984
-39663949,-57291834,1367553,3,grass,willow-moss,1,350,45,0,238,1697115
-39657910,-57291715,1367421,3,reed,common-cottongrass,1,500,35,0,190,1697247
-39656739,-57291517,1367407,3,grass,rigid-hornwort,1,600,19,0,204,1697261
-39655619,-57291258,1367401,3,flower,primrose,0,240,7,0,191,1697267
-39654433,-57291525,1367400,3,grass,spiked-water-milfoil,1,1000,0,0,192,1697268
-39652722,-57291640,1367400,3,flower,marsh-marigold,1,300,0,0,200,1697268
-39647335,-57291917,1367355,3,grass,sedge-tussock,1,600,52,0,0,1697313
-39646922,-57291496,1367359,3,flower,water-forget-me-not,1,300,51,0,0,1697309
-39644098,-57291693,1367301,3,grass,lesser-pond-sedge,1,1000,3,2000,0,1697367
-39632741,-57291370,1367300,3,bush,salal,0,1200,0,4000,0,1697368
-39629067,-57291475,1367300,3,grass,lady-fern,1,900,0,6000,0,1697368
-39625906,-57291537,1367300,3,grass,lady-fern,1,900,0,6000,0,1697368
-39625541,-57291277,1367300,3,grass,meadow-grass,0,450,0,6000,0,1697368
-39623217,-57291539,1367299,3,grass,wood-sedge,0,500,0,6000,0,1697369
-39620054,-57291853,1367296,3,grass,sword-fern,0,1200,11,6000,0,1697372
-39618526,-57291293,1367291,3,grass,hair-cap-moss,1,240,20,6000,0,1697377
-39618224,-57291800,1367279,3,bush,salal,0,1200,31,6000,0,1697389
-39775593,-57290713,1424594,3,bush,salal,0,1200,613,100000,0,1545958
-39769611,-57290979,1422927,3,bush,salal,0,1200,682,92000,0,1547625
-39766356,-57290642,1422253,3,bush,salal,0,1200,558,92000,0,1548299
-39765385,-57290814,1422075,3,flower,herb-robert,0,350,536,92000,0,1548477
-39760307,-57290878,1421033,3,grass,feather-moss,0,220,473,86000,0,1549519
-39757713,-57290500,1420485,3,bush,salal,0,1200,532,86000,0,1550067
-39755407,-57291083,1419536,3,bush,salal,0,1200,570,78000,0,1551016
-39754326,-57290901,1419140,3,bush,salal,0,1200,602,78000,0,1551412
-39746610,-57290449,1415987,3,bush,salal,0,1200,584,70000,0,1601623
-39742468,-57290737,1414733,3,flower,herb-robert,0,350,515,62000,0,1602877
-39740530,-57290413,1414125,3,bush,salal,0,1200,487,62000,0,1603485
-39737961,-57290801,1413145,3,grass,cocksfoot,0,1000,414,62000,0,1604465
-39686331,-57291055,1369583,3,flower,oxeye-daisy,0,700,168,10000,0,1695085
-39682500,-57290868,1369137,3,flower,herb-robert,0,350,163,2000,0,1695531
-39680425,-57290702,1368930,3,grass,bilberry-mat,0,400,160,2000,0,1695738
-39678517,-57290565,1368592,3,grass,wood-horsetail,1,500,156,2000,0,1696076
-39672933,-57290926,1367947,3,reed,branched-bur-reed,1,1000,84,0,35,1696721
-39672756,-57290937,1367935,3,bush,salal,0,1200,79,0,47,1696733
-39669384,-57291140,1367770,3,grass,willow-moss,1,350,69,0,222,1696898
-39660078,-57291099,1367449,3,reed,water-horsetail,1,900,5,0,212,1697219
-39659145,-57291024,1367449,3,grass,wood-horsetail,1,500,6,0,203,1697219
-39656278,-57290565,1367412,3,grass,hair-cap-moss,1,240,28,0,241,1697256
-39655476,-57290579,1367405,3,reed,broadleaf-cattail,1,2200,14,0,209,1697263
-39647366,-57290562,1367386,3,grass,male-fern,0,1200,28,0,0,1697282
-39644567,-57290589,1367306,3,grass,harts-tongue-fern,1,500,14,2000,0,1697362
-39632270,-57291138,1367300,3,flower,purple-loosestrife,1,1200,0,4000,0,1697368
-39621892,-57291134,1367299,3,grass,lady-fern,1,900,0,6000,0,1697369
-39617549,-57290955,1367276,3,reed,soft-rush,1,900,41,6000,0,1697392
-39610102,-57290741,1366937,3,bush,salal,0,1200,842,2000,0,1697731
-39790781,-57289706,1427860,3,grass,bilberry-mat,0,400,389,106000,0,1542692
-39788313,-57289806,1427622,3,grass,bilberry-mat,0,400,443,106000,0,1542930
-39787198,-57290243,1427268,3,bush,salal,0,1200,488,108000,0,1543284
-39784235,-57289701,1426583,3,bush,salal,0,1200,640,108000,0,1543969
-39777103,-57289791,1425315,3,bush,salal,0,1200,688,100000,0,1545237
-39770811,-57290125,1423510,3,bush,salal,0,1200,695,92000,0,1547042
-39770336,-57290072,1423482,3,bush,salal,0,1200,682,92000,0,1547070
-39748538,-57290071,1416714,3,bush,salal,0,1200,639,70000,0,1600896
-39740745,-57290119,1414241,3,grass,moss-cushion,0,220,484,62000,0,1603369
-39739593,-57290020,1413751,3,flower,herb-robert,0,350,455,62000,0,1603859
-39737446,-57289968,1413017,3,grass,bilberry-mat,0,400,371,62000,0,1604593
-39734411,-57290185,1411825,3,bush,salal,0,1200,592,56000,0,1605785
-39692221,-57289676,1370640,3,flower,red-campion,0,700,361,18000,0,1646970
-39691260,-57289687,1370374,3,grass,cocksfoot,0,1000,265,18000,0,1647236
-39686729,-57290276,1369689,3,grass,feather-moss,0,220,186,10000,0,1694979
-39679774,-57290080,1368804,3,grass,meadow-grass,0,450,157,2000,0,1695864
-39675691,-57290028,1368247,3,grass,timothy,0,900,148,2000,0,1696421
-39672351,-57289974,1367922,3,flower,oxeye-daisy,0,700,88,0,54,1696746
-39671790,-57289677,1367892,3,grass,water-soldier,1,400,84,0,84,1696776
-39670588,-57290072,1367834,3,grass,wood-horsetail,1,500,85,0,143,1696834
-39666802,-57290226,1367656,3,flower,arrowhead,1,800,42,0,208,1697012
-39663698,-57290122,1367543,3,grass,canadian-waterweed,1,400,44,0,192,1697125
-39656070,-57289737,1367424,3,flower,herb-robert,0,350,43,0,190,1697244
-39654835,-57289926,1367406,3,reed,water-horsetail,1,900,17,0,208,1697262
-39647251,-57290215,1367387,3,grass,lesser-pond-sedge,1,1000,25,0,0,1697281
-39646591,-57289630,1367373,3,grass,water-chestnut,1,250,35,0,0,1697295
-39643978,-57289768,1367300,3,flower,flowering-rush,1,1200,4,2000,0,1697368
-39642477,-57290283,1367300,3,grass,lady-fern,1,900,0,2000,0,1697368
-39635577,-57289805,1367300,3,grass,bilberry-mat,0,400,0,4000,0,1697368
-39632554,-57290181,1367300,3,flower,fireweed,0,1200,0,4000,0,1697368
-39625406,-57290161,1367300,3,grass,wood-horsetail,1,500,0,6000,0,1697368
-39624667,-57289608,1367300,3,grass,harts-tongue-fern,1,500,0,6000,0,1697368
-39614187,-57290321,1367257,3,grass,sphagnum-hummock,1,280,24,2000,0,1697411
-39610310,-57290046,1367390,3,grass,male-fern,0,1200,224,2000,0,1697278
-39791471,-57289176,1428078,3,grass,male-fern,0,1200,405,106000,0,1542474
-39789795,-57288912,1428087,3,grass,ivy-ground-layer,0,220,402,106000,0,1542465
-39785520,-57288980,1427175,3,grass,woolly-fringe-moss,0,220,534,108000,0,1543377
-39770594,-57289513,1423634,3,bush,salal,0,1200,678,92000,0,1546918
-39767668,-57289316,1422964,3,bush,salal,0,1200,546,92000,0,1547588
-39762305,-57289172,1422048,3,grass,moss-cushion,0,220,482,86000,0,1548504
-39749991,-57289545,1417572,3,bush,salal,0,1200,708,70000,0,1600038
-39740232,-57289053,1414239,3,grass,moss-cushion,0,220,455,62000,0,1603371
-39738828,-57289092,1413628,3,grass,cocksfoot,0,1000,420,62000,0,1603982
-39713426,-57289361,1386949,3,bush,salal,0,1200,853,40000,0,1630661
-39693123,-57289111,1370788,3,grass,feather-moss,0,220,509,18000,0,1646822
-39692113,-57288818,1370562,3,grass,ivy-ground-layer,0,220,153,18000,0,1647048
-39689134,-57289406,1369989,3,flower,primrose,0,240,204,10000,0,1694679
-39680917,-57289062,1369011,3,grass,timothy,0,900,171,2000,0,1695657
-39677660,-57289193,1368520,3,grass,bilberry-mat,0,400,141,2000,0,1696148
-39677277,-57289069,1368466,3,grass,brook-moss-cushion,1,220,161,2000,0,1696202
-39675429,-57289086,1368217,3,grass,woolly-fringe-moss,0,220,152,2000,0,1696451
-39673013,-57289284,1367992,3,grass,watercress,1,300,97,0,0,1696676
-39667902,-57288972,1367691,3,reed,wild-rice,1,2000,27,0,204,1696977
-39665621,-57289279,1367605,3,grass,rigid-hornwort,1,600,31,0,259,1697063
-39656826,-57289578,1367448,3,flower,river-water-crowfoot,1,1400,53,0,205,1697220
-39654097,-57289329,1367404,3,flower,fringed-water-lily,1,250,12,0,198,1697264
-39653330,-57289227,1367401,3,flower,marsh-cinquefoil,1,400,5,0,201,1697267
-39652101,-57288987,1367400,3,grass,ribwort-plantain,0,300,1,0,220,1697268
-39649008,-57289334,1367399,3,reed,soft-rush,1,900,0,0,241,1697269
-39645157,-57289125,1367321,3,grass,wood-horsetail,1,500,32,0,0,1697347
-39641576,-57289536,1367300,3,grass,water-soldier,1,400,0,2000,0,1697368
-39637797,-57288902,1367300,3,reed,branched-bur-reed,1,1000,0,2000,0,1697368
-39631273,-57289024,1367300,3,grass,jungle-groundcover,0,800,0,4000,0,1697368
-39628030,-57288974,1367300,3,grass,ivy-ground-layer,0,220,0,6000,0,1697368
-39625477,-57288901,1367300,3,flower,purple-loosestrife,1,1200,0,6000,0,1697368
-39615462,-57288959,1367294,3,reed,common-cottongrass,1,500,17,6000,0,1697374
-39613744,-57289291,1367258,3,flower,water-plantain,1,800,45,2000,0,1697410
-39611688,-57289525,1367312,3,grass,needle-spike-rush,1,220,112,2000,0,1697356
-39787295,-57288146,1427812,3,grass,feather-moss,0,220,495,108000,0,1542740
-39786931,-57288511,1427659,3,grass,feather-moss,0,220,496,108000,0,1542893
-39786260,-57288061,1427616,3,bush,salal,0,1200,524,108000,0,1542936
-39776384,-57288714,1425710,3,bush,salal,0,1200,663,100000,0,1544842
-39770401,-57288373,1424013,3,bush,salal,0,1200,653,92000,0,1546539
-39769556,-57288739,1423652,3,bush,salal,0,1200,641,92000,0,1546900
-39764731,-57288248,1422667,3,grass,woolly-fringe-moss,0,220,516,86000,0,1547885
-39752945,-57288683,1419280,3,bush,salal,0,1200,681,78000,0,1551272
-39751146,-57288074,1418471,3,bush,salal,0,1200,702,78000,0,1552081
-39747040,-57288076,1416692,3,bush,salal,0,1200,621,70000,0,1600918
-39742666,-57288543,1415179,3,grass,woolly-fringe-moss,0,220,498,70000,0,1602431
-39740618,-57288569,1414480,3,grass,feather-moss,0,220,443,62000,0,1603130
-39737626,-57288276,1413185,3,flower,herb-robert,0,350,554,62000,0,1604425
-39736868,-57288601,1412775,3,bush,salal,0,1200,581,62000,0,1604835
-39689386,-57288439,1370047,3,flower,cowslip,0,300,184,10000,0,1694621
-39687135,-57288762,1369882,3,grass,male-fern,0,1200,227,10000,0,1694786
-39685549,-57288589,1369688,3,grass,wood-sedge,0,500,214,10000,0,1694980
-39683087,-57288625,1369320,3,grass,woolly-fringe-moss,0,220,176,10000,0,1695348
-39678804,-57288577,1368691,3,flower,arrowhead,1,800,132,2000,0,1695977
-39678363,-57288056,1368634,3,flower,water-forget-me-not,1,300,175,2000,0,1696034
-39675949,-57288196,1368281,3,grass,lady-fern,1,900,173,2000,0,1696387
-39667436,-57288308,1367663,3,grass,ivy-ground-layer,0,220,52,0,201,1697005
-39664296,-57288213,1367568,3,flower,flowering-rush,1,1200,29,0,239,1697100
-39662382,-57288705,1367527,3,flower,field-scabious,0,800,43,0,208,1697141
-39658791,-57288529,1367491,3,grass,willow-moss,1,350,13,0,190,1697177
-39653197,-57288385,1367405,3,flower,arrowhead,1,800,14,0,229,1697263
-39651850,-57288297,1367400,3,reed,bulrush,1,1400,2,0,232,1697268
-39647606,-57288715,1367396,3,grass,curled-pondweed,1,600,7,0,0,1697272
-39644503,-57288315,1367310,3,grass,brook-moss-cushion,1,220,20,2000,0,1697358
-39642384,-57288236,1367300,3,reed,branched-bur-reed,1,1000,2,2000,0,1697368
-39633858,-57288170,1367300,3,reed,common-cottongrass,1,500,0,4000,0,1697368
-39631248,-57288358,1367300,3,grass,timothy,0,900,0,4000,0,1697368
-39630218,-57288308,1367300,3,grass,feather-moss,0,220,0,4000,0,1697368
-39627687,-57288121,1367300,3,grass,sedge-tussock,1,600,0,6000,0,1697368
-39626470,-57288751,1367300,3,reed,common-cottongrass,1,500,0,6000,0,1697368
-39624225,-57288594,1367300,3,reed,soft-rush,1,900,0,6000,0,1697368
-39623706,-57288366,1367300,3,flower,birdsfoot-trefoil,0,250,0,6000,0,1697368
-39621884,-57288341,1367300,3,grass,lady-fern,1,900,0,6000,0,1697368
-39621040,-57288778,1367300,3,grass,sword-fern,0,1200,0,6000,0,1697368
-39618079,-57288135,1367300,3,reed,soft-rush,1,900,0,6000,0,1697368
-39614926,-57288699,1367291,3,reed,sweet-flag,1,1000,21,2000,0,1697377
-39612187,-57288468,1367262,3,flower,yellow-flag-iris,1,1000,19,2000,0,1697406
-39603785,-57288046,1366898,3,flower,herb-robert,0,350,579,0,0,1697770
-39790462,-57287792,1428504,3,grass,male-fern,0,1200,401,106000,0,1542048
-39787904,-57287478,1428169,3,flower,herb-robert,0,350,494,106000,0,1542383
-39762865,-57287727,1422512,3,bush,salal,0,1200,494,86000,0,1548040
-39761276,-57287629,1422356,3,grass,feather-moss,0,220,486,86000,0,1548196
-39760615,-57287443,1422281,3,bush,salal,0,1200,491,86000,0,1548271
-39745886,-57287938,1416333,3,bush,salal,0,1200,585,70000,0,1601277
-39743003,-57287737,1415433,3,bush,salal,0,1200,494,70000,0,1602177
-39711825,-57287714,1385659,3,bush,salal,0,1200,880,32000,0,1631951
-39691263,-57287422,1370376,3,flower,primrose,0,240,203,18000,0,1647234
-39690912,-57287276,1370345,3,grass,meadow-grass,0,450,215,18000,0,1647265
-39686426,-57287366,1369926,3,flower,meadow-daisy,0,420,220,10000,0,1694742
-39682177,-57287820,1369164,3,grass,bilberry-mat,0,400,186,2000,0,1695504
-39677098,-57287220,1368396,3,grass,hair-cap-moss,1,240,218,2000,0,1696272
-39667284,-57287992,1367647,3,grass,blanket-weed,1,400,53,0,217,1697021
-39666308,-57287781,1367614,3,grass,curled-pondweed,1,600,39,0,250,1697054
-39662576,-57287491,1367546,3,flower,red-campion,0,700,24,0,227,1697122
-39659360,-57287370,1367499,3,flower,oxeye-daisy,0,700,4,0,182,1697169
-39658119,-57287620,1367497,3,grass,cocksfoot,0,1000,5,0,184,1697171
-39655533,-57287745,1367461,3,flower,marsh-cinquefoil,1,400,50,0,203,1697207
-39648710,-57287868,1367399,3,grass,water-starwort,1,250,0,0,241,1697269
-39647481,-57287679,1367394,3,reed,bulrush,1,1400,11,0,0,1697274
-39645091,-57287387,1367332,3,grass,sphagnum-hummock,1,280,42,0,0,1697336
-39644356,-57287430,1367312,3,reed,broadleaf-cattail,1,2200,26,2000,0,1697356
-39630041,-57287241,1367300,3,grass,hair-cap-moss,1,240,0,4000,0,1697368
-39625047,-57287728,1367300,3,grass,hair-cap-moss,1,240,0,6000,0,1697368
-39623472,-57287951,1367300,3,flower,red-campion,0,700,0,6000,0,1697368
-39622787,-57287473,1367300,3,flower,purple-loosestrife,1,1200,0,6000,0,1697368
-39618741,-57287242,1367300,3,grass,wood-sedge,0,500,0,6000,0,1697368
-39618089,-57287888,1367300,3,grass,cocksfoot,0,1000,0,6000,0,1697368
-39616936,-57287537,1367299,3,bush,salal,0,1200,0,6000,0,1697369
-39616254,-57287286,1367299,3,flower,purple-loosestrife,1,1200,0,6000,0,1697369
-39613430,-57287617,1367292,3,grass,wood-sedge,0,500,18,2000,0,1697376
-39612292,-57287445,1367279,3,grass,understory-fern,0,900,40,2000,0,1697389
-39610711,-57287736,1367235,3,grass,male-fern,0,1200,77,2000,0,1697433
-39606166,-57287687,1367118,3,grass,timothy,0,900,352,0,0,1697550
-39605260,-57287843,1366856,3,grass,understory-fern,0,900,274,0,0,1697812
-39789326,-57286956,1428567,3,grass,moss-cushion,0,220,449,106000,0,1541985
-39784182,-57286836,1427582,3,bush,salal,0,1200,595,108000,0,1542970
-39782643,-57287015,1427335,3,bush,salal,0,1200,592,108000,0,1543217
-39776170,-57286793,1426453,3,bush,salal,0,1200,595,100000,0,1544099
-39765455,-57286439,1423354,3,grass,woolly-fringe-moss,0,220,452,92000,0,1547198
-39758283,-57286929,1421826,3,bush,salal,0,1200,571,86000,0,1548726
-39748563,-57286840,1417476,3,bush,salal,0,1200,630,70000,0,1600134
-39746442,-57287112,1416664,3,bush,salal,0,1200,602,70000,0,1600946
-39746240,-57286634,1416714,3,bush,salal,0,1200,579,70000,0,1600896
-39745061,-57286771,1416278,3,bush,salal,0,1200,557,70000,0,1601332
-39742674,-57286532,1415383,3,flower,herb-robert,0,350,473,70000,0,1602227
-39741679,-57286634,1414995,3,flower,herb-robert,0,350,477,62000,0,1602615
-39693584,-57286863,1370816,3,flower,oxeye-daisy,0,700,377,18000,0,1646794
-39691242,-57286500,1370446,3,flower,red-campion,0,700,178,18000,0,1647164
-39690686,-57286557,1370382,3,grass,sword-fern,0,1200,192,18000,0,1647228
-39686640,-57286637,1370013,3,flower,yarrow,0,600,237,10000,0,1694655
-39686400,-57286714,1369975,3,flower,fireweed,0,1200,232,10000,0,1694693
-39674065,-57286504,1368070,3,reed,soft-rush,1,900,146,0,0,1696598
-39671667,-57286671,1367838,3,grass,sword-fern,0,1200,67,0,219,1696830
-39660579,-57286748,1367516,3,flower,red-campion,0,700,30,0,234,1697152
-39657315,-57286705,1367498,3,flower,herb-robert,0,350,4,0,182,1697170
-39655712,-57287016,1367481,3,flower,yarrow,0,600,35,0,183,1697187
-39653094,-57287013,1367414,3,flower,water-plantain,1,800,27,0,220,1697254
-39650922,-57287150,1367400,3,grass,canadian-waterweed,1,400,0,0,232,1697268
-39647889,-57286861,1367397,3,grass,lesser-pond-sedge,1,1000,6,0,0,1697271
-39645696,-57286854,1367358,3,reed,wild-rice,1,2000,45,0,0,1697310
-39645184,-57286663,1367346,3,flower,river-water-crowfoot,1,1400,49,0,0,1697322
-39644633,-57286496,1367339,3,flower,purple-loosestrife,1,1200,46,2000,0,1697329
-39636825,-57287159,1367301,3,grass,wood-horsetail,1,500,5,4000,0,1697367
-39634995,-57287084,1367300,3,grass,hair-cap-moss,1,240,0,4000,0,1697368
-39628854,-57287021,1367300,3,grass,timothy,0,900,0,6000,0,1697368
-39628232,-57287120,1367300,3,flower,fireweed,0,1200,0,6000,0,1697368
-39617634,-57287081,1367300,3,grass,wood-horsetail,1,500,0,6000,0,1697368
-39616906,-57287093,1367299,3,grass,hair-cap-moss,1,240,0,6000,0,1697369
-39616616,-57287186,1367299,3,grass,hair-cap-moss,1,240,0,6000,0,1697369
-39607573,-57286650,1367234,3,bush,salal,0,1200,35,2000,0,1697434
-39604338,-57287116,1366983,3,grass,brook-moss-cushion,1,220,484,0,0,1697685
-39790530,-57286101,1429018,3,grass,moss-cushion,0,220,488,106000,0,1541534
-39790128,-57285924,1429028,3,grass,moss-cushion,0,220,496,106000,0,1541524
-39789477,-57285906,1428903,3,bush,salal,0,1200,495,106000,0,1541649
-39788007,-57286358,1428524,3,grass,feather-moss,0,220,525,106000,0,1542028
-39785498,-57285659,1428287,3,bush,salal,0,1200,590,108000,0,1542265
-39765039,-57286156,1423370,3,bush,salal,0,1200,461,92000,0,1547182
-39764101,-57285654,1423354,3,grass,moss-cushion,0,220,472,86000,0,1547198
-39744864,-57286329,1416274,3,flower,herb-robert,0,350,543,70000,0,1601336
-39744013,-57285623,1416032,3,flower,herb-robert,0,350,496,70000,0,1601578
-39742409,-57286005,1415329,3,flower,herb-robert,0,350,474,62000,0,1602281
-39740930,-57286072,1414693,3,grass,moss-cushion,0,220,531,62000,0,1602917
-39740104,-57286133,1414339,3,bush,salal,0,1200,555,62000,0,1603271
-39695152,-57286066,1371327,3,grass,feather-moss,0,220,442,18000,0,1646283
-39692818,-57286247,1370686,3,flower,oxeye-daisy,0,700,329,18000,0,1646924
-39689185,-57286375,1370232,3,bush,salal,0,1200,244,10000,0,1694436
-39688445,-57286295,1370181,3,grass,feather-moss,0,220,251,10000,0,1694487
-39682327,-57285915,1369160,3,grass,meadow-grass,0,450,198,2000,0,1695508
-39681552,-57286256,1369025,3,grass,woolly-fringe-moss,0,220,179,2000,0,1695643
-39680270,-57285687,1368813,3,flower,purple-loosestrife,1,1200,217,2000,0,1695855
-39674632,-57286076,1368113,3,reed,branched-bur-reed,1,1000,145,0,0,1696555
-39670759,-57286275,1367789,3,reed,water-horsetail,1,900,38,0,167,1696879
-39669921,-57286303,1367761,3,grass,canadian-waterweed,1,400,44,0,195,1696907
-39668781,-57286099,1367704,3,flower,impatiens,1,350,52,0,225,1696964
-39667137,-57285776,1367645,3,grass,wood-horsetail,1,500,60,0,204,1697023
-39662010,-57285960,1367568,3,reed,soft-rush,1,900,27,0,184,1697100
-39656094,-57285686,1367498,3,grass,brook-moss-cushion,1,220,5,0,189,1697170
-39655745,-57286018,1367494,3,flower,river-water-crowfoot,1,1400,14,0,193,1697174
-39653352,-57285861,1367429,3,grass,lady-fern,1,900,36,0,232,1697239
-39648951,-57285712,1367400,3,grass,hair-cap-moss,1,240,0,0,230,1697268
-39637336,-57286151,1367315,3,grass,jungle-groundcover,0,800,32,4000,0,1697353
-39636607,-57286150,1367305,3,grass,ribwort-plantain,0,300,16,4000,0,1697363
-39630867,-57286101,1367300,3,flower,marsh-marigold,1,300,0,4000,0,1697368
-39621972,-57286272,1367300,3,flower,red-clover,0,400,0,6000,0,1697368
-39620958,-57285891,1367300,3,grass,hair-cap-moss,1,240,0,6000,0,1697368
-39616387,-57285857,1367300,3,grass,lady-fern,1,900,0,6000,0,1697368
-39615145,-57285733,1367299,3,grass,hair-cap-moss,1,240,0,6000,0,1697369
-39608800,-57286025,1367275,3,reed,branched-bur-reed,1,1000,66,2000,0,1697393
-39607613,-57285685,1367243,3,reed,water-horsetail,1,900,49,2000,0,1697425
-39606268,-57285803,1367288,3,reed,broadleaf-cattail,1,2200,78,0,0,1697380
-39605405,-57285909,1367340,3,flower,herb-robert,0,350,96,0,0,1697328
-39603858,-57286066,1367356,3,grass,harts-tongue-fern,1,500,130,0,0,1697312
-39752706,-57285373,1419915,3,bush,salal,0,1200,672,78000,0,1550637
-39746886,-57285007,1417202,3,bush,salal,0,1200,505,70000,0,1600408
-39738312,-57285458,1413245,3,bush,salal,0,1200,693,62000,0,1604365
-39708339,-57284904,1382408,3,bush,salal,0,1200,889,32000,0,1635202
-39695559,-57285502,1371462,3,grass,feather-moss,0,220,497,18000,0,1646148
-39691289,-57285596,1370566,3,grass,sword-fern,0,1200,250,18000,0,1647044
-39686419,-57284832,1370126,3,grass,ivy-ground-layer,0,220,242,10000,0,1694542
-39686229,-57285022,1370088,3,grass,ivy-ground-layer,0,220,238,10000,0,1694580
-39678167,-57284936,1368450,3,flower,water-mint,1,500,129,2000,0,1696218
-39674521,-57285153,1368068,3,grass,lady-fern,1,900,131,0,0,1696600
-39672895,-57284846,1367954,3,grass,curled-pondweed,1,600,90,0,96,1696714
-39671749,-57285086,1367862,3,bush,salal,0,1200,92,0,195,1696806
-39669982,-57285195,1367756,3,grass,hair-cap-moss,1,240,36,0,200,1696912
-39665416,-57285369,1367607,3,grass,water-starwort,1,250,50,0,207,1697061
-39661410,-57284898,1367568,3,grass,willow-moss,1,350,37,0,205,1697100
-39660416,-57285317,1367525,3,grass,curled-pondweed,1,600,38,0,225,1697143
-39659256,-57284896,1367507,3,grass,curled-pondweed,1,600,20,0,200,1697161
-39655082,-57285204,1367488,3,grass,curled-pondweed,1,600,19,0,199,1697180
-39653069,-57285490,1367419,3,flower,river-water-crowfoot,1,1400,29,0,242,1697249
-39627762,-57285474,1367300,3,flower,purple-loosestrife,1,1200,0,6000,0,1697368
-39625886,-57285317,1367300,3,grass,hair-cap-moss,1,240,0,6000,0,1697368
-39624631,-57285493,1367300,3,grass,bilberry-mat,0,400,0,6000,0,1697368
-39617792,-57285360,1367300,3,flower,oxeye-daisy,0,700,0,6000,0,1697368
-39615074,-57285457,1367299,3,grass,cocksfoot,0,1000,0,6000,0,1697369
-39613917,-57285234,1367299,3,grass,lesser-pond-sedge,1,1000,0,2000,0,1697369
-39610720,-57284834,1367305,3,grass,woolly-fringe-moss,0,220,11,8000,0,1697363
-39606607,-57285365,1367262,3,flower,marsh-marigold,1,300,40,0,0,1697406
-39605420,-57285014,1367298,3,grass,male-fern,0,1200,107,0,0,1697370
-39599365,-57284812,1367404,3,bush,salal,0,1200,757,0,0,1744322
-39790676,-57284734,1429627,3,bush,salal,0,1200,629,112000,0,1540925
-39788558,-57284581,1429335,3,bush,salal,0,1200,612,112000,0,1541217
-39782560,-57284583,1428620,3,bush,salal,0,1200,584,108000,0,1541932
-39778572,-57284128,1427934,3,flower,herb-robert,0,350,545,100000,0,1542618
-39774202,-57284785,1426396,3,grass,moss-cushion,0,220,558,100000,0,1544156
-39770943,-57284387,1425221,3,grass,moss-cushion,0,220,541,92000,0,1545331
-39763871,-57284263,1423682,3,bush,salal,0,1200,464,86000,0,1546870
-39763021,-57284209,1423504,3,grass,woolly-fringe-moss,0,220,451,86000,0,1547048
-39756876,-57284217,1421909,3,bush,salal,0,1200,584,78000,0,1548643
-39733047,-57284010,1409240,3,bush,salal,0,1200,816,56000,0,1608370
-39706351,-57284573,1380684,3,bush,salal,0,1200,962,32000,0,1636926
-39690887,-57284053,1370846,3,grass,jungle-groundcover,0,800,305,18000,0,1646764
-39689090,-57284091,1370612,3,flower,primrose,0,240,272,10000,0,1694056
-39688790,-57284547,1370486,3,grass,hair-cap-moss,1,240,248,10000,0,1694182
-39687085,-57284464,1370260,3,grass,meadow-grass,0,450,255,10000,0,1694408
-39683658,-57284780,1369411,3,flower,large-trillium,0,350,228,10000,0,1695257
-39681521,-57284793,1368977,3,flower,herb-robert,0,350,219,2000,0,1695691
-39678948,-57284556,1368537,3,grass,meadow-grass,0,450,145,2000,0,1696131
-39677480,-57284201,1368348,3,reed,soft-rush,1,900,146,2000,0,1696320
-39675470,-57284473,1368138,3,grass,feather-moss,0,220,155,2000,0,1696530
-39670571,-57284588,1367802,3,grass,woolly-fringe-moss,0,220,81,0,150,1696866
-39669678,-57284346,1367769,3,grass,lesser-pond-sedge,1,1000,68,0,183,1696899
-39669351,-57284695,1367746,3,grass,spiked-water-milfoil,1,1000,51,0,206,1696922
-39668089,-57284454,1367727,3,flower,cowslip,0,300,57,0,194,1696941
-39667699,-57284630,1367710,3,flower,yellow-flag-iris,1,1000,67,0,211,1696958
-39663700,-57284229,1367602,3,flower,purple-loosestrife,1,1200,25,0,179,1697066
-39659724,-57284637,1367518,3,grass,watercress,1,300,36,0,189,1697150
-39655538,-57284413,1367497,3,grass,needle-spike-rush,1,220,8,0,193,1697171
-39654551,-57284110,1367477,3,flower,yellow-water-lily,1,400,32,0,213,1697191
-39650527,-57284541,1367400,3,grass,brook-moss-cushion,1,220,0,0,230,1697268
-39645394,-57284225,1367396,3,grass,lady-fern,1,900,10,0,0,1697272
-39643731,-57284490,1367393,3,reed,water-horsetail,1,900,14,2000,0,1697275
-39639016,-57284483,1367387,3,grass,bilberry-mat,0,400,27,2000,0,1697281
-39632519,-57284136,1367300,3,grass,meadow-grass,0,450,2,10000,0,1697368
-39626788,-57284287,1367300,3,flower,harebell,0,350,0,14000,0,1697368
-39624394,-57284144,1367300,3,flower,red-campion,0,700,0,14000,0,1697368
-39623158,-57284774,1367300,3,grass,lady-fern,1,900,0,14000,0,1697368
-39613462,-57284640,1367300,3,reed,soft-rush,1,900,0,8000,0,1697368
-39610785,-57284567,1367303,3,grass,hair-cap-moss,1,240,8,8000,0,1697365
-39608629,-57284118,1367298,3,grass,lady-fern,1,900,9,8000,0,1697370
-39604705,-57284584,1367263,3,grass,male-fern,0,1200,85,4000,0,1697405
-39602498,-57284488,1367286,3,grass,wood-sedge,0,500,62,4000,0,1697382
-39601156,-57284432,1367321,3,flower,cowslip,0,300,396,4000,0,1697347
-39780472,-57283742,1428573,3,bush,salal,0,1200,571,108000,0,1541979
-39778922,-57283415,1428282,3,bush,salal,0,1200,539,100000,0,1542270
-39773038,-57283659,1426170,3,grass,woolly-fringe-moss,0,220,526,100000,0,1544382
-39771606,-57283977,1425598,3,grass,woolly-fringe-moss,0,220,532,92000,0,1544954
-39770043,-57283887,1425007,3,grass,woolly-fringe-moss,0,220,499,92000,0,1545545
-39769238,-57283450,1424814,3,flower,herb-robert,0,350,466,92000,0,1545738
-39765819,-57283595,1424194,3,grass,jungle-groundcover,0,800,424,92000,0,1546358
-39764388,-57283977,1423846,3,bush,salal,0,1200,461,86000,0,1546706
-39758565,-57283847,1422580,3,bush,salal,0,1200,533,86000,0,1547972
-39743915,-57283236,1415754,3,bush,salal,0,1200,554,70000,0,1601856
-39737857,-57283653,1412806,3,bush,salal,0,1200,716,62000,0,1604804
-39735964,-57283366,1411832,3,bush,salal,0,1200,750,62000,0,1605778
-39732617,-57283576,1408961,3,bush,salal,0,1200,708,56000,0,1608649
-39714988,-57283938,1386874,3,bush,salal,0,1200,836,40000,0,1630736
-39695918,-57283310,1371960,3,grass,feather-moss,0,220,499,18000,0,1645650
-39694327,-57283313,1371545,3,flower,harebell,0,350,435,18000,0,1646065
-39685658,-57283544,1369881,3,flower,red-clover,0,400,250,10000,0,1694787
-39681403,-57283381,1368886,3,grass,woolly-fringe-moss,0,220,228,2000,0,1695782
-39678833,-57283422,1368507,3,flower,water-forget-me-not,1,300,150,2000,0,1696161
-39673862,-57283633,1368041,3,flower,flowering-rush,1,1200,63,0,5,1696627
-39672229,-57283437,1368009,3,flower,yellow-flag-iris,1,1000,112,0,41,1696659
-39671493,-57283341,1367950,3,grass,hair-cap-moss,1,240,131,0,100,1696718
-39663503,-57283382,1367619,3,grass,curled-pondweed,1,600,37,0,162,1697049
-39663065,-57283363,1367608,3,grass,canadian-waterweed,1,400,25,0,173,1697060
-39649645,-57283648,1367400,3,reed,broadleaf-cattail,1,2200,0,0,230,1697268
-39647112,-57283369,1367399,3,flower,red-clover,0,400,0,0,251,1697269
-39646269,-57283217,1367399,3,grass,rigid-hornwort,1,600,0,0,0,1697269
-39645138,-57283780,1367397,3,grass,harts-tongue-fern,1,500,4,0,0,1697271
-39632529,-57283275,1367305,3,reed,common-cottongrass,1,500,12,10000,0,1697363
-39619202,-57283447,1367300,3,grass,sedge-tussock,1,600,0,12000,0,1697368
-39613660,-57283267,1367300,3,flower,herb-robert,0,350,0,8000,0,1697368
-39611730,-57283650,1367300,3,reed,soft-rush,1,900,0,8000,0,1697368
-39607267,-57283211,1367295,3,flower,water-mint,1,500,12,4000,0,1697373
-39605164,-57283600,1367257,3,flower,red-clover,0,400,43,4000,0,1697411
-39604477,-57283980,1367238,3,flower,large-trillium,0,350,17,4000,0,1697430
-39603580,-57283789,1367237,3,grass,cocksfoot,0,1000,24,4000,0,1697431
-39602031,-57283847,1367324,3,grass,wood-horsetail,1,500,104,4000,0,1697344
-39601483,-57283839,1367394,3,reed,soft-rush,1,900,123,4000,0,1697274
-39597671,-57283424,1367093,3,grass,woolly-fringe-moss,0,220,461,0,0,1744633
-39597382,-57283656,1367176,3,flower,herb-robert,0,350,493,0,0,1744550
-39778928,-57282635,1428497,3,flower,herb-robert,0,350,542,100000,0,1542055
-39762133,-57282782,1423662,3,bush,salal,0,1200,457,86000,0,1546890
-39748483,-57282474,1418387,3,grass,feather-moss,0,220,536,70000,0,1599223
-39746190,-57282411,1417151,3,grass,woolly-fringe-moss,0,220,528,70000,0,1600459
-39711124,-57282865,1384431,3,bush,salal,0,1200,722,32000,0,1633179
-39694300,-57282928,1371620,3,grass,wood-horsetail,1,500,442,18000,0,1645990
-39693333,-57282704,1371461,3,flower,red-campion,0,700,401,18000,0,1646149
-39692309,-57282797,1371290,3,grass,moss-cushion,0,220,371,18000,0,1646320
-39691421,-57283069,1371137,3,grass,cocksfoot,0,1000,335,18000,0,1646473
-39684171,-57282607,1369478,3,flower,herb-robert,0,350,274,10000,0,1695190
-39679957,-57282608,1368624,3,grass,ivy-ground-layer,0,220,162,2000,0,1696044
-39676314,-57282432,1368189,3,flower,yellow-flag-iris,1,1000,103,2000,0,1696479
-39661981,-57282717,1367602,3,reed,broadleaf-cattail,1,2200,17,0,212,1697066
-39659167,-57283132,1367548,3,grass,lady-fern,1,900,53,0,159,1697120
-39653300,-57282939,1367427,3,flower,fringed-water-lily,1,250,35,0,256,1697241
-39652725,-57283072,1367413,3,grass,rigid-hornwort,1,600,22,0,270,1697255
-39651727,-57282699,1367401,3,flower,water-plantain,1,800,5,0,235,1697267
-39647964,-57282403,1367400,3,grass,canadian-waterweed,1,400,0,0,250,1697268
-39645921,-57282953,1367399,3,flower,bogbean,1,300,0,0,0,1697269
-39640416,-57282771,1367399,3,flower,pickerelweed,1,800,0,2000,0,1697269
-39630844,-57282967,1367308,3,flower,primrose,0,240,20,10000,0,1697360
-39628907,-57282923,1367300,3,flower,yarrow,0,600,3,14000,0,1697368
-39625189,-57282882,1367300,3,flower,primrose,0,240,0,14000,0,1697368
-39621029,-57283039,1367300,3,grass,ribwort-plantain,0,300,0,12000,0,1697368
-39620414,-57283143,1367300,3,grass,harts-tongue-fern,1,500,0,12000,0,1697368
-39617266,-57282584,1367300,3,grass,timothy,0,900,0,12000,0,1697368
-39611143,-57282809,1367300,3,grass,sedge-tussock,1,600,0,8000,0,1697368
-39609699,-57282700,1367300,3,flower,yarrow,0,600,0,8000,0,1697368
-39608495,-57282558,1367299,3,grass,feather-moss,0,220,0,8000,0,1697369
-39605211,-57282728,1367283,3,grass,hair-cap-moss,1,240,35,4000,0,1697385
-39604483,-57283107,1367258,3,grass,lady-fern,1,900,52,4000,0,1697410
-39602094,-57282866,1367278,3,grass,meadow-grass,0,450,72,4000,0,1697390
-39598099,-57283034,1367236,3,grass,male-fern,0,1200,406,0,0,1744490
-39596541,-57282475,1367142,3,grass,male-fern,0,1200,334,0,0,1744584
-39594078,-57282766,1367037,3,bush,salal,0,1200,648,0,0,1744689
-39776552,-57282187,1427734,3,grass,feather-moss,0,220,533,100000,0,1542818
-39773703,-57281681,1426751,3,grass,feather-moss,0,220,517,100000,0,1543801
-39770551,-57281808,1425611,3,grass,bilberry-mat,0,400,426,92000,0,1544941
-39766073,-57281937,1424576,3,bush,salal,0,1200,386,92000,0,1545976
-39763048,-57282239,1424007,3,grass,feather-moss,0,220,461,86000,0,1546545
-39760082,-57282126,1423337,3,flower,herb-robert,0,350,450,86000,0,1547215
-39759783,-57281955,1423308,3,bush,salal,0,1200,452,86000,0,1547244
-39758622,-57282027,1423003,3,grass,moss-cushion,0,220,497,86000,0,1547549
-39757909,-57281629,1422823,3,bush,salal,0,1200,511,86000,0,1547729
-39743122,-57281670,1415268,3,bush,salal,0,1200,646,70000,0,1602342
-39739356,-57282235,1413381,3,bush,salal,0,1200,663,62000,0,1604229
-39734006,-57282244,1410249,3,bush,salal,0,1200,848,56000,0,1607361
-39696343,-57282048,1372250,3,grass,meadow-grass,0,450,465,18000,0,1645360
-39687202,-57281807,1370283,3,grass,hair-cap-moss,1,240,288,10000,0,1694385
-39686522,-57281675,1370073,3,flower,harebell,0,350,276,10000,0,1694595
-39686354,-57282072,1370018,3,grass,sword-fern,0,1200,268,10000,0,1694650
-39683572,-57281789,1369273,3,flower,fireweed,0,1200,296,10000,0,1695395
-39681242,-57281681,1368806,3,grass,lady-fern,1,900,171,2000,0,1695862
-39680466,-57281786,1368677,3,grass,wood-sedge,0,500,178,2000,0,1695991
-39679071,-57282288,1368492,3,flower,meadow-daisy,0,420,186,2000,0,1696176
-39677474,-57281634,1368285,3,flower,arrowhead,1,800,106,2000,0,1696383
-39671951,-57282078,1368046,3,grass,sword-fern,0,1200,96,0,0,1696622
-39671039,-57281671,1367987,3,flower,river-water-crowfoot,1,1400,116,0,20,1696681
-39669433,-57282036,1367855,3,grass,wood-sedge,0,500,89,0,152,1696813
-39666652,-57281943,1367766,3,grass,needle-spike-rush,1,220,55,0,160,1696902
-39665341,-57281671,1367717,3,grass,canadian-waterweed,1,400,56,0,151,1696951
-39662082,-57282222,1367609,3,grass,watercress,1,300,26,0,205,1697059
-39659802,-57281617,1367593,3,grass,blanket-weed,1,400,21,0,161,1697075
-39658516,-57281627,1367570,3,grass,common-stonewort,1,350,45,0,184,1697098
-39654471,-57281729,1367477,3,flower,purple-loosestrife,1,1200,34,0,215,1697191
-39653061,-57282364,1367422,3,grass,willow-moss,1,350,36,0,261,1697246
-39649661,-57282170,1367400,3,grass,feather-moss,0,220,0,0,220,1697268
-39649598,-57282095,1367400,3,reed,wild-rice,1,2000,0,0,220,1697268
-39646787,-57281607,1367400,3,flower,purple-loosestrife,1,1200,0,0,0,1697268
-39644316,-57281817,1367400,3,grass,brook-moss-cushion,1,220,0,2000,0,1697268
-39642576,-57281794,1367400,3,flower,marsh-cinquefoil,1,400,0,2000,0,1697268
-39642371,-57282055,1367400,3,flower,yellow-flag-iris,1,1000,0,2000,0,1697268
-39641420,-57282224,1367400,3,flower,marsh-marigold,1,300,0,2000,0,1697268
-39624887,-57282113,1367300,3,grass,cocksfoot,0,1000,0,14000,0,1697368
-39624490,-57281674,1367300,3,grass,jungle-groundcover,0,800,0,14000,0,1697368
-39623802,-57281796,1367300,3,flower,primrose,0,240,0,14000,0,1697368
-39623121,-57281640,1367300,3,flower,cowslip,0,300,0,14000,0,1697368
-39621570,-57282356,1367300,3,flower,herb-robert,0,350,0,12000,0,1697368
-39615427,-57281990,1367300,3,grass,understory-fern,0,900,3,12000,0,1697368
-39612663,-57282238,1367300,3,flower,oxeye-daisy,0,700,0,8000,0,1697368
-39610597,-57282163,1367300,3,grass,sphagnum-hummock,1,280,1,8000,0,1697368
-39609552,-57281787,1367301,3,reed,soft-rush,1,900,4,8000,0,1697367
-39605255,-57282096,1367295,3,grass,bilberry-mat,0,400,12,4000,0,1697373
-39599839,-57281884,1367280,3,flower,arrowhead,1,800,84,0,0,1744446
-39597963,-57281687,1367352,3,reed,soft-rush,1,900,123,0,0,1744374
-39596452,-57281737,1367216,3,grass,ivy-ground-layer,0,220,305,0,0,1744510
-39595593,-57282214,1366877,3,grass,brook-moss-cushion,1,220,475,0,0,1744849
-39773245,-57281581,1426581,3,grass,feather-moss,0,220,514,100000,0,1543971
-39766957,-57281092,1424889,3,grass,feather-moss,0,220,391,92000,0,1545663
-39741441,-57280824,1414430,3,bush,salal,0,1200,691,62000,0,1603180
-39738922,-57280880,1413062,3,bush,salal,0,1200,717,62000,0,1604548
-39737005,-57281323,1412192,3,bush,salal,0,1200,720,62000,0,1605418
-39735564,-57280828,1411235,3,bush,salal,0,1200,772,62000,0,1606375
-39715779,-57280925,1387325,3,bush,salal,0,1200,653,40000,0,1630285
-39715088,-57281482,1386838,3,bush,salal,0,1200,659,40000,0,1630772
-39694499,-57281317,1372014,3,grass,woolly-fringe-moss,0,220,512,18000,0,1645596
-39693893,-57280828,1371914,3,flower,herb-robert,0,350,497,18000,0,1645696
-39685667,-57281176,1369847,3,flower,meadow-daisy,0,420,297,10000,0,1694821
-39681615,-57281442,1368864,3,grass,feather-moss,0,220,176,2000,0,1695804
-39680728,-57281216,1368718,3,flower,water-forget-me-not,1,300,185,2000,0,1695950
-39677739,-57281315,1368319,3,flower,purple-loosestrife,1,1200,108,2000,0,1696349
-39673761,-57281353,1368159,3,grass,brook-moss-cushion,1,220,93,0,0,1696509
-39671735,-57281197,1368055,3,reed,soft-rush,1,900,105,0,0,1696613
-39664458,-57281360,1367697,3,reed,water-horsetail,1,900,49,0,171,1696971
-39660957,-57280910,1367611,3,grass,willow-moss,1,350,28,0,203,1697057
-39660331,-57281130,1367601,3,grass,bilberry-mat,0,400,17,0,213,1697067
-39648480,-57281600,1367400,3,reed,water-horsetail,1,900,0,0,250,1697268
-39647522,-57281163,1367400,3,reed,soft-rush,1,900,0,0,260,1697268
-39642388,-57280897,1367400,3,flower,pickerelweed,1,800,0,2000,0,1697268
-39638635,-57281501,1367399,3,reed,bulrush,1,1400,0,2000,0,1697269
-39638355,-57281097,1367399,3,grass,brook-moss-cushion,1,220,0,2000,0,1697269
-39636976,-57281361,1367396,3,flower,primrose,0,240,10,10000,0,1697272
-39634982,-57281125,1367383,3,grass,sword-fern,0,1200,27,10000,0,1697285
-39633928,-57280976,1367384,3,grass,hair-cap-moss,1,240,25,10000,0,1697284
-39633538,-57280947,1367383,3,grass,lady-fern,1,900,25,10000,0,1697285
-39632431,-57280819,1367382,3,flower,red-campion,0,700,30,10000,0,1697286
-39628914,-57281137,1367327,3,flower,red-clover,0,400,38,14000,0,1697341
-39625444,-57281136,1367300,3,grass,sword-fern,0,1200,2,14000,0,1697368
-39620432,-57281351,1367301,3,grass,hair-cap-moss,1,240,5,12000,0,1697367
-39598251,-57281489,1367345,3,reed,branched-bur-reed,1,1000,100,0,0,1744381
-39772882,-57280542,1426513,3,flower,herb-robert,0,350,476,100000,0,1544039
-39770832,-57280784,1425879,3,bush,salal,0,1200,419,92000,0,1544673
-39761260,-57280071,1424185,3,grass,moss-cushion,0,220,450,86000,0,1546367
-39754816,-57280396,1421565,3,grass,woolly-fringe-moss,0,220,527,78000,0,1548987
-39714839,-57280429,1386752,3,bush,salal,0,1200,655,40000,0,1630858
-39711005,-57280375,1384439,3,bush,salal,0,1200,654,32000,0,1633171
-39706181,-57280704,1380635,3,bush,salal,0,1200,919,32000,0,1636975
-39681031,-57280679,1368755,3,grass,sword-fern,0,1200,186,2000,0,1695913
-39674019,-57280687,1368199,3,flower,water-forget-me-not,1,300,100,0,0,1696469
-39672497,-57280448,1368119,3,grass,watercress,1,300,103,0,0,1696549
-39670676,-57280107,1367966,3,grass,timothy,0,900,136,0,0,1696702
-39669045,-57280259,1367857,3,flower,bogbean,1,300,77,0,89,1696811
-39663659,-57280797,1367687,3,reed,reed-sweet-grass,1,1500,49,0,180,1696981
-39662551,-57280107,1367669,3,grass,willow-moss,1,350,53,0,198,1696999
-39658426,-57280670,1367580,3,grass,curled-pondweed,1,600,34,0,199,1697088
-39651986,-57280648,1367426,3,reed,reed-sweet-grass,1,1500,44,0,231,1697242
-39651112,-57280340,1367417,3,reed,wild-rice,1,2000,35,0,240,1697251
-39646836,-57280386,1367400,3,grass,lesser-pond-sedge,1,1000,0,0,260,1697268
-39643274,-57280456,1367400,3,flower,yellow-flag-iris,1,1000,0,2000,0,1697268
-39643019,-57280279,1367400,3,flower,yellow-flag-iris,1,1000,0,2000,0,1697268
-39637775,-57280122,1367399,3,reed,common-cottongrass,1,500,0,2000,0,1697269
-39634026,-57280059,1367399,3,flower,herb-robert,0,350,3,10000,0,1697269
-39630629,-57280075,1367379,3,flower,yarrow,0,600,36,10000,0,1697289
-39625053,-57280707,1367301,3,flower,herb-robert,0,350,4,14000,0,1697367
-39622820,-57280630,1367300,3,grass,bilberry-mat,0,400,1,14000,0,1697368
-39621813,-57280008,1367301,3,grass,lady-fern,1,900,4,12000,0,1697367
-39618633,-57280535,1367323,3,grass,moss-cushion,0,220,24,12000,0,1697345
-39617878,-57280574,1367315,3,grass,hair-cap-moss,1,240,25,12000,0,1697353
-39610031,-57280642,1367315,3,flower,oxeye-daisy,0,700,26,8000,0,1697353
-39597932,-57280792,1367292,3,flower,water-forget-me-not,1,300,8,0,0,1744434
-39595727,-57280658,1367382,3,reed,broadleaf-cattail,1,2200,82,0,0,1744344
-39593736,-57280442,1367312,3,flower,purple-loosestrife,1,1200,192,0,0,1744414
-39593081,-57280793,1367140,3,grass,wood-sedge,0,500,317,0,0,1744586
-39789199,-57279400,1432366,3,bush,salal,0,1200,844,112000,0,1538186
-39770993,-57279815,1426023,3,grass,timothy,0,900,407,92000,0,1544529
-39764420,-57279488,1424896,3,flower,meadow-daisy,0,420,377,86000,0,1545656
-39760345,-57279944,1423907,3,grass,woolly-fringe-moss,0,220,478,86000,0,1546645
-39757354,-57279731,1422753,3,grass,male-fern,0,1200,444,78000,0,1547799
-39746230,-57279558,1416917,3,bush,salal,0,1200,782,70000,0,1600693
-39717513,-57279275,1388530,3,bush,salal,0,1200,703,40000,0,1629080
-39716537,-57279352,1387838,3,bush,salal,0,1200,616,40000,0,1629772
-39694382,-57279594,1372291,3,grass,woolly-fringe-moss,0,220,480,18000,0,1645319
-39692157,-57279831,1371709,3,grass,feather-moss,0,220,423,18000,0,1645901
-39690902,-57279329,1371419,3,grass,lady-fern,1,900,388,18000,0,1646191
-39684429,-57279785,1369503,3,grass,hair-cap-moss,1,240,314,10000,0,1695165
-39682696,-57279576,1369022,3,grass,male-fern,0,1200,188,10000,0,1695646
-39682371,-57279412,1368968,3,flower,red-campion,0,700,192,2000,0,1695700
-39680430,-57279554,1368663,3,flower,water-mint,1,500,160,2000,0,1696005
-39677003,-57279305,1368395,3,grass,lesser-pond-sedge,1,1000,117,2000,0,1696273
-39675117,-57279830,1368281,3,grass,feather-moss,0,220,104,2000,0,1696387
-39673860,-57279450,1368234,3,grass,watercress,1,300,105,0,0,1696434
-39670361,-57279253,1367958,3,grass,sedge-tussock,1,600,131,0,15,1696710
-39668966,-57279488,1367881,3,reed,water-horsetail,1,900,74,0,65,1696787
-39668749,-57279602,1367869,3,reed,water-horsetail,1,900,70,0,77,1696799
-39661764,-57279620,1367663,3,reed,reed-sweet-grass,1,1500,56,0,151,1697005
-39659554,-57279270,1367610,3,grass,cocksfoot,0,1000,31,0,194,1697058
-39657554,-57279233,1367554,3,flower,water-plantain,1,800,45,0,214,1697114
-39656786,-57279296,1367527,3,flower,water-mint,1,500,41,0,241,1697141
-39653809,-57279438,1367493,3,grass,lesser-pond-sedge,1,1000,21,0,192,1697175
-39653473,-57279762,1367483,3,flower,fringed-water-lily,1,250,33,0,202,1697185
-39652547,-57279512,1367471,3,reed,sweet-flag,1,1000,46,0,214,1697197
-39651412,-57279709,1367438,3,grass,ribwort-plantain,0,300,51,0,219,1697230
-39649531,-57279545,1367409,3,grass,watercress,1,300,22,0,223,1697259
-39646279,-57279874,1367400,3,grass,canadian-waterweed,1,400,0,0,0,1697268
-39641140,-57279574,1367400,3,flower,yellow-flag-iris,1,1000,0,2000,0,1697268
-39640777,-57279211,1367400,3,flower,pickerelweed,1,800,0,2000,0,1697268
-39639879,-57279981,1367400,3,flower,yellow-flag-iris,1,1000,0,2000,0,1697268
-39634773,-57279887,1367399,3,flower,herb-robert,0,350,1,10000,0,1697269
-39630286,-57279942,1367378,3,grass,sphagnum-hummock,1,280,36,10000,0,1697290
-39626565,-57279589,1367339,3,grass,ivy-ground-layer,0,220,50,14000,0,1697329
-39625173,-57279892,1367309,3,grass,sphagnum-hummock,1,280,21,14000,0,1697359
-39621878,-57279620,1367303,3,grass,bilberry-mat,0,400,8,12000,0,1697365
-39621312,-57279720,1367304,3,grass,hair-cap-moss,1,240,12,12000,0,1697364
-39620686,-57279358,1367315,3,grass,sphagnum-hummock,1,280,29,12000,0,1697353
-39618211,-57279789,1367337,3,flower,red-clover,0,400,30,12000,0,1697331
-39602829,-57279323,1367314,3,grass,bilberry-mat,0,400,24,4000,0,1697354
-39599042,-57279621,1367328,3,grass,curled-pondweed,1,600,32,0,0,1744398
-39592462,-57279550,1367342,3,grass,willow-moss,1,350,249,0,0,1744384
-39591851,-57279882,1367191,3,grass,meadow-grass,0,450,518,0,0,1744535
-39591052,-57279321,1367392,3,grass,willow-moss,1,350,200,0,0,1744334
-39590126,-57279950,1367288,3,flower,common-knapweed,0,800,416,0,0,1744438
-39775276,-57278596,1427428,3,bush,salal,0,1200,514,100000,0,1543124
-39766492,-57278762,1425304,3,grass,bilberry-mat,0,400,362,92000,0,1545248
-39762967,-57278983,1424762,3,flower,yarrow,0,600,405,86000,0,1545790
-39760931,-57278903,1424287,3,grass,feather-moss,0,220,372,86000,0,1546265
-39760394,-57278683,1424099,3,grass,feather-moss,0,220,357,86000,0,1546453
-39717130,-57279113,1388191,3,bush,salal,0,1200,643,40000,0,1629419
-39693051,-57278505,1372022,3,grass,meadow-grass,0,450,440,18000,0,1645588
-39691230,-57279007,1371506,3,grass,feather-moss,0,220,404,18000,0,1646104
-39691064,-57278470,1371501,3,grass,meadow-grass,0,450,403,18000,0,1646109
-39690127,-57279153,1371168,3,flower,red-campion,0,700,358,18000,0,1646442
-39683925,-57278611,1369335,3,grass,moss-cushion,0,220,226,10000,0,1695333
-39681707,-57279016,1368855,3,grass,lesser-pond-sedge,1,1000,177,2000,0,1695813
-39675441,-57278718,1368356,3,flower,water-forget-me-not,1,300,110,2000,0,1696312
-39673340,-57278765,1368239,3,grass,harts-tongue-fern,1,500,106,0,0,1696429
-39671395,-57278855,1368076,3,reed,soft-rush,1,900,137,0,0,1696592
-39670295,-57278898,1367966,3,flower,meadow-daisy,0,420,127,0,7,1696702
-39668350,-57278679,1367908,3,grass,lesser-pond-sedge,1,1000,72,0,135,1696760
-39667507,-57278466,1367897,3,reed,sweet-flag,1,1000,88,0,146,1696771
-39666614,-57279013,1367834,3,grass,timothy,0,900,88,0,186,1696834
-39664844,-57278897,1367757,3,flower,water-forget-me-not,1,300,60,0,184,1696911
-39655616,-57278402,1367521,3,grass,watercress,1,300,40,0,206,1697147
-39653966,-57279162,1367497,3,grass,water-chestnut,1,250,17,0,212,1697171
-39653472,-57278955,1367495,3,reed,branched-bur-reed,1,1000,18,0,214,1697173
-39652574,-57278650,1367488,3,flower,arrowhead,1,800,27,0,221,1697180
-39651442,-57278925,1367460,3,grass,lady-fern,1,900,51,0,254,1697208
-39646387,-57279006,1367400,3,grass,jungle-groundcover,0,800,0,0,0,1697268
-39636136,-57278403,1367400,3,bush,salal,0,1200,0,10000,0,1697268
-39629232,-57278947,1367393,3,grass,sphagnum-hummock,1,280,14,14000,0,1697275
-39621217,-57278939,1367313,3,flower,impatiens,1,350,27,12000,0,1697355
-39617662,-57278590,1367348,3,grass,cocksfoot,0,1000,12,12000,0,1697320
-39616579,-57278590,1367356,3,reed,common-cottongrass,1,500,40,12000,0,1697312
-39614895,-57279198,1367359,3,flower,oxeye-daisy,0,700,29,8000,0,1697309
-39611751,-57278503,1367328,3,grass,hair-cap-moss,1,240,34,8000,0,1697340
-39609656,-57278721,1367350,3,grass,sphagnum-hummock,1,280,2,8000,0,1697318
-39608471,-57278758,1367343,3,grass,wood-horsetail,1,500,22,8000,0,1697325
-39601872,-57279146,1367327,3,flower,water-mint,1,500,31,4000,0,1697341
-39600351,-57278980,1367342,3,grass,hair-cap-moss,1,240,28,4000,0,1697326
-39599870,-57278688,1367350,3,flower,flowering-rush,1,1200,24,0,0,1744376
-39595502,-57278857,1367296,3,grass,needle-spike-rush,1,220,62,0,0,1744430
-39592527,-57278576,1367357,3,flower,fireweed,0,1200,124,0,0,1744369
-39590486,-57278538,1367326,3,grass,water-earwort,1,200,178,0,0,1744400
-39775208,-57278005,1427509,3,grass,moss-cushion,0,220,515,100000,0,1543043
-39774044,-57277857,1427103,3,grass,feather-moss,0,220,463,100000,0,1543449
-39770469,-57278108,1426167,3,grass,wood-sedge,0,500,374,92000,0,1544385
-39769929,-57278372,1426016,3,grass,timothy,0,900,371,92000,0,1544536
-39764745,-57278118,1425221,3,grass,jungle-groundcover,0,800,344,86000,0,1545331
-39763624,-57277806,1425093,3,grass,cocksfoot,0,1000,325,86000,0,1545459
-39762485,-57277804,1424820,3,flower,cowslip,0,300,376,86000,0,1545732
-39760121,-57278357,1424027,3,grass,ivy-ground-layer,0,220,332,86000,0,1546525
-39758734,-57278083,1423518,3,flower,cowslip,0,300,378,86000,0,1547034
-39756906,-57277756,1422513,3,bush,salal,0,1200,586,78000,0,1548039
-39716009,-57277930,1387498,3,grass,moss-cushion,0,220,580,40000,0,1630112
-39714834,-57278291,1386826,3,grass,moss-cushion,0,220,566,40000,0,1630784
-39712328,-57278118,1385290,3,bush,salal,0,1200,650,32000,0,1632320
-39690956,-57278381,1371471,3,grass,male-fern,0,1200,401,18000,0,1646139
-39688692,-57277972,1370704,3,grass,wood-sedge,0,500,350,10000,0,1693964
-39682842,-57278327,1369049,3,flower,red-campion,0,700,188,10000,0,1695619
-39679889,-57278041,1368682,3,grass,male-fern,0,1200,154,2000,0,1695986
-39676808,-57277813,1368503,3,flower,fireweed,0,1200,145,2000,0,1696165
-39671801,-57277954,1368175,3,flower,herb-robert,0,350,122,0,0,1696493
-39657282,-57278355,1367557,3,reed,soft-rush,1,900,51,0,211,1697111
-39655472,-57278309,1367520,3,grass,lesser-pond-sedge,1,1000,39,0,207,1697148
-39650736,-57277971,1367472,3,flower,herb-robert,0,350,45,0,242,1697196
-39647622,-57277690,1367416,3,grass,sword-fern,0,1200,29,0,256,1697252
-39645552,-57278016,1367402,3,flower,yellow-water-lily,1,400,7,0,0,1697266
-39637187,-57278346,1367400,3,grass,sword-fern,0,1200,0,10000,0,1697268
-39635739,-57277993,1367400,3,grass,understory-fern,0,900,0,10000,0,1697268
-39634872,-57278075,1367400,3,grass,feather-moss,0,220,0,10000,0,1697268
-39632463,-57277993,1367399,3,flower,yarrow,0,600,0,10000,0,1697269
-39629102,-57277691,1367399,3,flower,meadow-daisy,0,420,0,14000,0,1697269
-39628171,-57278113,1367397,3,flower,herb-robert,0,350,9,14000,0,1697271
-39626025,-57278158,1367369,3,grass,sphagnum-hummock,1,280,41,14000,0,1697299
-39622112,-57278372,1367316,3,grass,sphagnum-hummock,1,280,18,12000,0,1697352
-39619999,-57277871,1367348,3,flower,meadow-daisy,0,420,9,12000,0,1697320
-39614851,-57278368,1367371,3,grass,hair-cap-moss,1,240,28,8000,0,1697297
-39609217,-57277615,1367352,3,grass,male-fern,0,1200,13,8000,0,1697316
-39607922,-57278157,1367353,3,grass,lady-fern,1,900,25,8000,0,1697315
-39605690,-57278175,1367357,3,flower,purple-loosestrife,1,1200,44,4000,0,1697311
-39600312,-57278100,1367368,3,grass,cocksfoot,0,1000,35,4000,0,1697300
-39599503,-57278007,1367359,3,flower,water-mint,1,500,29,0,0,1744367
-39596321,-57277982,1367349,3,grass,water-chestnut,1,250,46,0,0,1744377
-39589818,-57277728,1367290,3,reed,water-horsetail,1,900,120,0,0,1744436
-39589050,-57277994,1367065,3,grass,meadow-grass,0,450,460,0,0,1744661
-39772037,-57276989,1426720,3,grass,woolly-fringe-moss,0,220,389,94000,0,1543832
-39760006,-57277091,1423959,3,grass,cocksfoot,0,1000,393,86000,0,1546593
-39717060,-57277046,1387960,3,bush,salal,0,1200,570,40000,0,1629650
-39713649,-57277563,1386095,3,grass,meadow-grass,0,450,593,40000,0,1631515
-39712602,-57277484,1385462,3,bush,salal,0,1200,630,40000,0,1632148
-39693412,-57277034,1372392,3,bush,salal,0,1200,806,20000,0,1645218
-39684310,-57277555,1369478,3,grass,feather-moss,0,220,234,10000,0,1695190
-39680028,-57276855,1368815,3,grass,feather-moss,0,220,172,6000,0,1695853
-39679448,-57277472,1368714,3,flower,yarrow,0,600,152,6000,0,1695954
-39678357,-57277083,1368687,3,grass,male-fern,0,1200,155,6000,0,1695981
-39676571,-57276901,1368563,3,flower,primrose,0,240,156,6000,0,1696105
-39675362,-57277287,1368453,3,grass,jungle-groundcover,0,800,139,6000,0,1696215
-39665930,-57276932,1367851,3,flower,fringed-water-lily,1,250,81,0,216,1696817
-39659406,-57277308,1367645,3,grass,sword-fern,0,1200,48,0,206,1697023
-39655655,-57277589,1367544,3,grass,feather-moss,0,220,53,0,183,1697124
-39650678,-57277146,1367485,3,reed,branched-bur-reed,1,1000,31,0,254,1697183
-39645740,-57277000,1367414,3,flower,herb-robert,0,350,29,0,0,1697254
-39644898,-57276847,1367405,3,grass,wood-sedge,0,500,14,4000,0,1697263
-39639289,-57277579,1367400,3,reed,wild-rice,1,2000,0,2000,0,1697268
-39638281,-57277438,1367400,3,reed,soft-rush,1,900,0,4000,0,1697268
-39636359,-57277222,1367400,3,grass,meadow-grass,0,450,0,10000,0,1697268
-39634779,-57277416,1367400,3,grass,lady-fern,1,900,0,10000,0,1697268
-39631809,-57277105,1367400,3,flower,red-campion,0,700,0,10000,0,1697268
-39629997,-57277593,1367400,3,grass,hair-cap-moss,1,240,0,14000,0,1697268
-39628113,-57277199,1367399,3,grass,sphagnum-hummock,1,280,2,18000,0,1697269
-39623920,-57277001,1367357,3,flower,herb-robert,0,350,16,18000,0,1697311
-39623029,-57277599,1367337,3,grass,lady-fern,1,900,31,14000,0,1697331
-39616545,-57277017,1367387,3,grass,ribwort-plantain,0,300,24,18000,0,1697281
-39608379,-57276957,1367367,3,grass,understory-fern,0,900,18,14000,0,1697301
-39603914,-57276805,1367401,3,grass,lady-fern,1,900,27,10000,0,1697267
-39598954,-57277230,1367362,3,grass,sphagnum-hummock,1,280,35,6000,0,1744364
-39596032,-57277251,1367375,3,grass,sphagnum-hummock,1,280,42,6000,0,1744351
-39594998,-57277432,1367372,3,grass,feather-moss,0,220,52,6000,0,1744354
-39588722,-57277526,1367253,3,grass,brook-moss-cushion,1,220,417,0,0,1744473
-39586701,-57277021,1367350,3,flower,red-campion,0,700,238,4000,0,1744376
-39583608,-57276891,1367135,3,bush,salal,0,1200,812,0,0,1744591
-39791471,-57276721,1434404,3,bush,salal,0,1200,808,116000,0,1536148
-39779566,-57276665,1429593,3,bush,salal,0,1200,681,100000,0,1540959
-39778371,-57276348,1429026,3,bush,salal,0,1200,629,100000,0,1541526
-39775315,-57276084,1427732,3,grass,moss-cushion,0,220,486,100000,0,1542820
-39773662,-57276166,1427200,3,grass,ivy-ground-layer,0,220,432,100000,0,1543352
-39771575,-57276368,1426673,3,grass,feather-moss,0,220,378,94000,0,1543879
-39768246,-57276548,1425942,3,flower,yarrow,0,600,301,94000,0,1544610
-39761449,-57276725,1424429,3,flower,herb-robert,0,350,443,86000,0,1546123
-39682443,-57276733,1369045,3,flower,oxeye-daisy,0,700,208,6000,0,1695623
-39680464,-57276638,1368863,3,flower,red-clover,0,400,187,6000,0,1695805
-39676335,-57276560,1368588,3,grass,wood-sedge,0,500,157,6000,0,1696080
-39671539,-57276542,1368241,3,grass,willow-moss,1,350,125,0,0,1696427
-39670780,-57276304,1368184,3,flower,river-water-crowfoot,1,1400,140,0,0,1696484
-39661479,-57276218,1367709,3,grass,lesser-pond-sedge,1,1000,27,0,181,1696959
-39653395,-57276716,1367519,3,grass,hair-cap-moss,1,240,38,0,215,1697149
-39652770,-57276641,1367511,3,flower,herb-robert,0,350,27,0,223,1697157
-39650726,-57276654,1367491,3,reed,branched-bur-reed,1,1000,20,0,248,1697177
-39649304,-57276748,1367466,3,flower,purple-loosestrife,1,1200,46,0,248,1697202
-39636986,-57276648,1367400,3,flower,prairie-lupine,0,900,0,10000,0,1697268
-39632121,-57276485,1367400,3,grass,sphagnum-hummock,1,280,0,10000,0,1697268
-39629857,-57276329,1367400,3,grass,moss-cushion,0,220,0,18000,0,1697268
-39623257,-57276377,1367349,3,flower,primrose,0,240,12,18000,0,1697319
-39622020,-57276196,1367350,3,flower,primrose,0,240,13,18000,0,1697318
-39616125,-57276744,1367395,3,grass,lady-fern,1,900,12,18000,0,1697273
-39607777,-57276397,1367373,3,flower,prairie-lupine,0,900,12,14000,0,1697295
-39607155,-57276790,1367384,3,grass,hair-cap-moss,1,240,30,10000,0,1697284
-39604690,-57276025,1367425,3,grass,sword-fern,0,1200,25,10000,0,1697243
-39597844,-57276698,1367366,3,grass,lady-fern,1,900,29,6000,0,1744360
-39597351,-57276035,1367380,3,flower,purple-loosestrife,1,1200,31,6000,0,1744346
-39594192,-57276606,1367377,3,flower,primrose,0,240,50,6000,0,1744349
-39588873,-57276584,1367423,3,grass,male-fern,0,1200,89,4000,0,1744303
-39781748,-57275769,1431118,3,bush,salal,0,1200,802,108000,0,1539434
-39776416,-57275873,1428190,3,grass,moss-cushion,0,220,526,100000,0,1542362
-39774482,-57275232,1427541,3,grass,woolly-fringe-moss,0,220,458,100000,0,1543011
-39772833,-57275801,1427014,3,flower,primrose,0,240,403,100000,0,1543538
-39770019,-57275784,1426419,3,grass,woolly-fringe-moss,0,220,369,94000,0,1544133
-39769599,-57275213,1426382,3,flower,common-knapweed,0,800,370,94000,0,1544170
-39765830,-57275512,1425687,3,grass,feather-moss,0,220,303,94000,0,1544865
-39764593,-57275445,1425398,3,flower,herb-robert,0,350,392,86000,0,1545154
-39761937,-57275234,1424388,3,bush,salal,0,1200,477,86000,0,1546164
-39757992,-57275623,1422785,3,bush,salal,0,1200,731,86000,0,1547767
-39717463,-57275894,1387969,3,grass,woolly-fringe-moss,0,220,497,40000,0,1629641
-39712163,-57275682,1385268,3,bush,salal,0,1200,651,34000,0,1632342
-39689632,-57275296,1370864,3,grass,moss-cushion,0,220,450,12000,0,1693804
-39689588,-57275473,1370845,3,grass,woolly-fringe-moss,0,220,413,12000,0,1693823
-39687336,-57275415,1370278,3,grass,hair-cap-moss,1,240,306,12000,0,1694390
-39685656,-57275797,1369862,3,grass,wood-sedge,0,500,260,12000,0,1694806
-39677561,-57275567,1368776,3,flower,red-clover,0,400,160,6000,0,1695892
-39675517,-57275727,1368610,3,grass,male-fern,0,1200,157,6000,0,1696058
-39672380,-57275833,1368350,3,reed,soft-rush,1,900,130,0,0,1696318
-39671104,-57275935,1368252,3,grass,wood-horsetail,1,500,133,0,0,1696416
-39659371,-57275825,1367666,3,grass,water-soldier,1,400,44,0,185,1697002
-39658867,-57275630,1367651,3,reed,soft-rush,1,900,49,0,200,1697017
-39656249,-57275291,1367604,3,flower,primrose,0,240,19,0,223,1697064
-39649861,-57275340,1367494,3,reed,broadleaf-cattail,1,2200,13,0,253,1697174
-39640111,-57275693,1367400,3,grass,wood-sedge,0,500,0,4000,0,1697268
-39635645,-57275350,1367400,3,grass,feather-moss,0,220,0,10000,0,1697268
-39632179,-57275536,1367400,3,flower,herb-robert,0,350,0,10000,0,1697268
-39630781,-57275236,1367400,3,grass,lady-fern,1,900,0,10000,0,1697268
-39615862,-57275555,1367408,3,grass,meadow-grass,0,450,21,18000,0,1697260
-39614512,-57275633,1367408,3,grass,lady-fern,1,900,30,14000,0,1697260
-39612475,-57275247,1367392,3,grass,sword-fern,0,1200,41,14000,0,1697276
-39610170,-57275957,1367388,3,grass,hair-cap-moss,1,240,52,14000,0,1697280
-39609229,-57275591,1367408,3,grass,meadow-grass,0,450,36,14000,0,1697260
-39606914,-57275864,1367392,3,grass,hair-cap-moss,1,240,40,10000,0,1697276
-39604977,-57275871,1367431,3,flower,meadow-daisy,0,420,18,10000,0,1697237
-39600603,-57275537,1367406,3,grass,hair-cap-moss,1,240,19,10000,0,1697262
-39597900,-57275550,1367385,3,grass,wood-horsetail,1,500,23,6000,0,1744341
-39595617,-57275756,1367397,3,flower,impatiens,1,350,5,6000,0,1744329
-39588338,-57275581,1367355,3,grass,wood-horsetail,1,500,67,4000,0,1744371
-39584547,-57275875,1367190,3,bush,salal,0,1200,616,0,0,1744536
-39775099,-57275154,1427759,3,grass,feather-moss,0,220,486,100000,0,1542793
-39760401,-57274763,1423701,3,bush,salal,0,1200,603,86000,0,1546851
-39716925,-57274720,1387814,3,bush,salal,0,1200,578,40000,0,1629796
-39716210,-57274553,1387485,3,bush,salal,0,1200,594,40000,0,1630125
-39712310,-57274727,1385475,3,bush,salal,0,1200,668,34000,0,1632135
-39709593,-57274597,1384172,3,bush,salal,0,1200,745,34000,0,1633438
-39708344,-57274492,1383761,3,bush,salal,0,1200,816,34000,0,1633849
-39685825,-57275145,1369920,3,grass,ivy-ground-layer,0,220,273,12000,0,1694748
-39684523,-57274748,1369589,3,flower,herb-robert,0,350,251,12000,0,1695079
-39683454,-57274998,1369337,3,grass,feather-moss,0,220,216,12000,0,1695331
-39675807,-57275026,1368698,3,grass,ivy-ground-layer,0,220,157,6000,0,1695970
-39674178,-57274910,1368558,3,grass,lady-fern,1,900,158,0,0,1696110
-39673438,-57274816,1368508,3,grass,feather-moss,0,220,160,0,0,1696160
-39667774,-57275002,1368034,3,grass,feather-moss,0,220,76,0,33,1696634
-39661933,-57274849,1367754,3,grass,wood-sedge,0,500,54,0,195,1696914
-39659705,-57274518,1367699,3,grass,cocksfoot,0,1000,37,0,159,1696969
-39659015,-57275096,1367672,3,grass,water-starwort,1,250,46,0,186,1696996
-39656240,-57274515,1367612,3,reed,reed-sweet-grass,1,1500,27,0,215,1697056
-39651152,-57274545,1367499,3,flower,water-plantain,1,800,1,0,264,1697169
-39649754,-57274995,1367497,3,grass,water-starwort,1,250,6,0,250,1697171
-39649103,-57275154,1367495,3,flower,water-forget-me-not,1,300,11,0,252,1697173
-39648137,-57274557,1367497,3,reed,branched-bur-reed,1,1000,8,0,0,1697171
-39644504,-57274442,1367447,3,flower,water-mint,1,500,44,4000,0,1697221
-39635677,-57274590,1367400,3,reed,common-cottongrass,1,500,0,10000,0,1697268
-39632480,-57274444,1367400,3,grass,wood-sedge,0,500,0,10000,0,1697268
-39630536,-57275054,1367400,3,flower,herb-robert,0,350,0,10000,0,1697268
-39625773,-57274697,1367374,3,grass,lady-fern,1,900,32,18000,0,1697294
-39622987,-57274464,1367379,3,grass,lady-fern,1,900,21,18000,0,1697289
-39618569,-57274475,1367393,3,grass,meadow-grass,0,450,19,18000,0,1697275
-39617864,-57274740,1367397,3,grass,male-fern,0,1200,15,18000,0,1697271
-39614868,-57274682,1367436,3,grass,male-fern,0,1200,25,14000,0,1697232
-39607902,-57274445,1367413,3,grass,bilberry-mat,0,400,46,14000,0,1697255
-39593595,-57274497,1367404,3,grass,sedge-tussock,1,600,14,6000,0,1744322
-39591239,-57275174,1367393,3,grass,hair-cap-moss,1,240,29,4000,0,1744333
-39590193,-57274549,1367392,3,grass,harts-tongue-fern,1,500,37,4000,0,1744334
-39589240,-57274598,1367369,3,flower,common-knapweed,0,800,49,4000,0,1744357
-39587398,-57275062,1367344,3,grass,ivy-ground-layer,0,220,29,4000,0,1744382
-39583686,-57275085,1367462,3,flower,common-knapweed,0,800,205,0,0,1744264
-39781707,-57274359,1431458,3,bush,salal,0,1200,836,108000,0,1539094
-39775993,-57273994,1428335,3,bush,salal,0,1200,589,100000,0,1542217
-39765462,-57274368,1425730,3,grass,sword-fern,0,1200,347,94000,0,1544822
-39764264,-57274378,1425300,3,grass,woolly-fringe-moss,0,220,528,86000,0,1545252
-39708937,-57274008,1384060,3,bush,salal,0,1200,767,34000,0,1633550
-39708300,-57274140,1383816,3,bush,salal,0,1200,812,34000,0,1633794
-39684768,-57274203,1369680,3,grass,lady-fern,1,900,273,12000,0,1694988
-39682347,-57273645,1369387,3,grass,male-fern,0,1200,213,6000,0,1695281
-39681148,-57274086,1369222,3,grass,timothy,0,900,213,6000,0,1695446
-39675010,-57274108,1368698,3,flower,primrose,0,240,148,6000,0,1695970
-39659424,-57273622,1367702,3,flower,harebell,0,350,26,0,208,1696966
-39652846,-57273718,1367543,3,flower,arrowhead,1,800,39,0,238,1697125
-39639432,-57273920,1367406,3,flower,water-mint,1,500,14,4000,0,1697262
-39637514,-57274175,1367400,3,flower,red-clover,0,400,2,4000,0,1697268
-39634534,-57273832,1367400,3,grass,sword-fern,0,1200,0,10000,0,1697268
-39629284,-57274082,1367400,3,grass,bilberry-mat,0,400,0,18000,0,1697268
-39626634,-57274013,1367396,3,grass,sedge-tussock,1,600,9,18000,0,1697272
-39618112,-57273810,1367402,3,flower,oxeye-daisy,0,700,17,18000,0,1697266
-39615061,-57273864,1367448,3,flower,primrose,0,240,14,18000,0,1697220
-39613085,-57274163,1367427,3,grass,wood-sedge,0,500,32,14000,0,1697241
-39606930,-57273901,1367434,3,grass,ivy-ground-layer,0,220,31,10000,0,1697234
-39602396,-57274259,1367445,3,grass,feather-moss,0,220,32,10000,0,1697223
-39597965,-57274334,1367400,3,grass,sword-fern,0,1200,11,6000,0,1744326
-39595554,-57273715,1367406,3,grass,sedge-tussock,1,600,13,6000,0,1744320
-39595090,-57274252,1367401,3,grass,sphagnum-hummock,1,280,7,6000,0,1744325
-39593862,-57274051,1367408,3,grass,feather-moss,0,220,18,6000,0,1744318
-39584199,-57273891,1367416,3,flower,water-mint,1,500,118,0,0,1744310
-39582825,-57273924,1367394,3,flower,marsh-cinquefoil,1,400,108,0,0,1744332
-39783430,-57273106,1432760,3,bush,salal,0,1200,854,108000,0,1537792
-39776635,-57272873,1428862,3,bush,salal,0,1200,645,100000,0,1541690
-39773391,-57273050,1427588,3,bush,salal,0,1200,496,100000,0,1542964
-39759638,-57273248,1423049,3,bush,salal,0,1200,822,86000,0,1547503
-39716199,-57272871,1387605,3,bush,salal,0,1200,644,40000,0,1630005
-39712031,-57273027,1385603,3,bush,salal,0,1200,689,34000,0,1632007
-39711500,-57273114,1385267,3,bush,salal,0,1200,694,34000,0,1632343
-39684021,-57272904,1369653,3,grass,male-fern,0,1200,270,12000,0,1695015
-39681421,-57273191,1369352,3,grass,meadow-grass,0,450,217,6000,0,1695316
-39680160,-57273210,1369218,3,grass,meadow-grass,0,450,213,6000,0,1695450
-39669321,-57272878,1368201,3,grass,blanket-weed,1,400,145,0,0,1696467
-39663315,-57273553,1367820,3,grass,curled-pondweed,1,600,57,0,137,1696848
-39657385,-57272842,1367661,3,flower,fireweed,0,1200,41,0,210,1697007
-39656225,-57273392,1367620,3,grass,rigid-hornwort,1,600,32,0,251,1697048
-39654557,-57273024,1367594,3,flower,yellow-water-lily,1,400,14,0,219,1697074
-39653889,-57272849,1367582,3,grass,canadian-waterweed,1,400,27,0,211,1697086
-39649870,-57273087,1367500,3,reed,water-horsetail,1,900,0,0,260,1697168
-39647391,-57273194,1367499,3,grass,male-fern,0,1200,2,0,0,1697169
-39645606,-57273564,1367486,3,flower,water-mint,1,500,26,0,0,1697182
-39634516,-57273377,1367400,3,grass,ribwort-plantain,0,300,1,10000,0,1697268
-39630449,-57273303,1367400,3,flower,primrose,0,240,1,10000,0,1697268
-39624786,-57272875,1367404,3,grass,ivy-ground-layer,0,220,26,18000,0,1697264
-39623637,-57273480,1367399,3,grass,feather-moss,0,220,34,18000,0,1697269
-39620611,-57273362,1367391,3,grass,harts-tongue-fern,1,500,22,18000,0,1697277
-39618549,-57272801,1367411,3,grass,meadow-grass,0,450,29,18000,0,1697257
-39614449,-57273543,1367450,3,grass,male-fern,0,1200,6,14000,0,1697218
-39612411,-57272801,1367453,3,grass,meadow-grass,0,450,21,14000,0,1697215
-39611563,-57273060,1367449,3,grass,meadow-grass,0,450,8,14000,0,1697219
-39605143,-57273258,1367438,3,flower,impatiens,1,350,46,10000,0,1697230
-39601105,-57273533,1367454,3,grass,meadow-grass,0,450,27,10000,0,1697214
-39600751,-57273506,1367449,3,grass,bilberry-mat,0,400,37,10000,0,1697219
-39597419,-57273186,1367423,3,grass,sword-fern,0,1200,34,6000,0,1744303
-39595545,-57273333,1367414,3,flower,primrose,0,240,24,6000,0,1744312
-39592768,-57273317,1367440,3,flower,red-clover,0,400,41,6000,0,1744286
-39589930,-57273019,1367428,3,grass,bilberry-mat,0,400,48,4000,0,1744298
-39585758,-57273266,1367387,3,grass,understory-fern,0,900,24,4000,0,1744339
-39770300,-57272601,1427002,3,bush,salal,0,1200,473,94000,0,1543550
-39768518,-57272571,1426745,3,flower,large-trillium,0,350,411,94000,0,1543807
-39749657,-57272555,1416282,3,bush,salal,0,1200,817,70000,0,1601328
-39716552,-57272415,1387888,3,bush,salal,0,1200,754,40000,0,1629722
-39708355,-57272400,1384305,3,bush,salal,0,1200,759,34000,0,1633305
-39681012,-57272727,1369350,3,flower,primrose,0,240,220,6000,0,1695318
-39679734,-57272496,1369270,3,grass,wood-sedge,0,500,221,6000,0,1695398
-39678352,-57272182,1369163,3,grass,bilberry-mat,0,400,205,6000,0,1695505
-39674791,-57272469,1368760,3,grass,lady-fern,1,900,137,0,0,1695908
-39664041,-57272482,1367868,3,bush,salal,0,1200,75,0,169,1696800
-39663902,-57272442,1367864,3,grass,brook-moss-cushion,1,220,73,0,173,1696804
-39659733,-57272293,1367715,3,grass,sword-fern,0,1200,31,0,195,1696953
-39658088,-57272633,1367684,3,flower,water-mint,1,500,29,0,187,1696984
-39654023,-57272669,1367587,3,flower,water-mint,1,500,22,0,206,1697081
-39651657,-57272322,1367504,3,grass,needle-spike-rush,1,220,11,0,262,1697164
-39647487,-57272536,1367499,3,grass,wood-sedge,0,500,0,0,0,1697169
-39639398,-57272329,1367450,3,grass,sedge-tussock,1,600,49,4000,0,1697218
-39639152,-57272787,1367433,3,grass,sphagnum-hummock,1,280,44,4000,0,1697235
-39637763,-57272471,1367416,3,grass,sword-fern,0,1200,34,4000,0,1697252
-39635729,-57272401,1367403,3,grass,sword-fern,0,1200,9,10000,0,1697265
-39634881,-57272429,1367404,3,grass,ivy-ground-layer,0,220,10,10000,0,1697264
-39633617,-57272224,1367407,3,grass,sphagnum-hummock,1,280,14,10000,0,1697261
-39632277,-57272548,1367404,3,grass,lady-fern,1,900,10,10000,0,1697264
-39631684,-57272459,1367404,3,flower,impatiens,1,350,11,10000,0,1697264
-39631187,-57272625,1367403,3,flower,primrose,0,240,8,10000,0,1697265
-39627349,-57272549,1367404,3,grass,ivy-ground-layer,0,220,10,18000,0,1697264
-39626638,-57272665,1367401,3,grass,sphagnum-hummock,1,280,4,18000,0,1697267
-39625277,-57272505,1367404,3,flower,herb-robert,0,350,17,18000,0,1697264
-39620899,-57272655,1367410,3,grass,lady-fern,1,900,31,18000,0,1697258
-39620039,-57272159,1367418,3,grass,sphagnum-hummock,1,280,29,18000,0,1697250
-39616586,-57272246,1367462,3,grass,sphagnum-hummock,1,280,35,18000,0,1697206
-39611620,-57272561,1367454,3,grass,wood-horsetail,1,500,18,14000,0,1697214
-39610436,-57272258,1367455,3,grass,sphagnum-hummock,1,280,21,14000,0,1697213
-39609957,-57272287,1367458,3,grass,hair-cap-moss,1,240,26,14000,0,1697210
-39602262,-57272798,1367471,3,grass,hair-cap-moss,1,240,26,10000,0,1697197
-39598076,-57272494,1367461,3,grass,timothy,0,900,56,6000,0,1744265
-39594965,-57272567,1367450,3,reed,common-cottongrass,1,500,44,6000,0,1744276
-39593788,-57272254,1367476,3,flower,primrose,0,240,44,6000,0,1744250
-39582036,-57272039,1367424,3,flower,yellow-flag-iris,1,1000,23,0,0,1744302
-39775348,-57271954,1428696,3,bush,salal,0,1200,661,100000,0,1541856
-39752850,-57271677,1418322,3,bush,salal,0,1200,604,78000,0,1552230
-39751265,-57271220,1417387,3,bush,salal,0,1200,762,78000,0,1553165
-39749569,-57271272,1416418,3,bush,salal,0,1200,706,70000,0,1601192
-39714625,-57271751,1387152,3,bush,salal,0,1200,658,40000,0,1630458
-39711911,-57271624,1385973,3,bush,salal,0,1200,698,34000,0,1631637
-39685475,-57271623,1370112,3,flower,herb-robert,0,350,353,12000,0,1694556
-39682205,-57271738,1369584,3,grass,feather-moss,0,220,226,6000,0,1695084
-39679531,-57271554,1369350,3,reed,soft-rush,1,900,239,6000,0,1695318
-39669391,-57271354,1368215,3,flower,cowslip,0,300,135,0,0,1696453
-39665478,-57271974,1367946,3,grass,watercress,1,300,89,0,91,1696722
-39662209,-57271499,1367810,3,grass,rigid-hornwort,1,600,52,0,186,1696858
-39661416,-57271726,1367774,3,grass,hair-cap-moss,1,240,52,0,195,1696894
-39659515,-57271767,1367716,3,grass,blanket-weed,1,400,35,0,201,1696952
-39655327,-57271369,1367604,3,grass,canadian-waterweed,1,400,15,0,212,1697064
-39644830,-57271315,1367499,3,grass,male-fern,0,1200,0,4000,0,1697169
-39643395,-57271354,1367499,3,flower,red-clover,0,400,2,4000,0,1697169
-39640142,-57271696,1367481,3,grass,hair-cap-moss,1,240,32,4000,0,1697187
-39636779,-57271946,1367415,3,grass,wood-sedge,0,500,28,10000,0,1697253
-39629132,-57271995,1367410,3,grass,bilberry-mat,0,400,18,18000,0,1697258
-39627410,-57271288,1367431,3,flower,red-campion,0,700,31,18000,0,1697237
-39626453,-57271783,1367408,3,flower,birdsfoot-trefoil,0,250,13,18000,0,1697260
-39622310,-57271783,1367467,3,grass,lady-fern,1,900,31,18000,0,1697201
-39620999,-57271712,1367446,3,grass,timothy,0,900,49,18000,0,1697222
-39609709,-57271516,1367477,3,grass,cocksfoot,0,1000,40,14000,0,1697191
-39607057,-57271502,1367490,3,grass,cocksfoot,0,1000,28,10000,0,1697178
-39603549,-57271930,1367509,3,grass,male-fern,0,1200,45,10000,0,1697159
-39599046,-57271223,1367528,3,grass,hair-cap-moss,1,240,52,6000,0,1744198
-39593887,-57271921,1367489,3,grass,meadow-grass,0,450,42,6000,0,1744237
-39592756,-57271360,1367520,3,flower,yarrow,0,600,40,6000,0,1744206
-39589120,-57271467,1367453,3,grass,bilberry-mat,0,400,54,4000,0,1744273
-39587794,-57271949,1367418,3,grass,harts-tongue-fern,1,500,27,4000,0,1744308
-39586527,-57271293,1367451,3,grass,wood-horsetail,1,500,53,4000,0,1744275
-39585843,-57271568,1367455,3,flower,marsh-cinquefoil,1,400,56,4000,0,1744271
-39576466,-57271304,1367505,3,flower,water-forget-me-not,1,300,141,0,0,1744221
-39778967,-57270623,1430642,3,bush,salal,0,1200,777,100000,0,1539910
-39770050,-57271077,1427405,3,flower,herb-robert,0,350,523,94000,0,1543147
-39769089,-57270613,1427189,3,flower,herb-robert,0,350,547,94000,0,1543363
-39768558,-57270602,1426996,3,flower,herb-robert,0,350,547,94000,0,1543556
-39762176,-57270785,1423497,3,bush,salal,0,1200,648,86000,0,1547055
-39748300,-57270643,1415412,3,bush,salal,0,1200,802,70000,0,1602198
-39746420,-57270623,1414218,3,bush,salal,0,1200,856,70000,0,1603392
-39711393,-57271180,1385864,3,bush,salal,0,1200,724,34000,0,1631746
-39684417,-57270815,1370075,3,flower,herb-robert,0,350,338,12000,0,1694593
-39681952,-57270918,1369647,3,grass,feather-moss,0,220,231,6000,0,1695021
-39679854,-57270952,1369447,3,grass,woolly-fringe-moss,0,220,256,6000,0,1695221
-39677185,-57270410,1369216,3,grass,wood-horsetail,1,500,213,6000,0,1695452
-39658419,-57271102,1367700,3,flower,fringed-water-lily,1,250,40,0,217,1696968
-39649948,-57271093,1367500,3,grass,watercress,1,300,0,0,260,1697168
-39648212,-57270824,1367500,3,reed,reed-sweet-grass,1,1500,0,0,0,1697168
-39647534,-57271124,1367500,3,grass,spiked-water-milfoil,1,1000,0,0,0,1697168
-39644093,-57270710,1367499,3,reed,soft-rush,1,900,0,4000,0,1697169
-39641271,-57270647,1367498,3,grass,lady-fern,1,900,5,4000,0,1697170
-39639550,-57270426,1367494,3,flower,marsh-cinquefoil,1,400,14,4000,0,1697174
-39633706,-57271046,1367431,3,flower,impatiens,1,350,36,10000,0,1697237
-39627318,-57271086,1367434,3,bush,salal,0,1200,31,18000,0,1697234
-39625611,-57270478,1367443,3,grass,feather-moss,0,220,46,18000,0,1697225
-39622185,-57270532,1367495,3,grass,meadow-grass,0,450,17,18000,0,1697173
-39621425,-57271119,1367478,3,grass,hair-cap-moss,1,240,37,18000,0,1697190
-39619613,-57270721,1367505,3,grass,ivy-ground-layer,0,220,68,18000,0,1697163
-39610822,-57271162,1367499,3,reed,common-cottongrass,1,500,51,14000,0,1697169
-39609389,-57271005,1367493,3,grass,harts-tongue-fern,1,500,29,14000,0,1697175
-39607612,-57271024,1367499,3,grass,meadow-grass,0,450,18,14000,0,1697169
-39606808,-57270851,1367508,3,grass,lady-fern,1,900,43,10000,0,1697160
-39604791,-57270458,1367549,3,flower,red-clover,0,400,67,10000,0,1697119
-39593934,-57271101,1367519,3,grass,meadow-grass,0,450,41,6000,0,1744207
-39593255,-57270739,1367541,3,grass,sphagnum-hummock,1,280,43,6000,0,1744185
-39590482,-57270670,1367500,3,grass,moss-cushion,0,220,49,4000,0,1744226
-39577733,-57271066,1367496,3,flower,arrowhead,1,800,83,0,0,1744230
-39576791,-57270803,1367520,3,grass,canadian-waterweed,1,400,54,0,0,1744206
-39774848,-57270037,1429158,3,bush,salal,0,1200,719,100000,0,1541394
-39764854,-57270118,1424828,3,bush,salal,0,1200,634,86000,0,1545724
-39758078,-57269988,1421300,3,bush,salal,0,1200,604,86000,0,1549252
-39755208,-57269748,1419822,3,bush,salal,0,1200,652,80000,0,1550730
-39754792,-57269899,1419503,3,bush,salal,0,1200,675,80000,0,1551049
-39750261,-57270154,1417034,3,bush,salal,0,1200,939,78000,0,1553518
-39679691,-57270173,1369526,3,grass,timothy,0,900,272,6000,0,1695142
-39678198,-57269960,1369381,3,grass,meadow-grass,0,450,236,10000,0,1648229
-39675295,-57270024,1368992,3,flower,birdsfoot-trefoil,0,250,202,6000,0,1695676
-39674741,-57270165,1368922,3,flower,primrose,0,240,190,0,0,1695746
-39671201,-57270242,1368507,3,grass,willow-moss,1,350,193,0,0,1696161
-39667304,-57269970,1368128,3,flower,yellow-flag-iris,1,1000,120,0,0,1649482
-39662603,-57269679,1367853,3,grass,willow-moss,1,350,73,0,213,1649757
-39661911,-57270331,1367810,3,reed,soft-rush,1,900,52,0,186,1696858
-39659291,-57269683,1367748,3,flower,herb-robert,0,350,53,0,216,1649862
-39658726,-57269873,1367727,3,flower,water-plantain,1,800,53,0,237,1649883
-39654701,-57270196,1367603,3,grass,blanket-weed,1,400,27,0,213,1697065
-39650564,-57270177,1367500,3,grass,willow-moss,1,350,0,0,260,1697168
-39649123,-57269720,1367500,3,grass,watercress,1,300,0,0,260,1650110
-39648630,-57270086,1367500,3,grass,willow-moss,1,350,0,0,0,1697168
-39646104,-57270320,1367500,3,flower,marsh-cinquefoil,1,400,0,0,0,1697168
-39644165,-57270247,1367500,3,grass,jungle-groundcover,0,800,0,4000,0,1697168
-39642456,-57270283,1367499,3,grass,timothy,0,900,0,4000,0,1697169
-39640128,-57269993,1367499,3,flower,pickerelweed,1,800,2,2000,0,1650111
-39639238,-57270107,1367494,3,grass,lady-fern,1,900,14,4000,0,1697174
-39633093,-57270388,1367454,3,reed,common-cottongrass,1,500,38,10000,0,1697214
-39630218,-57269684,1367444,3,grass,sphagnum-hummock,1,280,20,10000,0,1650166
-39619973,-57269775,1367538,3,grass,timothy,0,900,38,24000,0,1697130
-39616518,-57269876,1367556,3,grass,lady-fern,1,900,45,24000,0,1697112
-39613168,-57269783,1367568,3,grass,lady-fern,1,900,60,20000,0,1697100
-39608034,-57269629,1367524,3,flower,common-knapweed,0,800,46,20000,0,1697144
-39600776,-57270261,1367593,3,grass,hair-cap-moss,1,240,51,10000,0,1697075
-39593885,-57269987,1367572,3,flower,red-campion,0,700,54,14000,0,1697096
-39592187,-57269869,1367560,3,flower,red-campion,0,700,51,10000,0,1697108
-39591832,-57270347,1367539,3,grass,timothy,0,900,52,4000,0,1744187
-39591091,-57270284,1367522,3,flower,red-campion,0,700,51,4000,0,1744204
-39590240,-57270155,1367512,3,flower,marsh-cinquefoil,1,400,50,4000,0,1744214
-39589077,-57270253,1367497,3,grass,sphagnum-hummock,1,280,51,4000,0,1744229
-39588186,-57270299,1367492,3,reed,soft-rush,1,900,53,4000,0,1744234
-39587482,-57270368,1367485,3,reed,reed-sweet-grass,1,1500,51,4000,0,1744241
-39583482,-57270345,1367516,3,grass,curled-pondweed,1,600,32,0,0,1744210
-39582064,-57270367,1367484,3,grass,brook-moss-cushion,1,220,64,0,0,1744242
-39576904,-57270192,1367448,3,reed,soft-rush,1,900,123,0,0,1744278
-39575387,-57269909,1367430,3,grass,ribwort-plantain,0,300,27,4000,0,1697238
-39790392,-57269330,1437321,3,flower,herb-robert,0,350,482,116000,0,1533231
-39776790,-57268832,1430336,3,bush,salal,0,1200,828,102000,0,1540216
-39770932,-57269311,1428127,3,bush,salal,0,1200,597,94000,0,1542425
-39674100,-57269315,1368929,3,grass,harts-tongue-fern,1,500,200,4000,0,1648681
-39668628,-57268824,1368291,3,grass,meadow-grass,0,450,124,4000,0,1649319
-39666545,-57269438,1368081,3,grass,willow-moss,1,350,124,0,0,1649529
-39663950,-57269484,1367917,3,flower,red-campion,0,700,84,0,93,1649693
-39660876,-57269042,1367812,3,grass,spiked-water-milfoil,1,1000,52,0,165,1649798
-39660440,-57269440,1367790,3,grass,timothy,0,900,49,0,187,1649820
-39649116,-57269242,1367499,3,grass,water-earwort,1,200,0,0,261,1650111
-39648321,-57269006,1367501,3,grass,curled-pondweed,1,600,4,0,0,1650109
-39647624,-57268991,1367502,3,grass,water-starwort,1,250,7,0,0,1650108
-39644346,-57269080,1367500,3,grass,sedge-tussock,1,600,0,2000,0,1650110
-39643635,-57268916,1367500,3,grass,lady-fern,1,900,0,2000,0,1650110
-39639305,-57269003,1367499,3,grass,jungle-groundcover,0,800,1,2000,0,1650111
-39638941,-57269111,1367498,3,grass,lady-fern,1,900,3,2000,0,1650112
-39637978,-57268809,1367499,3,reed,water-horsetail,1,900,2,2000,0,1650111
-39637345,-57269250,1367498,3,grass,wood-horsetail,1,500,5,10000,0,1650112
-39633831,-57269589,1367483,3,grass,hair-cap-moss,1,240,24,10000,0,1650127
-39632881,-57269264,1367477,3,grass,sword-fern,0,1200,13,10000,0,1650133
-39632706,-57269167,1367475,3,grass,wood-horsetail,1,500,16,10000,0,1650135
-39628408,-57269572,1367449,3,grass,feather-moss,0,220,4,18000,0,1697219
-39624534,-57269233,1367492,3,grass,understory-fern,0,900,22,18000,0,1697176
-39609042,-57269351,1367527,3,flower,herb-robert,0,350,29,20000,0,1697141
-39604162,-57269557,1367590,3,grass,ribwort-plantain,0,300,50,16000,0,1697078
-39600897,-57268995,1367638,3,grass,sword-fern,0,1200,52,16000,0,1697030
-39597449,-57269592,1367622,3,grass,hair-cap-moss,1,240,68,14000,0,1697046
-39595938,-57269535,1367626,3,grass,timothy,0,900,64,14000,0,1697042
-39594560,-57269518,1367603,3,grass,ivy-ground-layer,0,220,86,14000,0,1697065
-39593651,-57268820,1367634,3,flower,common-knapweed,0,800,83,14000,0,1697034
-39591410,-57269572,1367553,3,grass,feather-moss,0,220,55,10000,0,1697115
-39587416,-57269075,1367555,3,bush,salal,0,1200,52,10000,0,1697113
-39587015,-57268951,1367561,3,grass,understory-fern,0,900,52,10000,0,1697107
-39585955,-57268815,1367572,3,grass,lady-fern,1,900,52,10000,0,1697096
-39585111,-57268935,1367571,3,grass,feather-moss,0,220,51,10000,0,1697097
-39583367,-57269196,1367560,3,flower,primrose,0,240,49,6000,0,1697108
-39576759,-57269287,1367407,3,flower,yarrow,0,600,21,4000,0,1697261
-39573619,-57269428,1367538,3,flower,red-campion,0,700,156,4000,0,1697130
-39573467,-57269001,1367548,3,flower,large-trillium,0,350,153,4000,0,1697120
-39569417,-57269092,1367421,3,bush,salal,0,1200,666,0,0,1744305
-39790260,-57268796,1437375,3,grass,feather-moss,0,220,449,116000,0,1533177
-39786215,-57268171,1436123,3,bush,salal,0,1200,668,108000,0,1534429
-39711368,-57268383,1386922,3,bush,salal,0,1200,728,36000,0,1630688
-39681524,-57268770,1369945,3,flower,herb-robert,0,350,251,10000,0,1647665
-39678879,-57268492,1369636,3,flower,meadow-daisy,0,420,288,10000,0,1647974
-39676953,-57268655,1369363,3,flower,meadow-daisy,0,420,218,10000,0,1648247
-39674920,-57268168,1369190,3,grass,timothy,0,900,212,4000,0,1648420
-39671070,-57268517,1368591,3,flower,common-knapweed,0,800,206,4000,0,1649019
-39668015,-57268042,1368309,3,grass,bilberry-mat,0,400,124,4000,0,1649301
-39666384,-57268002,1368164,3,grass,canadian-waterweed,1,400,144,0,0,1649446
-39665111,-57268231,1368050,3,flower,meadow-daisy,0,420,113,0,0,1649560
-39662838,-57268679,1367906,3,flower,purple-loosestrife,1,1200,88,0,160,1649704
-39656846,-57268659,1367674,3,flower,arrowhead,1,800,52,0,225,1649936
-39656286,-57268611,1367660,3,grass,rigid-hornwort,1,600,54,0,239,1649950
-39653752,-57268530,1367581,3,grass,rigid-hornwort,1,600,51,0,224,1650029
-39652128,-57268128,1367522,3,flower,water-forget-me-not,1,300,40,0,244,1650088
-39647824,-57268711,1367502,3,flower,red-campion,0,700,9,0,0,1650108
-39639349,-57268517,1367499,3,grass,lady-fern,1,900,0,2000,0,1650111
-39638597,-57268286,1367499,3,flower,primrose,0,240,0,2000,0,1650111
-39637602,-57268215,1367499,3,grass,sword-fern,0,1200,0,2000,0,1650111
-39633614,-57268183,1367490,3,grass,hair-cap-moss,1,240,16,10000,0,1650120
-39633463,-57268175,1367485,3,flower,herb-robert,0,350,19,10000,0,1650125
-39631516,-57268392,1367451,3,grass,feather-moss,0,220,4,10000,0,1650159
-39629606,-57268220,1367466,3,flower,primrose,0,240,17,18000,0,1697202
-39627224,-57268002,1367458,3,grass,cocksfoot,0,1000,31,18000,0,1697210
-39625958,-57268430,1367483,3,grass,jungle-groundcover,0,800,29,18000,0,1697185
-39625192,-57268687,1367492,3,grass,hair-cap-moss,1,240,22,18000,0,1697176
-39624582,-57268287,1367502,3,flower,primrose,0,240,18,18000,0,1697166
-39623811,-57268324,1367508,3,flower,meadow-daisy,0,420,24,18000,0,1697160
-39616175,-57268014,1367615,3,grass,jungle-groundcover,0,800,44,24000,0,1697053
-39613824,-57268463,1367611,3,flower,red-clover,0,400,73,20000,0,1697057
-39612085,-57268212,1367622,3,grass,jungle-groundcover,0,800,51,20000,0,1697046
-39601833,-57268403,1367686,3,grass,sword-fern,0,1200,50,16000,0,1696982
-39599189,-57268423,1367660,3,grass,lady-fern,1,900,89,14000,0,1697008
-39595079,-57268743,1367668,3,grass,meadow-grass,0,450,69,14000,0,1697000
-39587014,-57268384,1367595,3,grass,sword-fern,0,1200,52,10000,0,1697073
-39583570,-57268722,1367577,3,grass,feather-moss,0,220,50,6000,0,1697091
-39576517,-57268469,1367454,3,flower,marsh-marigold,1,300,76,4000,0,1697214
-39574563,-57268393,1367468,3,flower,red-clover,0,400,8,4000,0,1697200
-39571912,-57268532,1367469,3,grass,male-fern,0,1200,152,4000,0,1697199
-39570360,-57268497,1367406,3,flower,oxeye-daisy,0,700,432,4000,0,1697262
-39791484,-57267864,1437884,3,flower,herb-robert,0,350,404,116000,0,1532668
-39787655,-57267275,1436820,3,bush,salal,0,1200,536,116000,0,1533732
-39778798,-57267540,1431708,3,bush,salal,0,1200,891,102000,0,1538844
-39683259,-57267250,1370450,3,grass,meadow-grass,0,450,384,16000,0,1647160
-39682245,-57267805,1370146,3,grass,lady-fern,1,900,301,10000,0,1647464
-39678722,-57267940,1369663,3,grass,lady-fern,1,900,293,10000,0,1647947
-39677786,-57267455,1369580,3,grass,wood-sedge,0,500,259,10000,0,1648030
-39675672,-57267895,1369308,3,flower,jungle-understory-flower,0,750,214,10000,0,1648302
-39668291,-57267426,1368369,3,flower,oxeye-daisy,0,700,121,4000,0,1649241
-39667280,-57267779,1368275,3,reed,soft-rush,1,900,139,0,0,1649335
-39661195,-57267638,1367863,3,grass,lady-fern,1,900,58,0,193,1649747
-39657683,-57267269,1367729,3,grass,watercress,1,300,49,0,195,1649881
-39657497,-57267921,1367707,3,reed,soft-rush,1,900,49,0,217,1649903
-39650656,-57267372,1367508,3,reed,water-horsetail,1,900,21,0,279,1650102
-39645878,-57267715,1367510,3,grass,spiked-water-milfoil,1,1000,22,0,0,1650100
-39645362,-57267618,1367507,3,flower,marsh-marigold,1,300,17,0,0,1650103
-39644573,-57267603,1367501,3,grass,meadow-grass,0,450,5,2000,0,1650109
-39638171,-57267202,1367500,3,grass,sphagnum-hummock,1,280,0,2000,0,1650110
-39637188,-57267655,1367500,3,grass,understory-fern,0,900,0,10000,0,1650110
-39629893,-57267916,1367470,3,grass,harts-tongue-fern,1,500,21,18000,0,1697198
-39620035,-57267833,1367582,3,flower,herb-robert,0,350,34,24000,0,1697086
-39614899,-57267663,1367614,3,flower,harebell,0,350,66,20000,0,1697054
-39614391,-57267621,1367628,3,grass,timothy,0,900,76,20000,0,1697040
-39608947,-57267626,1367607,3,flower,oxeye-daisy,0,700,88,20000,0,1697061
-39608099,-57267640,1367624,3,grass,ivy-ground-layer,0,220,76,20000,0,1697044
-39607324,-57267718,1367635,3,grass,cocksfoot,0,1000,54,16000,0,1697033
-39598352,-57267347,1367743,3,grass,cocksfoot,0,1000,48,14000,0,1696925
-39594802,-57267300,1367735,3,grass,feather-moss,0,220,52,14000,0,1696933
-39593500,-57267216,1367686,3,grass,hair-cap-moss,1,240,58,14000,0,1696982
-39589103,-57267793,1367635,3,grass,moss-cushion,0,220,73,10000,0,1697033
-39584901,-57267367,1367643,3,grass,wood-sedge,0,500,54,6000,0,1697025
-39583531,-57267793,1367609,3,flower,purple-loosestrife,1,1200,50,6000,0,1697059
-39582566,-57267864,1367581,3,grass,bilberry-mat,0,400,51,6000,0,1697087
-39580503,-57267621,1367530,3,flower,oxeye-daisy,0,700,42,6000,0,1697138
-39575465,-57267529,1367510,3,flower,marsh-cinquefoil,1,400,75,4000,0,1697158
-39574709,-57267811,1367482,3,grass,timothy,0,900,62,4000,0,1697186
-39566036,-57267295,1367140,3,grass,feather-moss,0,220,466,0,0,1744586
-39565400,-57267936,1367199,3,bush,salal,0,1200,734,0,0,1744527
-39545714,-57267926,1354626,3,grass,hair-cap-moss,1,240,305,0,0,1757100
-39786443,-57266548,1436564,3,bush,salal,0,1200,597,108000,0,1533988
-39709775,-57267047,1387168,3,bush,salal,0,1200,724,36000,0,1630442
-39679457,-57267073,1369877,3,grass,timothy,0,900,304,10000,0,1647733
-39676413,-57266645,1369517,3,grass,sword-fern,0,1200,231,10000,0,1648093
-39673337,-57266633,1369157,3,grass,lady-fern,1,900,224,4000,0,1648453
-39672663,-57266464,1369054,3,flower,red-campion,0,700,218,4000,0,1648556
-39670994,-57267068,1368708,3,grass,hair-cap-moss,1,240,211,4000,0,1648902
-39668275,-57266753,1368412,3,grass,lady-fern,1,900,117,4000,0,1649198
-39667815,-57266795,1368383,3,flower,purple-loosestrife,1,1200,116,4000,0,1649227
-39666503,-57266729,1368271,3,flower,arrowhead,1,800,129,0,0,1649339
-39666335,-57266441,1368260,3,grass,watercress,1,300,121,0,0,1649350
-39664313,-57266622,1368059,3,grass,ivy-ground-layer,0,220,90,0,34,1649551
-39663659,-57266795,1368008,3,grass,lesser-pond-sedge,1,1000,80,0,98,1649602
-39652227,-57267158,1367542,3,grass,water-chestnut,1,250,52,0,245,1650068
-39648754,-57266622,1367523,3,grass,willow-moss,1,350,41,0,239,1650087
-39636373,-57267044,1367500,3,grass,timothy,0,900,0,10000,0,1650110
-39634596,-57266471,1367506,3,grass,moss-cushion,0,220,15,10000,0,1650104
-39629419,-57266480,1367499,3,grass,harts-tongue-fern,1,500,29,18000,0,1697169
-39626786,-57266506,1367505,3,grass,hair-cap-moss,1,240,42,18000,0,1697163
-39618214,-57266648,1367647,3,grass,lady-fern,1,900,42,24000,0,1697021
-39609689,-57266626,1367676,3,flower,herb-robert,0,350,93,20000,0,1696992
-39608036,-57266799,1367679,3,grass,ribwort-plantain,0,300,64,20000,0,1696989
-39603301,-57267185,1367767,3,grass,sword-fern,0,1200,57,16000,0,1696901
-39596436,-57266786,1367795,3,flower,red-campion,0,700,72,14000,0,1696873
-39594525,-57266935,1367733,3,grass,understory-fern,0,900,58,14000,0,1696935
-39593689,-57266655,1367703,3,flower,impatiens,1,350,61,14000,0,1696965
-39590125,-57267048,1367681,3,grass,sword-fern,0,1200,69,10000,0,1696987
-39589059,-57266634,1367695,3,grass,ivy-ground-layer,0,220,65,10000,0,1696973
-39585619,-57266561,1367683,3,grass,moss-cushion,0,220,49,10000,0,1696985
-39578811,-57266662,1367579,3,flower,primrose,0,240,52,6000,0,1697089
-39567626,-57266757,1367069,3,flower,harebell,0,350,402,0,0,1744657
-39564893,-57266530,1367719,3,bush,salal,0,1200,897,0,0,1744007
-39788774,-57265923,1437392,3,flower,herb-robert,0,350,473,116000,0,1533160
-39770613,-57265785,1429119,3,bush,salal,0,1200,813,94000,0,1541433
-39758353,-57265670,1422468,3,bush,salal,0,1200,703,86000,0,1548084
-39701785,-57265961,1384198,3,bush,salal,0,1200,858,30000,0,1633412
-39684685,-57266378,1370872,3,grass,lady-fern,1,900,382,16000,0,1646738
-39682650,-57266156,1370524,3,flower,primrose,0,240,374,16000,0,1647086
-39679638,-57265682,1370102,3,grass,jungle-groundcover,0,800,308,10000,0,1647508
-39678893,-57265833,1369947,3,grass,male-fern,0,1200,299,10000,0,1647663
-39675016,-57266227,1369435,3,grass,sedge-tussock,1,600,227,10000,0,1648175
-39671196,-57266074,1368813,3,grass,lady-fern,1,900,212,4000,0,1648797
-39663063,-57265869,1367951,3,grass,spiked-water-milfoil,1,1000,91,0,175,1649659
-39661644,-57266363,1367887,3,flower,water-plantain,1,800,77,0,169,1649723
-39661437,-57266310,1367877,3,reed,soft-rush,1,900,77,0,179,1649733
-39658738,-57265851,1367765,3,grass,watercress,1,300,36,0,211,1649845
-39656793,-57266239,1367706,3,grass,male-fern,0,1200,52,0,218,1649904
-39654109,-57265972,1367602,3,grass,feather-moss,0,220,19,0,228,1650008
-39652031,-57265724,1367571,3,grass,lesser-pond-sedge,1,1000,43,0,263,1650039
-39650805,-57266222,1367532,3,grass,curled-pondweed,1,600,46,0,255,1650078
-39642763,-57266121,1367505,3,reed,soft-rush,1,900,12,2000,0,1650105
-39636291,-57265932,1367500,3,grass,lady-fern,1,900,2,10000,0,1650110
-39631935,-57265649,1367516,3,grass,wood-sedge,0,500,28,10000,0,1650094
-39623243,-57265740,1367602,3,grass,wood-sedge,0,500,59,18000,0,1697066
-39611990,-57266252,1367666,3,flower,primrose,0,240,56,20000,0,1697002
-39607481,-57266278,1367715,3,grass,moss-cushion,0,220,92,16000,0,1696953
-39605799,-57265966,1367842,3,grass,bilberry-mat,0,400,98,16000,0,1696826
-39602751,-57266071,1367823,3,grass,wood-sedge,0,500,95,16000,0,1696845
-39599301,-57266229,1367819,3,grass,sphagnum-hummock,1,280,83,14000,0,1696849
-39580649,-57265949,1367617,3,reed,soft-rush,1,900,52,6000,0,1697051
-39578895,-57265618,1367631,3,grass,lady-fern,1,900,51,6000,0,1697037
-39578139,-57265629,1367628,3,grass,sword-fern,0,1200,52,6000,0,1697040
-39575853,-57265725,1367596,3,flower,purple-loosestrife,1,1200,33,4000,0,1697072
-39574499,-57265643,1367590,3,flower,water-mint,1,500,30,4000,0,1697078
-39573645,-57265865,1367581,3,flower,water-mint,1,500,46,4000,0,1697087
-39567671,-57265699,1367522,3,grass,cocksfoot,0,1000,314,0,0,1744204
-39565449,-57266361,1367477,3,grass,ivy-ground-layer,0,220,233,0,0,1744249
-39785452,-57264842,1436508,3,bush,salal,0,1200,617,108000,0,1534044
-39769074,-57265359,1428531,3,bush,salal,0,1200,865,94000,0,1542021
-39707565,-57265049,1387005,3,bush,salal,0,1200,629,36000,0,1630605
-39682248,-57264841,1370707,3,grass,sword-fern,0,1200,364,10000,0,1646903
-39681217,-57264946,1370496,3,flower,herb-robert,0,350,360,10000,0,1647114
-39672615,-57264970,1369132,3,grass,male-fern,0,1200,249,4000,0,1648478
-39671970,-57265227,1368996,3,grass,lady-fern,1,900,224,4000,0,1648614
-39669704,-57264853,1368655,3,grass,hair-cap-moss,1,240,180,4000,0,1648955
-39661473,-57265463,1367854,3,flower,marsh-cinquefoil,1,400,61,0,179,1649756
-39659703,-57265074,1367776,3,grass,blanket-weed,1,400,42,0,200,1649834
-39653745,-57264917,1367607,3,grass,quillwort,1,220,26,0,223,1650003
-39651605,-57264918,1367576,3,grass,curled-pondweed,1,600,24,0,258,1650034
-39643642,-57265148,1367523,3,reed,soft-rush,1,900,29,2000,0,1650087
-39641376,-57264842,1367512,3,grass,lesser-pond-sedge,1,1000,26,2000,0,1650098
-39637667,-57265225,1367500,3,flower,bogbean,1,300,1,2000,0,1650110
-39636679,-57264844,1367502,3,grass,male-fern,0,1200,9,10000,0,1650108
-39635909,-57265155,1367504,3,grass,meadow-grass,0,450,13,10000,0,1650106
-39632349,-57265426,1367525,3,flower,herb-robert,0,350,33,10000,0,1650085
-39630252,-57265571,1367524,3,reed,common-cottongrass,1,500,45,10000,0,1650086
-39623561,-57265143,1367624,3,grass,sphagnum-hummock,1,280,54,18000,0,1697044
-39614421,-57265078,1367709,3,grass,lady-fern,1,900,33,20000,0,1696959
-39613225,-57264802,1367734,3,grass,ivy-ground-layer,0,220,77,20000,0,1696934
-39605219,-57265132,1367896,3,grass,jungle-groundcover,0,800,55,16000,0,1696772
-39600155,-57265336,1367891,3,grass,lady-fern,1,900,92,16000,0,1696777
-39594859,-57265129,1367812,3,grass,ribwort-plantain,0,300,97,14000,0,1696856
-39592402,-57264947,1367777,3,grass,wood-sedge,0,500,97,10000,0,1696891
-39590802,-57264970,1367786,3,grass,lady-fern,1,900,50,10000,0,1696882
-39589523,-57265439,1367745,3,flower,yarrow,0,600,52,10000,0,1696923
-39586811,-57265503,1367731,3,grass,bilberry-mat,0,400,41,10000,0,1696937
-39577058,-57264996,1367639,3,flower,herb-robert,0,350,52,4000,0,1697029
-39576543,-57265333,1367616,3,grass,meadow-grass,0,450,44,4000,0,1697052
-39575515,-57265540,1367598,3,grass,hair-cap-moss,1,240,28,4000,0,1697070
-39790419,-57264077,1438193,3,flower,herb-robert,0,350,427,116000,0,1532359
-39784922,-57264002,1436502,3,bush,salal,0,1200,601,108000,0,1534050
-39707956,-57264133,1387585,3,bush,salal,0,1200,851,36000,0,1630025
-39682861,-57264536,1370857,3,grass,wood-sedge,0,500,350,16000,0,1646753
-39682376,-57264438,1370821,3,grass,meadow-grass,0,450,365,10000,0,1646789
-39680596,-57264536,1370434,3,grass,ivy-ground-layer,0,220,359,10000,0,1647176
-39679254,-57264076,1370268,3,grass,moss-cushion,0,220,338,10000,0,1647342
-39675335,-57264155,1369636,3,grass,ivy-ground-layer,0,220,242,10000,0,1647974
-39671701,-57264056,1369008,3,flower,oxeye-daisy,0,700,251,4000,0,1648602
-39669353,-57264470,1368637,3,grass,hair-cap-moss,1,240,169,4000,0,1648973
-39667530,-57264252,1368466,3,flower,herb-robert,0,350,199,4000,0,1649144
-39659006,-57264270,1367794,3,grass,sword-fern,0,1200,124,0,203,1649816
-39656514,-57264101,1367696,3,reed,branched-bur-reed,1,1000,108,0,263,1649914
-39654061,-57264726,1367615,3,grass,common-stonewort,1,350,37,0,215,1649995
-39650088,-57264582,1367559,3,grass,sphagnum-hummock,1,280,8,0,228,1650051
-39646158,-57264004,1367565,3,grass,water-starwort,1,250,36,0,0,1650045
-39642871,-57264690,1367537,3,grass,hair-cap-moss,1,240,26,2000,0,1650073
-39632675,-57264680,1367541,3,flower,red-campion,0,700,27,10000,0,1650069
-39631284,-57264150,1367544,3,flower,impatiens,1,350,40,10000,0,1650066
-39628872,-57264339,1367582,3,grass,lady-fern,1,900,31,18000,0,1697086
-39623874,-57264193,1367665,3,grass,timothy,0,900,51,18000,0,1697003
-39622911,-57264771,1367641,3,flower,cowslip,0,300,62,18000,0,1697027
-39616833,-57264370,1367756,3,grass,lady-fern,1,900,51,24000,0,1696912
-39613278,-57264793,1367739,3,grass,wood-horsetail,1,500,82,20000,0,1696929
-39611111,-57264024,1367831,3,grass,sword-fern,0,1200,59,20000,0,1696837
-39609064,-57264448,1367820,3,flower,herb-robert,0,350,125,20000,0,1696848
-39607801,-57264632,1367863,3,grass,timothy,0,900,160,20000,0,1696805
-39603330,-57264396,1368008,3,grass,sword-fern,0,1200,151,16000,0,1696660
-39599575,-57264447,1367960,3,grass,male-fern,0,1200,114,14000,0,1696708
-39598513,-57264046,1367993,3,grass,lady-fern,1,900,116,14000,0,1696675
-39596721,-57264791,1367904,3,flower,field-scabious,0,800,71,14000,0,1696764
-39594001,-57264380,1367854,3,flower,herb-robert,0,350,96,14000,0,1696814
-39593291,-57264174,1367867,3,flower,birdsfoot-trefoil,0,250,88,14000,0,1696801
-39586906,-57264059,1367784,3,grass,hair-cap-moss,1,240,53,10000,0,1696884
-39579795,-57264265,1367683,3,grass,sword-fern,0,1200,26,6000,0,1696985
-39576597,-57264667,1367636,3,flower,prairie-lupine,0,900,50,4000,0,1697032
-39575947,-57264092,1367638,3,grass,sword-fern,0,1200,51,4000,0,1697030
-39567230,-57264741,1367634,3,reed,wild-rice,1,2000,61,0,0,1744092
-39563340,-57264086,1367644,3,grass,understory-fern,0,900,153,0,0,1744082
-39561332,-57264180,1367432,3,grass,brook-moss-cushion,1,220,384,0,0,1744294
-39556805,-57264231,1367430,3,bush,salal,0,1200,774,0,0,1744296
-39552004,-57264215,1367160,3,flower,harebell,0,350,412,0,0,1744566
-39791127,-57264000,1438363,3,grass,sword-fern,0,1200,426,116000,0,1532189
-39789231,-57263717,1437819,3,flower,oxeye-daisy,0,700,436,116000,0,1532733
-39786162,-57263454,1437001,3,flower,herb-robert,0,350,548,108000,0,1533551
-39681519,-57263630,1370792,3,grass,ivy-ground-layer,0,220,402,10000,0,1646818
-39679477,-57263554,1370365,3,grass,bilberry-mat,0,400,356,10000,0,1647245
-39678716,-57263233,1370292,3,flower,herb-robert,0,350,344,10000,0,1647318
-39678010,-57263560,1370111,3,grass,cocksfoot,0,1000,317,10000,0,1647499
-39671348,-57263765,1368959,3,grass,wood-sedge,0,500,250,4000,0,1648651
-39670440,-57263930,1368813,3,grass,male-fern,0,1200,203,4000,0,1648797
-39662365,-57263819,1368017,3,grass,meadow-grass,0,450,258,0,123,1649593
-39659275,-57263904,1367835,3,flower,water-forget-me-not,1,300,181,0,162,1649775
-39649561,-57263398,1367537,3,grass,needle-spike-rush,1,220,30,0,284,1650073
-39646219,-57263472,1367574,3,flower,bogbean,1,300,28,0,0,1650036
-39631173,-57263450,1367561,3,grass,wood-horsetail,1,500,44,10000,0,1650049
-39626709,-57263212,1367643,3,grass,sword-fern,0,1200,67,18000,0,1697025
-39626046,-57263481,1367654,3,grass,hair-cap-moss,1,240,68,18000,0,1697014
-39620667,-57263430,1367743,3,grass,meadow-grass,0,450,46,24000,0,1696925
-39619362,-57263363,1367773,3,grass,moss-cushion,0,220,57,24000,0,1696895
-39617797,-57263522,1367785,3,grass,understory-fern,0,900,53,24000,0,1696883
-39617146,-57263868,1367775,3,flower,red-campion,0,700,43,24000,0,1696893
-39615115,-57263986,1367749,3,grass,ivy-ground-layer,0,220,49,24000,0,1696919
-39611036,-57263231,1367878,3,grass,timothy,0,900,89,20000,0,1696790
-39609977,-57263547,1367885,3,grass,sword-fern,0,1200,140,20000,0,1696783
-39608243,-57263643,1367957,3,grass,bilberry-mat,0,400,157,20000,0,1696711
-39607430,-57263265,1368016,3,grass,ivy-ground-layer,0,220,84,16000,0,1696652
-39605415,-57263961,1367976,3,grass,feather-moss,0,220,114,16000,0,1696692
-39592169,-57263401,1367877,3,grass,sedge-tussock,1,600,73,10000,0,1696791
-39587427,-57263744,1367805,3,flower,red-campion,0,700,67,10000,0,1696863
-39581645,-57263446,1367717,3,reed,common-cottongrass,1,500,44,6000,0,1696951
-39576085,-57263329,1367663,3,grass,wood-sedge,0,500,48,4000,0,1697005
-39572250,-57263364,1367618,3,grass,feather-moss,0,220,38,4000,0,1697050
-39570781,-57263423,1367597,3,grass,feather-moss,0,220,20,4000,0,1697071
-39569359,-57263401,1367575,3,reed,wild-rice,1,2000,36,0,0,1744151
-39568472,-57263952,1367559,3,reed,wild-rice,1,2000,19,0,0,1744167
-39561248,-57263546,1367378,3,grass,hair-cap-moss,1,240,296,0,0,1744348
-39557604,-57263355,1367173,3,grass,ivy-ground-layer,0,220,112,0,0,1744553
-39557147,-57263424,1367159,3,grass,water-soldier,1,400,77,0,0,1744567
-39555799,-57263876,1367141,3,grass,male-fern,0,1200,212,0,0,1744585
-39550872,-57263847,1366952,3,grass,ribwort-plantain,0,300,248,0,0,1744774
-39541711,-57263625,1368505,3,grass,male-fern,0,1200,384,0,0,1743221
-39790535,-57262657,1438365,3,grass,moss-cushion,0,220,441,116000,0,1532187
-39788312,-57262663,1437710,3,grass,feather-moss,0,220,457,116000,0,1532842
-39679476,-57262556,1370531,3,grass,cocksfoot,0,1000,373,10000,0,1647079
-39672761,-57262973,1369240,3,grass,moss-cushion,0,220,309,4000,0,1648370
-39664986,-57262771,1368502,3,flower,jungle-understory-flower,0,750,359,0,0,1649108
-39663695,-57262949,1368312,3,flower,yarrow,0,600,349,0,0,1649298
-39661065,-57262893,1368182,3,grass,harts-tongue-fern,1,500,342,0,0,1649428
-39649037,-57262669,1367550,3,flower,flowering-rush,1,1200,58,0,271,1650060
-39642658,-57262406,1367551,3,reed,common-cottongrass,1,500,13,4000,0,1650059
-39641871,-57262487,1367558,3,grass,ivy-ground-layer,0,220,27,4000,0,1650052
-39641322,-57263061,1367550,3,reed,reed-sweet-grass,1,1500,19,2000,0,1650060
-39638444,-57262752,1367547,3,flower,purple-loosestrife,1,1200,47,2000,0,1650063
-39637429,-57262541,1367547,3,flower,oxeye-daisy,0,700,37,10000,0,1650063
-39635824,-57262541,1367567,3,flower,birdsfoot-trefoil,0,250,24,10000,0,1650043
-39633098,-57263057,1367549,3,grass,feather-moss,0,220,0,10000,0,1650061
-39631244,-57263051,1367568,3,grass,hair-cap-moss,1,240,44,10000,0,1650042
-39629325,-57263065,1367607,3,grass,jungle-groundcover,0,800,32,18000,0,1697061
-39626998,-57262834,1367655,3,flower,oxeye-daisy,0,700,73,18000,0,1697013
-39624663,-57262943,1367700,3,grass,sphagnum-hummock,1,280,55,18000,0,1696968
-39614321,-57262702,1367835,3,flower,harebell,0,350,112,20000,0,1696833
-39610225,-57262627,1367971,3,grass,harts-tongue-fern,1,500,172,20000,0,1696697
-39608982,-57262582,1368047,3,flower,harebell,0,350,139,20000,0,1696621
-39607204,-57263134,1368022,3,flower,birdsfoot-trefoil,0,250,90,16000,0,1696646
-39606009,-57262925,1368049,3,grass,jungle-groundcover,0,800,132,16000,0,1696619
-39604818,-57263015,1368106,3,grass,lady-fern,1,900,188,16000,0,1696562
-39603791,-57262416,1368222,3,grass,lady-fern,1,900,109,24000,0,1696446
-39602709,-57262792,1368176,3,flower,red-campion,0,700,114,16000,0,1696492
-39598908,-57262967,1368096,3,grass,meadow-grass,0,450,142,14000,0,1696572
-39596172,-57262757,1367991,3,grass,bilberry-mat,0,400,89,14000,0,1696677
-39594438,-57262657,1368014,3,grass,sword-fern,0,1200,91,14000,0,1696654
-39590446,-57262598,1367909,3,grass,moss-cushion,0,220,106,10000,0,1696759
-39589966,-57263117,1367870,3,grass,male-fern,0,1200,98,10000,0,1696798
-39587382,-57262697,1367847,3,flower,oxeye-daisy,0,700,86,10000,0,1696821
-39584977,-57262722,1367799,3,flower,purple-loosestrife,1,1200,52,6000,0,1696869
-39583060,-57262750,1367777,3,grass,wood-horsetail,1,500,51,6000,0,1696891
-39578556,-57262985,1367698,3,flower,red-campion,0,700,6,6000,0,1696970
-39575966,-57262872,1367674,3,reed,soft-rush,1,900,41,4000,0,1696994
-39563308,-57263188,1367618,3,grass,hair-cap-moss,1,240,136,0,0,1744108
-39555506,-57262804,1367270,3,flower,yarrow,0,600,398,0,0,1744456
-39555057,-57262624,1367340,3,grass,willow-moss,1,350,415,0,0,1744386
-39791372,-57261857,1438755,3,grass,feather-moss,0,220,450,118000,0,1531797
-39790740,-57262262,1438516,3,flower,herb-robert,0,350,449,118000,0,1532036
-39789306,-57262240,1438075,3,flower,herb-robert,0,350,450,118000,0,1532477
-39788369,-57261896,1437845,3,grass,moss-cushion,0,220,464,118000,0,1532707
-39785922,-57262044,1437294,3,bush,salal,0,1200,515,110000,0,1533258
-39779094,-57262160,1434104,3,bush,salal,0,1200,805,102000,0,1536448
-39777308,-57261687,1433988,3,bush,salal,0,1200,838,102000,0,1536564
-39759073,-57262138,1423468,3,bush,salal,0,1200,718,88000,0,1547084
-39683065,-57262069,1371462,3,grass,moss-cushion,0,220,406,20000,0,1646148
-39680998,-57262033,1370985,3,flower,herb-robert,0,350,438,12000,0,1646625
-39678557,-57262092,1370447,3,flower,meadow-daisy,0,420,364,12000,0,1647163
-39667502,-57262130,1368866,3,grass,timothy,0,900,323,4000,0,1648744
-39665655,-57262120,1368722,3,grass,lady-fern,1,900,362,0,0,1648888
-39659855,-57261714,1368411,3,flower,red-clover,0,400,353,0,0,1649199
-39657200,-57261831,1368123,3,grass,willow-moss,1,350,364,0,0,1649487
-39655169,-57262349,1367953,3,flower,red-campion,0,700,305,0,0,1649657
-39648757,-57261779,1367644,3,flower,river-water-crowfoot,1,1400,168,0,209,1649966
-39644863,-57262261,1367558,3,grass,male-fern,0,1200,18,4000,0,1650052
-39643161,-57262005,1367553,3,flower,primrose,0,240,21,4000,0,1650057
-39638893,-57261990,1367576,3,flower,water-mint,1,500,42,4000,0,1650034
-39635889,-57262030,1367578,3,grass,bilberry-mat,0,400,22,12000,0,1650032
-39632943,-57261653,1367560,3,grass,wood-horsetail,1,500,33,12000,0,1650050
-39629301,-57262253,1367636,3,flower,large-trillium,0,350,64,18000,0,1697032
-39628739,-57261918,1367666,3,flower,harebell,0,350,85,18000,0,1697002
-39626202,-57261856,1367725,3,flower,cowslip,0,300,86,18000,0,1696943
-39625547,-57262028,1367725,3,grass,male-fern,0,1200,77,18000,0,1696943
-39624495,-57262339,1367728,3,grass,sedge-tussock,1,600,66,18000,0,1696940
-39622937,-57262296,1367752,3,grass,meadow-grass,0,450,59,18000,0,1696916
-39620194,-57262165,1367783,3,grass,lady-fern,1,900,73,26000,0,1696885
-39619917,-57262196,1367791,3,grass,understory-fern,0,900,77,26000,0,1696877
-39612524,-57262038,1367944,3,grass,wood-horsetail,1,500,76,26000,0,1696724
-39608431,-57262294,1368088,3,grass,wood-sedge,0,500,101,26000,0,1696580
-39607085,-57261923,1368136,3,grass,meadow-grass,0,450,140,24000,0,1696532
-39603010,-57262294,1368239,3,grass,feather-moss,0,220,120,24000,0,1696429
-39597271,-57262204,1368061,3,flower,large-trillium,0,350,143,20000,0,1696607
-39596156,-57261824,1368088,3,flower,oxeye-daisy,0,700,129,20000,0,1696580
-39580635,-57261681,1367732,3,grass,jungle-groundcover,0,800,49,14000,0,1696936
-39577874,-57262355,1367699,3,grass,jungle-groundcover,0,800,3,14000,0,1696969
-39576897,-57261670,1367698,3,flower,impatiens,1,350,5,10000,0,1696970
-39574904,-57262393,1367677,3,grass,sphagnum-hummock,1,280,34,10000,0,1696991
-39573883,-57261912,1367684,3,flower,oxeye-daisy,0,700,30,10000,0,1696984
-39573522,-57262050,1367678,3,flower,primrose,0,240,37,10000,0,1696990
-39571031,-57262014,1367618,3,grass,male-fern,0,1200,36,10000,0,1697050
-39569290,-57261737,1367598,3,grass,timothy,0,900,11,6000,0,1744128
-39567605,-57262314,1367567,3,grass,wood-horsetail,1,500,51,6000,0,1744159
-39561875,-57262226,1367509,3,grass,ivy-ground-layer,0,220,18,4000,0,1744217
-39560109,-57262168,1367507,3,grass,meadow-grass,0,450,272,4000,0,1744219
-39555613,-57261660,1367575,3,flower,marsh-marigold,1,300,30,4000,0,1744151
-39555088,-57261799,1367570,3,grass,feather-moss,0,220,65,4000,0,1744156
-39553905,-57262249,1367488,3,grass,sword-fern,0,1200,288,4000,0,1744238
-39553323,-57262074,1367539,3,grass,wood-horsetail,1,500,157,4000,0,1744187
-39551502,-57262195,1367511,3,flower,meadow-daisy,0,420,68,4000,0,1744215
-39548838,-57261805,1367410,3,reed,soft-rush,1,900,222,4000,0,1744316
-39548492,-57262152,1367327,3,grass,hair-cap-moss,1,240,274,4000,0,1744399
-39546742,-57262042,1367021,3,flower,purple-loosestrife,1,1200,205,2000,0,1744705
-39543734,-57261880,1367029,3,flower,marsh-marigold,1,300,123,2000,0,1744697
-39537693,-57261607,1366992,3,grass,brook-moss-cushion,1,220,145,2000,0,1744734
-39534051,-57261647,1367028,3,grass,woolly-fringe-moss,0,220,473,2000,0,1744698
-39531494,-57261915,1366731,3,grass,sedge-tussock,1,600,233,0,0,1744995
-39531151,-57262002,1366756,3,grass,meadow-grass,0,450,388,0,0,1744970
-39789233,-57261117,1438293,3,grass,feather-moss,0,220,475,118000,0,1532259
-39785763,-57261335,1437374,3,bush,salal,0,1200,501,110000,0,1533178
-39784193,-57261359,1436870,3,grass,woolly-fringe-moss,0,220,513,110000,0,1533682
-39760430,-57261277,1424333,3,bush,salal,0,1200,773,88000,0,1546219
-39677792,-57261307,1370420,3,grass,bilberry-mat,0,400,370,12000,0,1647190
-39674211,-57261099,1369699,3,flower,red-clover,0,400,337,4000,0,1647911
-39671129,-57261521,1369272,3,grass,wood-sedge,0,500,337,4000,0,1648338
-39669565,-57261277,1369294,3,bush,salal,0,1200,376,4000,0,1648316
-39667834,-57261455,1369098,3,grass,feather-moss,0,220,350,4000,0,1648512
-39666833,-57261318,1369035,3,grass,hair-cap-moss,1,240,355,0,0,1648575
-39666208,-57261523,1368924,3,grass,meadow-grass,0,450,362,0,0,1648686
-39664862,-57261189,1368938,3,grass,wood-horsetail,1,500,364,0,0,1648672
-39658203,-57261318,1368366,3,flower,red-campion,0,700,381,0,0,1649244
-39656341,-57261500,1368190,3,flower,field-scabious,0,800,371,0,0,1649420
-39651391,-57261119,1368018,3,grass,brook-moss-cushion,1,220,412,0,0,1649592
-39649609,-57260879,1367896,3,bush,salal,0,1200,353,0,0,1649714
-39644338,-57261157,1367548,3,flower,purple-loosestrife,1,1200,29,4000,0,1650062
-39639049,-57261135,1367595,3,grass,feather-moss,0,220,29,4000,0,1650015
-39636081,-57261291,1367596,3,grass,meadow-grass,0,450,31,12000,0,1650014
-39633091,-57261038,1367574,3,grass,moss-cushion,0,220,42,12000,0,1650036
-39630749,-57261497,1367625,3,grass,wood-horsetail,1,500,61,12000,0,1649985
-39623418,-57261446,1367789,3,bush,salal,0,1200,56,18000,0,1696879
-39622028,-57260992,1367817,3,grass,male-fern,0,1200,54,26000,0,1696851
-39618329,-57260899,1367876,3,grass,harts-tongue-fern,1,500,33,26000,0,1696792
-39617166,-57261173,1367848,3,flower,meadow-daisy,0,420,43,26000,0,1696820
-39616381,-57261433,1367834,3,grass,feather-moss,0,220,36,26000,0,1696834
-39614139,-57261308,1367929,3,grass,male-fern,0,1200,80,26000,0,1696739
-39611741,-57261056,1368070,3,grass,understory-fern,0,900,178,26000,0,1696598
-39608896,-57261506,1368139,3,grass,meadow-grass,0,450,102,26000,0,1696529
-39606510,-57261430,1368230,3,flower,yarrow,0,600,197,24000,0,1696438
-39605193,-57261433,1368299,3,grass,moss-cushion,0,220,149,24000,0,1696369
-39599878,-57261320,1368254,3,grass,lady-fern,1,900,105,20000,0,1696414
-39597197,-57261108,1368187,3,grass,understory-fern,0,900,137,20000,0,1696481
-39596429,-57261367,1368154,3,grass,ivy-ground-layer,0,220,146,20000,0,1696514
-39595589,-57260966,1368169,3,flower,field-scabious,0,800,141,20000,0,1696499
-39590163,-57261474,1368004,3,grass,harts-tongue-fern,1,500,83,16000,0,1696664
-39589502,-57261099,1368015,3,grass,ribwort-plantain,0,300,84,16000,0,1696653
-39586963,-57261418,1367888,3,grass,hair-cap-moss,1,240,84,16000,0,1696780
-39582766,-57261190,1367811,3,grass,sword-fern,0,1200,53,14000,0,1696857
-39576503,-57261248,1367699,3,grass,harts-tongue-fern,1,500,3,10000,0,1696969
-39575807,-57261239,1367698,3,bush,salal,0,1200,5,10000,0,1696970
-39574740,-57261230,1367696,3,grass,feather-moss,0,220,8,10000,0,1696972
-39573817,-57261108,1367695,3,grass,lady-fern,1,900,14,10000,0,1696973
-39572650,-57261520,1367669,3,flower,herb-robert,0,350,45,10000,0,1696999
-39568796,-57261588,1367596,3,grass,ribwort-plantain,0,300,10,6000,0,1744130
-39566974,-57261370,1367591,3,grass,ivy-ground-layer,0,220,20,6000,0,1744135
-39563476,-57261563,1367529,3,reed,common-cottongrass,1,500,64,6000,0,1744197
-39556513,-57261472,1367577,3,grass,wood-horsetail,1,500,25,4000,0,1744149
-39550090,-57261085,1367449,3,grass,hair-cap-moss,1,240,154,4000,0,1744277
-39546272,-57261417,1367206,3,grass,feather-moss,0,220,413,2000,0,1744520
-39537439,-57261349,1367042,3,grass,brook-moss-cushion,1,220,307,2000,0,1744684
-39536412,-57261454,1366974,3,grass,lady-fern,1,900,106,2000,0,1744752
-39790998,-57260128,1439042,3,grass,male-fern,0,1200,425,118000,0,1531510
-39787009,-57260672,1437847,3,grass,woolly-fringe-moss,0,220,475,110000,0,1532705
-39779256,-57260213,1435070,3,bush,salal,0,1200,731,102000,0,1535482
-39776418,-57260346,1434034,3,bush,salal,0,1200,854,102000,0,1536518
-39677966,-57260011,1370774,3,bush,salal,0,1200,381,12000,0,1646836
-39676792,-57260570,1370368,3,grass,feather-moss,0,220,388,12000,0,1647242
-39675481,-57260496,1370133,3,grass,sword-fern,0,1200,385,12000,0,1647477
-39673107,-57260527,1369560,3,flower,meadow-daisy,0,420,308,4000,0,1648050
-39671468,-57260378,1369564,3,grass,wood-sedge,0,500,306,4000,0,1648046
-39668481,-57260461,1369415,3,grass,meadow-grass,0,450,345,4000,0,1648195
-39665817,-57260764,1369144,3,grass,brook-moss-cushion,1,220,364,0,0,1648466
-39659735,-57260754,1368721,3,grass,understory-fern,0,900,338,0,0,1648889
-39655750,-57260368,1368557,3,flower,common-knapweed,0,800,357,0,0,1649053
-39653833,-57260220,1368534,3,grass,sword-fern,0,1200,338,0,0,1649076
-39652800,-57260793,1368331,3,grass,cocksfoot,0,1000,362,0,0,1649279
-39650525,-57260228,1368171,3,flower,herb-robert,0,350,382,0,4,1649439
-39649168,-57260220,1368042,3,grass,male-fern,0,1200,371,0,133,1649568
-39642722,-57260520,1367613,3,grass,cocksfoot,0,1000,30,4000,0,1649997
-39641695,-57260224,1367611,3,grass,ivy-ground-layer,0,220,11,4000,0,1649999
-39641039,-57260080,1367609,3,flower,water-mint,1,500,9,4000,0,1650001
-39634832,-57260785,1367599,3,flower,birdsfoot-trefoil,0,250,40,12000,0,1650011
-39634201,-57260150,1367616,3,grass,male-fern,0,1200,46,12000,0,1649994
-39633364,-57260439,1367596,3,flower,red-clover,0,400,45,12000,0,1650014
-39629073,-57260459,1367753,3,grass,woolly-fringe-moss,0,220,94,18000,0,1696915
-39627665,-57260498,1367788,3,grass,lady-fern,1,900,84,18000,0,1696880
-39625523,-57260288,1367842,3,flower,oxeye-daisy,0,700,85,18000,0,1696826
-39624234,-57260104,1367858,3,grass,hair-cap-moss,1,240,56,18000,0,1696810
-39622606,-57260232,1367852,3,grass,male-fern,0,1200,60,18000,0,1696816
-39619664,-57260257,1367896,3,grass,lady-fern,1,900,46,26000,0,1696772
-39618380,-57260535,1367884,3,flower,meadow-daisy,0,420,36,26000,0,1696784
-39616164,-57260605,1367876,3,grass,male-fern,0,1200,91,26000,0,1696792
-39610417,-57260563,1368195,3,flower,cowslip,0,300,141,26000,0,1696473
-39604602,-57260592,1368407,3,grass,sword-fern,0,1200,124,24000,0,1696261
-39602591,-57260206,1368462,3,flower,oxeye-daisy,0,700,111,24000,0,1696206
-39601392,-57260085,1368434,3,flower,red-clover,0,400,141,24000,0,1696234
-39598340,-57260004,1368318,3,flower,red-clover,0,400,117,20000,0,1696350
-39597008,-57260574,1368252,3,flower,meadow-daisy,0,420,125,20000,0,1696416
-39596722,-57260496,1368257,3,flower,primrose,0,240,129,20000,0,1696411
-39591591,-57260161,1368153,3,grass,wood-sedge,0,500,144,16000,0,1696515
-39591138,-57260206,1368130,3,grass,moss-cushion,0,220,130,16000,0,1696538
-39587392,-57260696,1367940,3,flower,common-knapweed,0,800,100,16000,0,1696728
-39579048,-57260478,1367720,3,flower,primrose,0,240,39,14000,0,1696948
-39573275,-57260729,1367692,3,grass,lady-fern,1,900,17,10000,0,1696976
-39570430,-57260257,1367627,3,flower,herb-robert,0,350,36,10000,0,1697041
-39559355,-57260515,1367517,3,grass,ivy-ground-layer,0,220,115,4000,0,1744209
-39554344,-57260203,1367473,3,grass,cocksfoot,0,1000,60,4000,0,1744253
-39552018,-57260366,1367434,3,flower,marsh-marigold,1,300,56,4000,0,1744292
-39547213,-57260484,1367474,3,flower,water-forget-me-not,1,300,50,2000,0,1744252
-39545140,-57260302,1367444,3,reed,water-horsetail,1,900,62,2000,0,1744282
-39541274,-57260120,1367393,3,flower,arrowhead,1,800,105,2000,0,1744333
-39540122,-57260684,1367320,3,grass,feather-moss,0,220,249,2000,0,1744406
-39538375,-57260481,1367362,3,grass,understory-fern,0,900,117,2000,0,1744364
-39536804,-57260682,1367275,3,grass,bilberry-mat,0,400,311,2000,0,1744451
-39530968,-57260018,1367350,3,grass,harts-tongue-fern,1,500,127,0,0,1744376
-39788384,-57259375,1438518,3,grass,feather-moss,0,220,470,118000,0,1532034
-39783200,-57259987,1436932,3,grass,moss-cushion,0,220,498,110000,0,1533620
-39776911,-57259285,1434793,3,bush,salal,0,1200,817,102000,0,1535759
-39765109,-57259984,1427672,3,bush,salal,0,1200,942,96000,0,1542880
-39759539,-57259835,1424463,3,bush,salal,0,1200,716,88000,0,1546089
-39757877,-57259293,1424172,3,bush,salal,0,1200,604,88000,0,1546380
-39757572,-57259281,1424068,3,bush,salal,0,1200,587,88000,0,1546484
-39756641,-57259767,1423783,3,bush,salal,0,1200,565,80000,0,1546769
-39728785,-57259836,1409990,3,bush,salal,0,1200,910,60000,0,1560562
-39683616,-57259972,1372089,3,grass,woolly-fringe-moss,0,220,445,20000,0,1645521
-39682717,-57259465,1372050,3,grass,moss-cushion,0,220,511,20000,0,1645560
-39678790,-57259619,1371018,3,grass,bilberry-mat,0,400,384,12000,0,1646592
-39675127,-57259269,1370292,3,grass,meadow-grass,0,450,394,12000,0,1647318
-39670191,-57259658,1369659,3,bush,salal,0,1200,335,4000,0,1647951
-39667544,-57259936,1369487,3,grass,ribwort-plantain,0,300,330,4000,0,1648123
-39666161,-57259330,1369616,3,grass,jungle-groundcover,0,800,335,0,0,1647994
-39662919,-57259370,1369357,3,grass,brook-moss-cushion,1,220,324,0,0,1648253
-39658742,-57259651,1368995,3,grass,harts-tongue-fern,1,500,325,0,0,1648615
-39656057,-57259699,1368780,3,flower,red-clover,0,400,349,0,0,1648830
-39655369,-57259803,1368686,3,grass,understory-fern,0,900,337,0,0,1648924
-39653984,-57259718,1368654,3,grass,wood-horsetail,1,500,329,0,0,1648956
-39651242,-57259667,1368414,3,grass,brook-moss-cushion,1,220,340,0,0,1649196
-39650742,-57259318,1368434,3,flower,primrose,0,240,339,0,0,1649176
-39646820,-57259997,1367869,3,grass,wood-horsetail,1,500,392,0,0,1649741
-39646306,-57259550,1367974,3,bush,salal,0,1200,428,0,0,1649636
-39643762,-57259540,1367694,3,grass,male-fern,0,1200,213,4000,0,1649916
-39634797,-57259438,1367653,3,flower,red-campion,0,700,49,12000,0,1649957
-39634259,-57259251,1367660,3,flower,impatiens,1,350,50,12000,0,1649950
-39632919,-57259527,1367643,3,grass,meadow-grass,0,450,58,12000,0,1649967
-39631436,-57259492,1367694,3,grass,jungle-groundcover,0,800,114,12000,0,1649916
-39630771,-57259428,1367735,3,grass,hair-cap-moss,1,240,128,12000,0,1649875
-39629726,-57259420,1367791,3,flower,birdsfoot-trefoil,0,250,109,18000,0,1696877
-39622507,-57259627,1367894,3,flower,common-knapweed,0,800,78,18000,0,1696774
-39621702,-57259941,1367886,3,grass,lady-fern,1,900,86,26000,0,1696782
-39616361,-57259203,1367989,3,grass,timothy,0,900,114,26000,0,1696679
-39614567,-57259356,1368066,3,flower,meadow-daisy,0,420,158,26000,0,1696602
-39613122,-57259212,1368208,3,grass,wood-sedge,0,500,199,26000,0,1696460
-39611380,-57259884,1368235,3,grass,male-fern,0,1200,149,26000,0,1696433
-39609642,-57259495,1368381,3,flower,herb-robert,0,350,215,26000,0,1696287
-39607244,-57259390,1368535,3,grass,male-fern,0,1200,172,24000,0,1696133
-39601096,-57259762,1368437,3,flower,herb-robert,0,350,145,24000,0,1696231
-39599138,-57259643,1368379,3,grass,bilberry-mat,0,400,118,20000,0,1696289
-39597115,-57259878,1368322,3,flower,birdsfoot-trefoil,0,250,117,20000,0,1696346
-39590588,-57259644,1368161,3,grass,meadow-grass,0,450,132,16000,0,1696507
-39589309,-57259905,1368061,3,bush,salal,0,1200,102,16000,0,1696607
-39574124,-57259318,1367699,3,flower,oxeye-daisy,0,700,2,10000,0,1696969
-39571750,-57259466,1367678,3,flower,meadow-daisy,0,420,30,10000,0,1696990
-39566853,-57259802,1367599,3,grass,sphagnum-hummock,1,280,0,6000,0,1744127
-39566252,-57259319,1367599,3,grass,ivy-ground-layer,0,220,0,6000,0,1744127
-39562425,-57259651,1367544,3,grass,jungle-groundcover,0,800,28,4000,0,1744182
-39555314,-57259349,1367459,3,grass,meadow-grass,0,450,17,4000,0,1744267
-39551150,-57259429,1367403,3,bush,salal,0,1200,31,4000,0,1744323
-39549730,-57259252,1367413,3,flower,primrose,0,240,40,4000,0,1744313
-39546149,-57259914,1367448,3,grass,sword-fern,0,1200,86,2000,0,1744278
-39541710,-57259440,1367403,3,flower,water-mint,1,500,90,2000,0,1744323
-39538887,-57259227,1367306,3,grass,harts-tongue-fern,1,500,105,2000,0,1744420
-39537211,-57259684,1367358,3,reed,reed-sweet-grass,1,1500,89,2000,0,1744368
-39535590,-57259562,1367364,3,grass,lesser-pond-sedge,1,1000,75,2000,0,1744362
-39531541,-57259269,1367276,3,grass,blanket-weed,1,400,157,0,0,1744450
-39788744,-57259165,1438652,3,bush,salal,0,1200,456,118000,0,1531900
-39787216,-57258692,1438304,3,grass,moss-cushion,0,220,473,110000,0,1532248
-39785612,-57258623,1437973,3,flower,herb-robert,0,350,481,110000,0,1532579
-39757761,-57258868,1424254,3,bush,salal,0,1200,604,88000,0,1546298
-39755818,-57258972,1423621,3,grass,woolly-fringe-moss,0,220,535,80000,0,1546931
-39753576,-57258483,1422610,3,bush,salal,0,1200,571,80000,0,1547942
-39750691,-57259045,1420679,3,bush,salal,0,1200,762,80000,0,1549873
-39682896,-57259183,1372135,3,grass,meadow-grass,0,450,507,20000,0,1645475
-39681951,-57258414,1372120,3,bush,salal,0,1200,665,12000,0,1645490
-39681463,-57258599,1371836,3,bush,salal,0,1200,642,12000,0,1645774
-39674230,-57258670,1370300,3,bush,salal,0,1200,363,4000,0,1647310
-39673284,-57258511,1370272,3,grass,hair-cap-moss,1,240,379,4000,0,1647338
-39670263,-57259183,1369757,3,flower,cowslip,0,300,334,4000,0,1647853
-39667322,-57259118,1369673,3,grass,water-earwort,1,200,324,0,0,1647937
-39664815,-57259022,1369577,3,grass,harts-tongue-fern,1,500,358,0,0,1648033
-39663199,-57259156,1369446,3,grass,lady-fern,1,900,327,0,0,1648164
-39658513,-57258453,1369320,3,grass,willow-moss,1,350,294,0,0,1648290
-39655919,-57259114,1368930,3,grass,lady-fern,1,900,338,0,0,1648680
-39650957,-57258945,1368554,3,grass,sedge-tussock,1,600,324,0,0,1649056
-39649748,-57259010,1368410,3,flower,herb-robert,0,350,349,0,0,1649200
-39643530,-57258936,1367768,3,grass,harts-tongue-fern,1,500,338,4000,0,1649842
-39640538,-57258731,1367645,3,reed,reed-sweet-grass,1,1500,21,4000,0,1649965
-39639237,-57258453,1367641,3,flower,harebell,0,350,9,4000,0,1649969
-39635510,-57258576,1367680,3,grass,wood-horsetail,1,500,52,12000,0,1649930
-39633614,-57259016,1367670,3,flower,red-campion,0,700,56,12000,0,1649940
-39620967,-57258778,1367982,3,grass,meadow-grass,0,450,51,26000,0,1696686
-39615992,-57258964,1368028,3,grass,hair-cap-moss,1,240,114,26000,0,1696640
-39613712,-57258624,1368244,3,grass,ribwort-plantain,0,300,214,26000,0,1696424
-39613063,-57258608,1368298,3,grass,sedge-tussock,1,600,174,26000,0,1696370
-39612334,-57259071,1368280,3,grass,ivy-ground-layer,0,220,161,26000,0,1696388
-39609021,-57258504,1368595,3,grass,hair-cap-moss,1,240,249,26000,0,1696073
-39607343,-57258639,1368652,3,grass,understory-fern,0,900,156,24000,0,1696016
-39599412,-57258411,1368552,3,grass,wood-sedge,0,500,146,20000,0,1696116
-39596462,-57258813,1368381,3,grass,ivy-ground-layer,0,220,124,20000,0,1696287
-39594267,-57259082,1368304,3,grass,lady-fern,1,900,149,20000,0,1696364
-39592256,-57258777,1368360,3,flower,common-knapweed,0,800,152,16000,0,1696308
-39590646,-57258979,1368239,3,grass,sedge-tussock,1,600,156,16000,0,1696429
-39585069,-57259178,1367960,3,flower,herb-robert,0,350,102,16000,0,1696708
-39582179,-57258983,1367836,3,grass,harts-tongue-fern,1,500,58,14000,0,1696832
-39580448,-57258595,1367803,3,grass,cocksfoot,0,1000,48,14000,0,1696865
-39577746,-57258774,1367729,3,flower,oxeye-daisy,0,700,45,14000,0,1696939
-39576990,-57259100,1367710,3,grass,understory-fern,0,900,24,10000,0,1696958
-39572489,-57259048,1367687,3,grass,harts-tongue-fern,1,500,23,10000,0,1696981
-39566006,-57258856,1367599,3,grass,wood-sedge,0,500,0,6000,0,1744127
-39565289,-57259035,1367598,3,reed,soft-rush,1,900,4,6000,0,1744128
-39556869,-57258926,1367470,3,grass,feather-moss,0,220,30,4000,0,1744256
-39550597,-57258589,1367422,3,grass,ivy-ground-layer,0,220,16,4000,0,1744304
-39550020,-57258670,1367425,3,bush,salal,0,1200,13,4000,0,1744301
-39546951,-57259145,1367386,3,grass,lady-fern,1,900,92,2000,0,1744340
-39545979,-57259173,1367377,3,flower,water-forget-me-not,1,300,77,2000,0,1744349
-39544590,-57259015,1367390,3,grass,lesser-pond-sedge,1,1000,91,2000,0,1744336
-39535969,-57258880,1367280,3,grass,ivy-ground-layer,0,220,75,2000,0,1744446
-39534625,-57258949,1367292,3,grass,hair-cap-moss,1,240,96,2000,0,1744434
-39531343,-57259114,1367258,3,flower,water-mint,1,500,145,0,0,1744468
-39530944,-57258805,1367227,3,flower,river-water-crowfoot,1,1400,69,0,0,1744499
-39787183,-57257988,1438448,3,flower,herb-robert,0,350,460,110000,0,1532104
-39757830,-57258039,1424421,3,bush,salal,0,1200,614,88000,0,1546131
-39754868,-57257961,1423355,3,grass,woolly-fringe-moss,0,220,510,80000,0,1547197
-39727574,-57257927,1409931,3,bush,salal,0,1200,931,60000,0,1560621
-39677860,-57258218,1371154,3,grass,sword-fern,0,1200,358,12000,0,1646456
-39672682,-57257912,1370406,3,grass,woolly-fringe-moss,0,220,375,4000,0,1647204
-39671388,-57258069,1370160,3,bush,salal,0,1200,364,4000,0,1647450
-39664202,-57257630,1369935,3,grass,feather-moss,0,220,347,0,0,1647675
-39662836,-57258233,1369680,3,grass,hair-cap-moss,1,240,325,0,0,1647930
-39661408,-57258262,1369598,3,grass,hair-cap-moss,1,240,321,0,0,1648012
-39660276,-57257658,1369628,3,grass,timothy,0,900,316,0,0,1647982
-39654985,-57257963,1369155,3,grass,ivy-ground-layer,0,220,320,0,0,1648455
-39653461,-57257822,1369029,3,flower,herb-robert,0,350,318,0,0,1648581
-39646925,-57258082,1368524,3,grass,bilberry-mat,0,400,371,0,0,1649086
-39646332,-57258311,1368378,3,grass,lady-fern,1,900,394,0,0,1649232
-39641757,-57258116,1367736,3,flower,meadow-daisy,0,420,227,4000,0,1649874
-39639964,-57257688,1367660,3,grass,ivy-ground-layer,0,220,94,4000,0,1649950
-39638568,-57257999,1367648,3,grass,bilberry-mat,0,400,32,4000,0,1649962
-39634634,-57257801,1367719,3,flower,cowslip,0,300,58,12000,0,1649891
-39633863,-57258108,1367717,3,grass,sphagnum-hummock,1,280,67,12000,0,1649893
-39632229,-57258130,1367753,3,flower,red-campion,0,700,109,12000,0,1649857
-39629157,-57258323,1367879,3,grass,hair-cap-moss,1,240,85,18000,0,1696789
-39627931,-57257951,1367936,3,bush,salal,0,1200,113,18000,0,1696732
-39624925,-57257767,1367979,3,grass,bilberry-mat,0,400,68,18000,0,1696689
-39622689,-57258241,1367991,3,grass,lady-fern,1,900,76,18000,0,1696677
-39622079,-57258039,1368014,3,grass,lady-fern,1,900,53,26000,0,1696654
-39612250,-57258193,1368396,3,flower,red-campion,0,700,161,26000,0,1696272
-39607615,-57258067,1368740,3,flower,red-campion,0,700,164,26000,0,1695928
-39605428,-57258383,1368649,3,grass,sedge-tussock,1,600,157,24000,0,1696019
-39603946,-57257681,1368739,3,flower,oxeye-daisy,0,700,131,24000,0,1695929
-39598121,-57257908,1368556,3,flower,primrose,0,240,152,20000,0,1696112
-39597550,-57257725,1368534,3,bush,salal,0,1200,150,20000,0,1696134
-39587564,-57258265,1368089,3,grass,lady-fern,1,900,116,16000,0,1696579
-39584405,-57258311,1367958,3,flower,herb-robert,0,350,97,14000,0,1696710
-39577000,-57257853,1367741,3,flower,harebell,0,350,47,10000,0,1696927
-39574998,-57257855,1367713,3,grass,wood-horsetail,1,500,38,10000,0,1696955
-39573718,-57258006,1367683,3,grass,meadow-grass,0,450,37,10000,0,1696985
-39571845,-57257833,1367649,3,grass,harts-tongue-fern,1,500,42,10000,0,1697019
-39568693,-57258089,1367600,3,grass,male-fern,0,1200,2,6000,0,1744126
-39567607,-57257644,1367598,3,grass,bilberry-mat,0,400,5,6000,0,1744128
-39565094,-57257639,1367590,3,grass,lady-fern,1,900,20,6000,0,1744136
-39563504,-57257617,1367544,3,grass,woolly-fringe-moss,0,220,41,6000,0,1744182
-39561551,-57258155,1367530,3,flower,purple-loosestrife,1,1200,19,4000,0,1744196
-39559280,-57257831,1367518,3,grass,ivy-ground-layer,0,220,22,4000,0,1744208
-39548483,-57257697,1367392,3,grass,wood-sedge,0,500,27,4000,0,1744334
-39547647,-57258029,1367371,3,reed,soft-rush,1,900,29,4000,0,1744355
-39546245,-57257893,1367361,3,grass,timothy,0,900,21,2000,0,1744365
-39545111,-57258387,1367354,3,flower,yellow-flag-iris,1,1000,4,2000,0,1744372
-39543523,-57258010,1367353,3,grass,bilberry-mat,0,400,6,2000,0,1744373
-39542371,-57257929,1367341,3,reed,soft-rush,1,900,23,2000,0,1744385
-39539917,-57257951,1367270,3,flower,purple-loosestrife,1,1200,37,2000,0,1744456
-39534179,-57257777,1367261,3,reed,sweet-flag,1,1000,23,2000,0,1744465
-39784322,-57257317,1437874,3,bush,salal,0,1200,462,110000,0,1532678
-39782641,-57257184,1437485,3,bush,salal,0,1200,452,110000,0,1533067
-39779976,-57256900,1436512,3,bush,salal,0,1200,617,102000,0,1534040
-39778960,-57257326,1436102,3,bush,salal,0,1200,526,102000,0,1534450
-39760564,-57256922,1425766,3,bush,salal,0,1200,776,88000,0,1544786
-39758705,-57257403,1424873,3,bush,salal,0,1200,612,88000,0,1545679
-39757560,-57257179,1424418,3,flower,herb-robert,0,350,579,88000,0,1546134
-39680443,-57257320,1371941,3,bush,salal,0,1200,584,12000,0,1645669
-39679992,-57256901,1371864,3,bush,salal,0,1200,571,12000,0,1645746
-39678690,-57257576,1371428,3,grass,meadow-grass,0,450,429,12000,0,1646182
-39674249,-57257231,1370683,3,grass,jungle-groundcover,0,800,306,4000,0,1646927
-39672953,-57257595,1370556,3,grass,sword-fern,0,1200,340,4000,0,1647054
-39671693,-57256955,1370533,3,grass,bilberry-mat,0,400,327,4000,0,1647077
-39670046,-57256967,1370338,3,grass,feather-moss,0,220,333,4000,0,1647272
-39664223,-57256841,1370130,3,grass,brook-moss-cushion,1,220,334,0,0,1647480
-39661175,-57257341,1369786,3,flower,red-campion,0,700,342,0,0,1647824
-39650059,-57257365,1368906,3,grass,feather-moss,0,220,322,0,1,1648704
-39644708,-57256852,1368574,3,grass,feather-moss,0,220,433,4000,0,1649036
-39641560,-57256832,1367978,3,grass,feather-moss,0,220,453,4000,0,1649632
-39640112,-57257082,1367744,3,grass,male-fern,0,1200,257,4000,0,1649866
-39638948,-57257308,1367657,3,grass,hair-cap-moss,1,240,52,4000,0,1649953
-39633222,-57257593,1367769,3,flower,primrose,0,240,93,12000,0,1649841
-39630392,-57257229,1367899,3,flower,impatiens,1,350,108,12000,0,1649711
-39625833,-57257112,1368014,3,flower,impatiens,1,350,66,18000,0,1696654
-39625192,-57257309,1368005,3,grass,lady-fern,1,900,73,18000,0,1696663
-39614705,-57257549,1368287,3,flower,red-campion,0,700,233,26000,0,1696381
-39610473,-57257400,1368684,3,grass,ivy-ground-layer,0,220,295,26000,0,1695984
-39598818,-57257405,1368656,3,grass,ivy-ground-layer,0,220,150,20000,0,1696012
-39596377,-57257565,1368495,3,grass,male-fern,0,1200,124,20000,0,1696173
-39591121,-57257581,1368426,3,grass,ivy-ground-layer,0,220,157,16000,0,1696242
-39582435,-57257138,1367898,3,grass,feather-moss,0,220,67,14000,0,1696770
-39578683,-57257288,1367794,3,flower,herb-robert,0,350,50,14000,0,1696874
-39577874,-57257288,1367779,3,grass,hair-cap-moss,1,240,52,14000,0,1696889
-39575960,-57257488,1367745,3,grass,sword-fern,0,1200,48,10000,0,1696923
-39567384,-57257084,1367593,3,grass,wood-sedge,0,500,17,6000,0,1744133
-39565802,-57257055,1367581,3,grass,ivy-ground-layer,0,220,29,6000,0,1744145
-39563739,-57256908,1367545,3,grass,feather-moss,0,220,45,6000,0,1744181
-39560574,-57257449,1367525,3,grass,ivy-ground-layer,0,220,21,4000,0,1744201
-39556831,-57257293,1367495,3,flower,yarrow,0,600,8,4000,0,1744231
-39556366,-57256883,1367489,3,grass,hair-cap-moss,1,240,19,4000,0,1744237
-39552945,-57257400,1367435,3,grass,male-fern,0,1200,48,4000,0,1744291
-39551174,-57256879,1367405,3,grass,lady-fern,1,900,10,4000,0,1744321
-39547893,-57256932,1367389,3,grass,ivy-ground-layer,0,220,19,4000,0,1744337
-39543366,-57257223,1367361,3,grass,wood-sedge,0,500,17,2000,0,1744365
-39542895,-57257583,1367352,3,reed,water-horsetail,1,900,25,2000,0,1744374
-39539271,-57257333,1367279,3,grass,lesser-pond-sedge,1,1000,35,2000,0,1744447
-39535429,-57257025,1367282,3,grass,wood-horsetail,1,500,27,2000,0,1744444
-39531740,-57257419,1367238,3,grass,bilberry-mat,0,400,57,0,0,1744488
-39790913,-57256455,1439621,3,grass,bilberry-mat,0,400,352,118000,0,1530931
-39789107,-57256753,1439134,3,grass,cocksfoot,0,1000,384,118000,0,1531418
-39786951,-57256194,1438716,3,grass,sword-fern,0,1200,413,110000,0,1531836
-39786030,-57256436,1438463,3,flower,herb-robert,0,350,444,110000,0,1532089
-39784868,-57256536,1438142,3,flower,herb-robert,0,350,465,110000,0,1532410
-39752667,-57256149,1422392,3,bush,salal,0,1200,596,80000,0,1548160
-39749882,-57256500,1421133,3,bush,salal,0,1200,779,74000,0,1549419
-39700666,-57256028,1387072,3,bush,salal,0,1200,937,34000,0,1630538
-39682405,-57256568,1372723,3,flower,yarrow,0,600,404,12000,0,1644887
-39682070,-57256132,1372643,3,grass,feather-moss,0,220,410,12000,0,1644967
-39673986,-57256791,1370794,3,grass,moss-cushion,0,220,279,4000,0,1646816
-39669829,-57256030,1370564,3,flower,yarrow,0,600,266,4000,0,1647046
-39667646,-57256345,1370396,3,flower,red-campion,0,700,291,4000,0,1647214
-39666878,-57256598,1370332,3,grass,feather-moss,0,220,288,0,0,1647278
-39663625,-57256516,1370135,3,flower,primrose,0,240,322,0,0,1647475
-39662862,-57256565,1370084,3,grass,ivy-ground-layer,0,220,322,0,0,1647526
-39661127,-57256783,1369908,3,flower,oxeye-daisy,0,700,352,0,0,1647702
-39660673,-57256462,1369918,3,flower,herb-robert,0,350,353,0,0,1647692
-39658416,-57256281,1369826,3,flower,herb-robert,0,350,334,0,0,1647784
-39655288,-57256049,1369599,3,flower,red-clover,0,400,317,0,0,1648011
-39652214,-57256747,1369227,3,grass,sword-fern,0,1200,319,0,0,1648383
-39649486,-57256261,1369148,3,grass,meadow-grass,0,450,321,0,276,1648462
-39642566,-57256742,1368244,3,flower,herb-robert,0,350,494,4000,0,1649366
-39638357,-57256248,1367732,3,flower,herb-robert,0,350,159,4000,0,1649878
-39633712,-57256045,1367844,3,grass,hair-cap-moss,1,240,99,12000,0,1649766
-39631634,-57256196,1367929,3,flower,meadow-daisy,0,420,122,12000,0,1649681
-39625300,-57256119,1368095,3,grass,sedge-tussock,1,600,87,18000,0,1696573
-39623440,-57256040,1368112,3,grass,wood-horsetail,1,500,54,18000,0,1696556
-39620968,-57256678,1368081,3,grass,meadow-grass,0,450,70,26000,0,1696587
-39620508,-57256211,1368114,3,flower,large-trillium,0,350,108,26000,0,1696554
-39619787,-57256259,1368136,3,flower,herb-robert,0,350,120,26000,0,1696532
-39615756,-57256441,1368340,3,grass,understory-fern,0,900,234,26000,0,1696328
-39611252,-57256418,1368721,3,grass,timothy,0,900,302,26000,0,1695947
-39608028,-57256639,1368924,3,flower,red-clover,0,400,196,26000,0,1695744
-39607254,-57256760,1368926,3,grass,ivy-ground-layer,0,220,189,24000,0,1695742
-39590049,-57256269,1368486,3,grass,sword-fern,0,1200,161,16000,0,1696182
-39589586,-57256726,1368378,3,grass,sword-fern,0,1200,155,16000,0,1696290
-39588369,-57256626,1368277,3,grass,hair-cap-moss,1,240,160,16000,0,1696391
-39587552,-57256776,1368212,3,grass,sword-fern,0,1200,142,16000,0,1696456
-39586291,-57256459,1368148,3,grass,harts-tongue-fern,1,500,109,16000,0,1696520
-39584331,-57256604,1368019,3,flower,herb-robert,0,350,110,14000,0,1696649
-39575642,-57256052,1367758,3,grass,ivy-ground-layer,0,220,50,10000,0,1696910
-39573982,-57256509,1367670,3,grass,wood-sedge,0,500,49,10000,0,1696998
-39573575,-57256698,1367653,3,grass,jungle-groundcover,0,800,35,10000,0,1697015
-39572344,-57256752,1367632,3,grass,meadow-grass,0,450,9,10000,0,1697036
-39570588,-57256080,1367617,3,grass,meadow-grass,0,450,33,10000,0,1697051
-39564975,-57256482,1367562,3,grass,wood-sedge,0,500,42,6000,0,1744164
-39562312,-57256210,1367507,3,grass,male-fern,0,1200,16,4000,0,1744219
-39559898,-57256389,1367504,3,flower,water-mint,1,500,13,4000,0,1744222
-39557075,-57256632,1367488,3,flower,meadow-daisy,0,420,24,4000,0,1744238
-39553587,-57256139,1367427,3,flower,purple-loosestrife,1,1200,45,4000,0,1744299
-39550195,-57256076,1367401,3,flower,primrose,0,240,4,4000,0,1744325
-39543936,-57256649,1367365,3,flower,water-forget-me-not,1,300,10,2000,0,1744361
-39542451,-57256006,1367350,3,flower,primrose,0,240,34,2000,0,1744376
-39540052,-57256338,1367303,3,flower,yellow-flag-iris,1,1000,21,2000,0,1744423
-39537823,-57256069,1367297,3,grass,sphagnum-hummock,1,280,6,2000,0,1744429
-39530734,-57256594,1367232,3,flower,river-water-crowfoot,1,1400,34,0,0,1744494
-39785319,-57255901,1438392,3,flower,oxeye-daisy,0,700,446,110000,0,1532160
-39784107,-57255518,1438187,3,flower,herb-robert,0,350,441,110000,0,1532365
-39783086,-57255274,1437931,3,flower,primrose,0,240,385,110000,0,1532621
-39781725,-57255459,1437488,3,flower,herb-robert,0,350,526,110000,0,1533064
-39781359,-57255791,1437279,3,bush,salal,0,1200,606,110000,0,1533273
-39777705,-57255801,1436033,3,bush,salal,0,1200,556,102000,0,1534519
-39777343,-57255266,1436016,3,bush,salal,0,1200,583,102000,0,1534536
-39756878,-57255212,1424100,3,grass,moss-cushion,0,220,547,80000,0,1546452
-39752649,-57255870,1422476,3,grass,woolly-fringe-moss,0,220,596,80000,0,1548076
-39749989,-57255612,1421553,3,bush,salal,0,1200,773,74000,0,1548999
-39683275,-57255214,1373115,3,flower,herb-robert,0,350,507,20000,0,1644495
-39682178,-57255635,1372727,3,grass,meadow-grass,0,450,341,12000,0,1644883
-39680267,-57255790,1372239,3,bush,salal,0,1200,632,12000,0,1645371
-39668659,-57255407,1370634,3,bush,salal,0,1200,249,4000,0,1646976
-39666964,-57255741,1370481,3,grass,brook-moss-cushion,1,220,261,0,0,1647129
-39664369,-57255896,1370306,3,grass,male-fern,0,1200,302,0,0,1647304
-39661096,-57255885,1370076,3,grass,lady-fern,1,900,338,0,0,1647534
-39653993,-57255791,1369555,3,grass,sedge-tussock,1,600,320,0,0,1648055
-39651435,-57255873,1369404,3,grass,lady-fern,1,900,319,0,0,1648206
-39649941,-57255326,1369434,3,grass,willow-moss,1,350,316,0,0,1648176
-39648459,-57255233,1369339,3,flower,herb-robert,0,350,320,0,0,1648271
-39646757,-57255317,1369104,3,grass,male-fern,0,1200,363,0,0,1648506
-39641273,-57255368,1368515,3,flower,herb-robert,0,350,490,4000,0,1649095
-39638575,-57255974,1367801,3,flower,common-knapweed,0,800,270,4000,0,1649809
-39633445,-57255349,1367899,3,grass,understory-fern,0,900,106,12000,0,1649711
-39632082,-57255233,1367971,3,grass,timothy,0,900,131,12000,0,1649639
-39630487,-57255794,1368034,3,flower,herb-robert,0,350,144,12000,0,1649576
-39627853,-57255307,1368149,3,flower,red-campion,0,700,85,18000,0,1696519
-39622036,-57255448,1368146,3,grass,meadow-grass,0,450,91,26000,0,1696522
-39613645,-57255507,1368622,3,bush,salal,0,1200,226,26000,0,1696046
-39612461,-57255678,1368712,3,grass,feather-moss,0,220,291,26000,0,1695956
-39611997,-57255240,1368812,3,grass,timothy,0,900,317,26000,0,1695856
-39610788,-57255832,1368850,3,flower,red-campion,0,700,280,26000,0,1695818
-39606685,-57255988,1369031,3,grass,sword-fern,0,1200,151,24000,0,1695637
-39603167,-57255520,1368953,3,grass,wood-horsetail,1,500,144,24000,0,1695715
-39599825,-57255747,1368877,3,grass,moss-cushion,0,220,138,20000,0,1695791
-39596628,-57255417,1368811,3,grass,wood-horsetail,1,500,177,20000,0,1695857
-39587444,-57255244,1368304,3,flower,large-trillium,0,350,149,16000,0,1696364
-39579365,-57255820,1367869,3,flower,herb-robert,0,350,57,14000,0,1696799
-39573821,-57255501,1367684,3,flower,red-campion,0,700,59,10000,0,1696984
-39569975,-57255534,1367615,3,flower,cowslip,0,300,33,6000,0,1744111
-39564775,-57255930,1367546,3,grass,ribwort-plantain,0,300,38,6000,0,1744180
-39562624,-57255513,1367507,3,grass,moss-cushion,0,220,16,6000,0,1744219
-39562175,-57255434,1367502,3,grass,hair-cap-moss,1,240,8,4000,0,1744224
-39558417,-57255250,1367478,3,grass,timothy,0,900,35,4000,0,1744248
-39553354,-57255858,1367416,3,grass,sword-fern,0,1200,33,4000,0,1744310
-39547641,-57255376,1367383,3,grass,feather-moss,0,220,28,4000,0,1744343
-39541434,-57255407,1367324,3,grass,needle-spike-rush,1,220,36,2000,0,1744402
-39536475,-57255223,1367298,3,flower,water-forget-me-not,1,300,4,2000,0,1744428
-39531130,-57255857,1367236,3,reed,broadleaf-cattail,1,2200,36,0,0,1744490
-39785552,-57254998,1438646,3,grass,wood-sedge,0,500,395,112000,0,1531906
-39784312,-57255049,1438318,3,bush,salal,0,1200,433,110000,0,1532234
-39782588,-57254897,1437860,3,grass,feather-moss,0,220,386,112000,0,1532692
-39780633,-57254513,1437149,3,flower,herb-robert,0,350,568,112000,0,1533403
-39775254,-57254824,1435207,3,bush,salal,0,1200,761,104000,0,1535345
-39771317,-57254519,1433228,3,bush,salal,0,1200,905,98000,0,1537324
-39754216,-57254765,1423029,3,bush,salal,0,1200,578,84000,0,1547523
-39753360,-57254784,1422953,3,bush,salal,0,1200,598,84000,0,1547599
-39752042,-57254640,1422708,3,bush,salal,0,1200,641,84000,0,1547844
-39679443,-57254740,1372347,3,bush,salal,0,1200,652,16000,0,1645263
-39678058,-57255126,1371831,3,bush,salal,0,1200,534,12000,0,1645779
-39677194,-57254883,1371661,3,flower,harebell,0,350,476,16000,0,1645949
-39676071,-57255145,1371352,3,grass,feather-moss,0,220,393,12000,0,1646258
-39674280,-57254868,1371163,3,flower,herb-robert,0,350,332,10000,0,1646447
-39668996,-57254775,1370789,3,grass,jungle-groundcover,0,800,228,10000,0,1646821
-39664630,-57254420,1370542,3,flower,large-trillium,0,350,219,8000,0,1647068
-39661662,-57254520,1370329,3,grass,hair-cap-moss,1,240,246,8000,0,1647281
-39653559,-57254454,1369842,3,flower,meadow-daisy,0,420,317,2000,0,1647768
-39651232,-57255070,1369586,3,grass,lady-fern,1,900,321,0,0,1648024
-39646004,-57254957,1369087,3,grass,cocksfoot,0,1000,382,0,0,1648523
-39641861,-57255166,1368646,3,grass,feather-moss,0,220,462,4000,0,1648964
-39639453,-57255133,1368203,3,flower,herb-robert,0,350,495,4000,0,1649407
-39635344,-57255188,1367871,3,bush,salal,0,1200,107,12000,0,1649739
-39633106,-57254756,1367958,3,grass,male-fern,0,1200,128,12000,0,1649652
-39632233,-57255190,1367967,3,grass,jungle-groundcover,0,800,130,12000,0,1649643
-39623458,-57254965,1368192,3,grass,sedge-tussock,1,600,85,20000,0,1696476
-39619603,-57254420,1368324,3,flower,red-campion,0,700,169,28000,0,1696344
-39611320,-57254728,1368964,3,flower,field-scabious,0,800,290,34000,0,1695704
-39610539,-57254759,1369019,3,grass,wood-sedge,0,500,240,34000,0,1695649
-39608046,-57254557,1369176,3,grass,ivy-ground-layer,0,220,204,34000,0,1695492
-39604011,-57254553,1369094,3,flower,harebell,0,350,146,30000,0,1695574
-39600351,-57255162,1368971,3,grass,jungle-groundcover,0,800,157,24000,0,1695697
-39599743,-57255190,1368942,3,grass,male-fern,0,1200,150,20000,0,1695726
-39594464,-57254781,1368863,3,grass,timothy,0,900,194,26000,0,1695805
-39586993,-57254608,1368292,3,bush,salal,0,1200,148,24000,0,1696376
-39584931,-57255068,1368144,3,grass,jungle-groundcover,0,800,113,14000,0,1696524
-39581817,-57254638,1368012,3,flower,primrose,0,240,112,20000,0,1696656
-39580802,-57255034,1367944,3,bush,salal,0,1200,91,14000,0,1696724
-39573077,-57254417,1367733,3,grass,bilberry-mat,0,400,65,16000,0,1696935
-39565061,-57254814,1367532,3,grass,hair-cap-moss,1,240,13,12000,0,1744194
-39563123,-57254517,1367514,3,grass,harts-tongue-fern,1,500,21,12000,0,1744212
-39559709,-57254532,1367495,3,grass,wood-horsetail,1,500,9,12000,0,1744231
-39554770,-57254603,1367413,3,grass,cocksfoot,0,1000,26,10000,0,1744313
-39549709,-57254572,1367400,3,grass,sword-fern,0,1200,0,10000,0,1744326
-39546386,-57254497,1367334,3,grass,ivy-ground-layer,0,220,44,10000,0,1744392
-39543484,-57255088,1367321,3,grass,male-fern,0,1200,30,2000,0,1744405
-39533430,-57254888,1367253,3,grass,sword-fern,0,1200,29,10000,0,1744473
-39531323,-57255105,1367228,3,reed,soft-rush,1,900,34,0,0,1744498
-39531194,-57254677,1367218,3,flower,cowslip,0,300,24,8000,0,1744508
-39784946,-57253636,1438678,3,bush,salal,0,1200,374,112000,0,1531874
-39783666,-57253852,1438263,3,grass,bilberry-mat,0,400,395,112000,0,1532289
-39783137,-57253853,1438145,3,grass,understory-fern,0,900,374,112000,0,1532407
-39779921,-57254176,1437005,3,bush,salal,0,1200,502,104000,0,1533547
-39749497,-57253719,1421927,3,bush,salal,0,1200,837,76000,0,1548625
-39748730,-57253974,1421520,3,bush,salal,0,1200,902,76000,0,1549032
-39681955,-57254347,1372972,3,grass,meadow-grass,0,450,490,16000,0,1644638
-39673818,-57253970,1371329,3,grass,sword-fern,0,1200,354,10000,0,1646281
-39672111,-57254033,1371115,3,grass,sword-fern,0,1200,299,10000,0,1646495
-39655342,-57253895,1370095,3,flower,herb-robert,0,350,294,2000,0,1647515
-39653746,-57253968,1369986,3,grass,brook-moss-cushion,1,220,313,2000,0,1647624
-39653500,-57253930,1369985,3,grass,meadow-grass,0,450,314,2000,0,1647625
-39648565,-57254261,1369610,3,grass,water-earwort,1,200,320,0,0,1648000
-39643492,-57253877,1369077,3,flower,harebell,0,350,401,4000,0,1648533
-39640640,-57253922,1368828,3,grass,feather-moss,0,220,461,4000,0,1648782
-39639831,-57253824,1368715,3,flower,herb-robert,0,350,477,4000,0,1648895
-39638579,-57253843,1368387,3,bush,salal,0,1200,505,4000,0,1649223
-39635340,-57254289,1367907,3,grass,ivy-ground-layer,0,220,81,12000,0,1649703
-39634076,-57254257,1367965,3,grass,moss-cushion,0,220,121,12000,0,1649645
-39630920,-57253961,1368151,3,grass,sedge-tussock,1,600,119,12000,0,1649459
-39623596,-57253960,1368290,3,flower,yarrow,0,600,128,20000,0,1696378
-39618692,-57254372,1368419,3,flower,primrose,0,240,243,28000,0,1696249
-39612481,-57253982,1368993,3,flower,herb-robert,0,350,326,34000,0,1695675
-39610051,-57254046,1369161,3,grass,meadow-grass,0,450,221,34000,0,1695507
-39604530,-57253688,1369217,3,grass,sword-fern,0,1200,154,30000,0,1695451
-39603785,-57253941,1369162,3,flower,field-scabious,0,800,142,30000,0,1695506
-39599053,-57254238,1369053,3,grass,meadow-grass,0,450,184,26000,0,1695615
-39597047,-57253908,1369069,3,grass,moss-cushion,0,220,164,26000,0,1695599
-39594195,-57254233,1368926,3,grass,meadow-grass,0,450,205,26000,0,1695742
-39589167,-57254346,1368554,3,grass,ribwort-plantain,0,300,161,24000,0,1696114
-39587207,-57254140,1368346,3,grass,sword-fern,0,1200,154,24000,0,1696322
-39587094,-57254237,1368322,3,grass,ivy-ground-layer,0,220,153,24000,0,1696346
-39580611,-57253819,1368030,3,grass,sword-fern,0,1200,109,20000,0,1696638
-39577229,-57253849,1367937,3,grass,hair-cap-moss,1,240,111,16000,0,1696731
-39574494,-57253863,1367792,3,flower,meadow-daisy,0,420,97,16000,0,1696876
-39567864,-57253725,1367639,3,flower,oxeye-daisy,0,700,85,12000,0,1744087
-39566929,-57253816,1367600,3,grass,cocksfoot,0,1000,84,12000,0,1744126
-39564504,-57254047,1367545,3,grass,male-fern,0,1200,45,12000,0,1744181
-39563337,-57254005,1367524,3,flower,birdsfoot-trefoil,0,250,39,12000,0,1744202
-39562912,-57254235,1367514,3,grass,ribwort-plantain,0,300,27,12000,0,1744212
-39561091,-57254105,1367500,3,flower,cowslip,0,300,2,12000,0,1744226
-39552001,-57253955,1367400,3,grass,bilberry-mat,0,400,3,10000,0,1744326
-39546481,-57254109,1367334,3,grass,wood-horsetail,1,500,41,10000,0,1744392
-39538731,-57253739,1367300,3,grass,bilberry-mat,0,400,2,10000,0,1744426
-39538331,-57253622,1367299,3,flower,herb-robert,0,350,1,10000,0,1744427
-39537423,-57253846,1367298,3,flower,red-campion,0,700,3,10000,0,1744428
-39533730,-57254251,1367252,3,flower,herb-robert,0,350,17,10000,0,1744474
-39791232,-57253337,1440101,3,grass,feather-moss,0,220,274,120000,0,1530451
-39788903,-57253168,1439605,3,flower,oxeye-daisy,0,700,362,120000,0,1530947
-39787525,-57253565,1439242,3,flower,herb-robert,0,350,354,120000,0,1531310
-39783600,-57253099,1438369,3,grass,male-fern,0,1200,384,112000,0,1532183
-39781772,-57253577,1437782,3,grass,feather-moss,0,220,453,112000,0,1532770
-39781063,-57253254,1437521,3,bush,salal,0,1200,504,112000,0,1533031
-39777139,-57253131,1436392,3,grass,moss-cushion,0,220,534,104000,0,1534160
-39776529,-57252955,1436269,3,bush,salal,0,1200,566,104000,0,1534283
-39753215,-57253600,1423317,3,bush,salal,0,1200,638,84000,0,1547235
-39751317,-57253488,1423026,3,bush,salal,0,1200,684,84000,0,1547526
-39738573,-57253217,1418047,3,bush,salal,0,1200,914,70000,0,1552505
-39731383,-57253075,1414238,3,bush,salal,0,1200,978,62000,0,1556314
-39679623,-57252908,1372986,3,bush,salal,0,1200,717,16000,0,1644624
-39673374,-57252871,1371530,3,flower,meadow-daisy,0,420,376,10000,0,1646080
-39671404,-57253359,1371236,3,grass,understory-fern,0,900,313,10000,0,1646374
-39668885,-57252823,1371085,3,grass,harts-tongue-fern,1,500,258,10000,0,1646525
-39667314,-57253293,1370864,3,grass,ivy-ground-layer,0,220,197,8000,0,1646746
-39662533,-57253400,1370557,3,grass,feather-moss,0,220,180,8000,0,1647053
-39661339,-57253249,1370505,3,flower,red-campion,0,700,182,8000,0,1647105
-39656309,-57253537,1370231,3,flower,herb-robert,0,350,254,2000,0,1647379
-39654846,-57253205,1370218,3,grass,ivy-ground-layer,0,220,274,2000,0,1647392
-39654326,-57253057,1370237,3,grass,lady-fern,1,900,274,2000,0,1647373
-39652730,-57253129,1370108,3,grass,sword-fern,0,1200,299,2000,0,1647502
-39646782,-57253592,1369513,3,grass,lady-fern,1,900,323,0,0,1648097
-39645373,-57253356,1369344,3,grass,wood-sedge,0,500,348,0,0,1648266
-39643739,-57253221,1369232,3,flower,herb-robert,0,350,386,4000,0,1648378
-39641290,-57253231,1369137,3,grass,feather-moss,0,220,441,4000,0,1648473
-39640575,-57253180,1369033,3,grass,feather-moss,0,220,461,4000,0,1648577
-39639015,-57253038,1368761,3,flower,herb-robert,0,350,470,4000,0,1648849
-39638225,-57252982,1368623,3,flower,herb-robert,0,350,475,4000,0,1648987
-39636690,-57252890,1368362,3,bush,salal,0,1200,531,12000,0,1649248
-39635294,-57253491,1367978,3,grass,sedge-tussock,1,600,141,12000,0,1649632
-39635043,-57253006,1368034,3,grass,sword-fern,0,1200,202,12000,0,1649576
-39634383,-57253444,1368002,3,grass,ivy-ground-layer,0,220,157,12000,0,1649608
-39627904,-57253386,1368333,3,grass,jungle-groundcover,0,800,85,20000,0,1696335
-39627039,-57252996,1368351,3,grass,sphagnum-hummock,1,280,66,20000,0,1696317
-39625704,-57253476,1368303,3,grass,lady-fern,1,900,68,20000,0,1696365
-39624382,-57253598,1368313,3,flower,prairie-lupine,0,900,112,20000,0,1696355
-39615466,-57252949,1368959,3,grass,bilberry-mat,0,400,317,28000,0,1695709
-39608919,-57253477,1369311,3,grass,hair-cap-moss,1,240,207,34000,0,1695357
-39607711,-57253023,1369385,3,grass,wood-sedge,0,500,134,34000,0,1695283
-39606301,-57253291,1369322,3,grass,moss-cushion,0,220,153,30000,0,1695346
-39601466,-57253255,1369219,3,grass,hair-cap-moss,1,240,149,30000,0,1695449
-39600518,-57253105,1369229,3,grass,ivy-ground-layer,0,220,164,30000,0,1695439
-39596813,-57253003,1369204,3,flower,meadow-daisy,0,420,180,26000,0,1695464
-39594782,-57253180,1369095,3,grass,sword-fern,0,1200,211,26000,0,1695573
-39592034,-57253245,1369014,3,grass,hair-cap-moss,1,240,205,24000,0,1695654
-39590005,-57253344,1368754,3,grass,feather-moss,0,220,178,24000,0,1695914
-39589489,-57252897,1368692,3,flower,red-clover,0,400,178,24000,0,1695976
-39588262,-57253004,1368513,3,grass,wood-sedge,0,500,162,24000,0,1696155
-39581519,-57252936,1368121,3,grass,meadow-grass,0,450,101,20000,0,1696547
-39578584,-57253025,1368038,3,grass,hair-cap-moss,1,240,95,20000,0,1696630
-39567428,-57253264,1367650,3,flower,primrose,0,240,91,12000,0,1744076
-39566785,-57252820,1367642,3,flower,herb-robert,0,350,87,12000,0,1744084
-39564014,-57253035,1367577,3,flower,field-scabious,0,800,73,12000,0,1744149
-39553845,-57253214,1367406,3,flower,herb-robert,0,350,12,10000,0,1744320
-39548145,-57253043,1367392,3,grass,ivy-ground-layer,0,220,26,10000,0,1744334
-39547833,-57253045,1367385,3,grass,male-fern,0,1200,32,10000,0,1744341
-39543914,-57253339,1367308,3,grass,sword-fern,0,1200,15,10000,0,1744418
-39534854,-57252850,1367255,3,grass,lady-fern,1,900,25,10000,0,1744471
-39533292,-57253494,1367250,3,grass,timothy,0,900,3,10000,0,1744476
-39532524,-57253169,1367248,3,grass,hair-cap-moss,1,240,13,10000,0,1744478
-39787358,-57252579,1439331,3,grass,wood-sedge,0,500,352,112000,0,1531221
-39786370,-57252150,1439140,3,flower,large-trillium,0,350,337,112000,0,1531412
-39780123,-57252663,1437359,3,grass,feather-moss,0,220,467,112000,0,1533193
-39776365,-57252203,1436379,3,grass,woolly-fringe-moss,0,220,550,104000,0,1534173
-39760022,-57252085,1427123,3,bush,salal,0,1200,798,90000,0,1543429
-39756528,-57252044,1424776,3,bush,salal,0,1200,877,84000,0,1545776
-39751528,-57252716,1423362,3,bush,salal,0,1200,682,84000,0,1547190
-39749456,-57252683,1422501,3,bush,salal,0,1200,795,76000,0,1548051
-39737301,-57252730,1417752,3,bush,salal,0,1200,886,70000,0,1552800
-39679660,-57252249,1373248,3,bush,salal,0,1200,766,16000,0,1644362
-39677713,-57252460,1372625,3,bush,salal,0,1200,649,16000,0,1644985
-39673019,-57252182,1371683,3,grass,understory-fern,0,900,395,10000,0,1645927
-39671300,-57252016,1371528,3,grass,male-fern,0,1200,354,10000,0,1646082
-39665266,-57252324,1370851,3,grass,meadow-grass,0,450,197,8000,0,1646759
-39659918,-57252155,1370616,3,bush,salal,0,1200,207,2000,0,1646994
-39654490,-57252388,1370398,3,grass,brook-moss-cushion,1,220,226,2000,0,1647212
-39650600,-57252282,1370255,3,grass,sword-fern,0,1200,288,0,132,1647355
-39649481,-57252102,1370211,3,grass,wood-sedge,0,500,310,0,176,1647399
-39647636,-57252797,1369835,3,grass,timothy,0,900,319,0,0,1647775
-39644636,-57252222,1369567,3,flower,large-trillium,0,350,356,4000,0,1648043
-39642285,-57252073,1369508,3,grass,timothy,0,900,419,4000,0,1648102
-39638279,-57252464,1368781,3,flower,herb-robert,0,350,462,4000,0,1648829
-39635293,-57252694,1368121,3,grass,lady-fern,1,900,379,12000,0,1649489
-39633929,-57252071,1368184,3,flower,herb-robert,0,350,205,12000,0,1649426
-39630828,-57252045,1368326,3,grass,feather-moss,0,220,139,12000,0,1649284
-39622845,-57252667,1368446,3,grass,wood-horsetail,1,500,132,20000,0,1696222
-39620860,-57252572,1368524,3,grass,lady-fern,1,900,196,28000,0,1696144
-39619300,-57252735,1368631,3,grass,sword-fern,0,1200,259,28000,0,1696037
-39611833,-57252299,1369425,3,grass,harts-tongue-fern,1,500,261,34000,0,1695243
-39611055,-57252260,1369472,3,grass,moss-cushion,0,220,246,34000,0,1695196
-39610297,-57252345,1369497,3,flower,red-campion,0,700,214,34000,0,1695171
-39608335,-57252049,1369540,3,grass,meadow-grass,0,450,155,34000,0,1695128
-39606320,-57252649,1369393,3,grass,male-fern,0,1200,157,30000,0,1695275
-39601501,-57252380,1369342,3,flower,oxeye-daisy,0,700,151,30000,0,1695326
-39599049,-57252282,1369397,3,grass,ivy-ground-layer,0,220,193,26000,0,1695271
-39596838,-57252554,1369283,3,grass,hair-cap-moss,1,240,181,26000,0,1695385
-39595923,-57252675,1369226,3,grass,male-fern,0,1200,198,26000,0,1695442
-39593045,-57252726,1369135,3,grass,hair-cap-moss,1,240,210,26000,0,1695533
-39590714,-57252019,1368985,3,flower,primrose,0,240,211,24000,0,1695683
-39589724,-57252210,1368788,3,grass,bilberry-mat,0,400,202,24000,0,1695880
-39588820,-57252202,1368639,3,grass,lady-fern,1,900,174,24000,0,1696029
-39582977,-57252800,1368181,3,flower,prairie-lupine,0,900,125,20000,0,1696487
-39581226,-57252317,1368160,3,grass,feather-moss,0,220,102,20000,0,1696508
-39580232,-57252094,1368162,3,grass,moss-cushion,0,220,104,20000,0,1696506
-39577938,-57252592,1368052,3,grass,jungle-groundcover,0,800,102,20000,0,1696616
-39575921,-57252574,1367953,3,flower,impatiens,1,350,112,16000,0,1696715
-39568258,-57252099,1367736,3,grass,feather-moss,0,220,81,12000,0,1743990
-39564880,-57252237,1367634,3,flower,meadow-daisy,0,420,67,12000,0,1744092
-39553439,-57252556,1367423,3,grass,hair-cap-moss,1,240,32,10000,0,1744303
-39552076,-57252454,1367431,3,grass,meadow-grass,0,450,37,10000,0,1744295
-39549749,-57252001,1367448,3,grass,ivy-ground-layer,0,220,51,10000,0,1744278
-39547068,-57252565,1367364,3,flower,birdsfoot-trefoil,0,250,48,10000,0,1744362
-39544274,-57252295,1367344,3,flower,red-campion,0,700,46,10000,0,1744382
-39534872,-57252455,1367260,3,grass,sphagnum-hummock,1,280,35,10000,0,1744466
-39534159,-57252789,1367249,3,grass,wood-sedge,0,500,10,10000,0,1744477
-39531782,-57252342,1367233,3,grass,hair-cap-moss,1,240,28,8000,0,1744493
-39781001,-57251968,1437817,3,grass,feather-moss,0,220,489,112000,0,1532735
-39756449,-57251534,1425066,3,bush,salal,0,1200,896,84000,0,1545486
-39750319,-57251841,1423135,3,bush,salal,0,1200,712,84000,0,1547417
-39747867,-57251910,1421933,3,bush,salal,0,1200,833,76000,0,1548619
-39746419,-57251228,1421798,3,bush,salal,0,1200,805,76000,0,1548754
-39745217,-57251576,1421424,3,bush,salal,0,1200,835,76000,0,1549128
-39737927,-57251696,1418410,3,bush,salal,0,1200,814,70000,0,1552142
-39737086,-57251988,1417943,3,bush,salal,0,1200,841,70000,0,1552609
-39734633,-57251927,1416710,3,bush,salal,0,1200,848,62000,0,1553842
-39697110,-57251401,1386748,3,bush,salal,0,1200,922,28000,0,1630862
-39678477,-57251936,1372951,3,bush,salal,0,1200,728,16000,0,1644659
-39675052,-57251920,1372180,3,bush,salal,0,1200,520,16000,0,1645430
-39670616,-57251291,1371618,3,grass,sword-fern,0,1200,372,10000,0,1645992
-39668801,-57251679,1371301,3,grass,ivy-ground-layer,0,220,302,10000,0,1646309
-39662407,-57251854,1370815,3,flower,birdsfoot-trefoil,0,250,217,8000,0,1646795
-39660236,-57251233,1370823,3,grass,ivy-ground-layer,0,220,226,8000,0,1646787
-39659875,-57251570,1370731,3,flower,herb-robert,0,350,217,2000,0,1646879
-39654114,-57251714,1370505,3,grass,ivy-ground-layer,0,220,219,2000,0,1647105
-39648479,-57251878,1370201,3,grass,sword-fern,0,1200,324,0,0,1647409
-39644320,-57251885,1369645,3,grass,hair-cap-moss,1,240,359,4000,0,1647965
-39643557,-57251987,1369590,3,grass,hair-cap-moss,1,240,381,4000,0,1648020
-39639163,-57251971,1369069,3,grass,feather-moss,0,220,467,4000,0,1648541
-39638326,-57251712,1369019,3,bush,salal,0,1200,460,4000,0,1648591
-39633823,-57251702,1368228,3,grass,sword-fern,0,1200,274,12000,0,1649382
-39616748,-57251283,1369087,3,flower,oxeye-daisy,0,700,335,28000,0,1695581
-39615324,-57251740,1369201,3,grass,meadow-grass,0,450,368,28000,0,1695467
-39611899,-57251942,1369497,3,grass,cocksfoot,0,1000,265,34000,0,1695171
-39605387,-57251839,1369497,3,grass,hair-cap-moss,1,240,162,30000,0,1695171
-39604660,-57251452,1369536,3,grass,sword-fern,0,1200,159,30000,0,1695132
-39603401,-57251769,1369447,3,grass,feather-moss,0,220,161,30000,0,1695221
-39601865,-57251394,1369504,3,grass,wood-horsetail,1,500,208,30000,0,1695164
-39601310,-57251693,1369460,3,grass,bilberry-mat,0,400,213,30000,0,1695208
-39600729,-57251649,1369474,3,flower,red-campion,0,700,232,30000,0,1695194
-39597527,-57251474,1369474,3,flower,impatiens,1,350,160,26000,0,1695194
-39592448,-57251382,1369259,3,flower,meadow-daisy,0,420,214,24000,0,1695409
-39585935,-57251838,1368436,3,grass,bilberry-mat,0,400,160,24000,0,1696232
-39583517,-57251692,1368307,3,grass,moss-cushion,0,220,152,20000,0,1696361
-39582214,-57251842,1368223,3,grass,male-fern,0,1200,129,20000,0,1696445
-39579926,-57251583,1368194,3,flower,yarrow,0,600,102,20000,0,1696474
-39577597,-57251490,1368115,3,grass,feather-moss,0,220,121,20000,0,1696553
-39572309,-57251257,1367928,3,grass,bilberry-mat,0,400,106,16000,0,1696740
-39571469,-57251715,1367851,3,grass,bilberry-mat,0,400,105,16000,0,1696817
-39570983,-57251782,1367831,3,flower,harebell,0,350,102,16000,0,1696837
-39570025,-57251746,1367798,3,grass,harts-tongue-fern,1,500,86,16000,0,1696870
-39567928,-57251865,1367734,3,grass,ivy-ground-layer,0,220,87,12000,0,1743992
-39565726,-57251715,1367669,3,grass,wood-horsetail,1,500,68,12000,0,1744057
-39562969,-57251923,1367591,3,flower,impatiens,1,350,86,12000,0,1744135
-39556948,-57251903,1367456,3,flower,fireweed,0,1200,52,12000,0,1744270
-39555237,-57251972,1367446,3,grass,wood-horsetail,1,500,44,12000,0,1744280
-39550881,-57251606,1367479,3,grass,male-fern,0,1200,51,10000,0,1744247
-39549177,-57251231,1367484,3,grass,cocksfoot,0,1000,73,10000,0,1744242
-39548358,-57251920,1367418,3,bush,salal,0,1200,51,10000,0,1744308
-39542318,-57251636,1367382,3,grass,woolly-fringe-moss,0,220,52,10000,0,1744344
-39540845,-57251223,1367391,3,grass,feather-moss,0,220,50,10000,0,1744335
-39540796,-57251214,1367390,3,grass,jungle-groundcover,0,800,50,10000,0,1744336
-39788179,-57250594,1439713,3,grass,ivy-ground-layer,0,220,329,120000,0,1530839
-39783382,-57250594,1438724,3,flower,fireweed,0,1200,368,112000,0,1531828
-39780918,-57250819,1437987,3,bush,salal,0,1200,487,112000,0,1532565
-39777732,-57250593,1437212,3,grass,moss-cushion,0,220,450,104000,0,1533340
-39776003,-57250986,1436570,3,bush,salal,0,1200,510,104000,0,1533982
-39774993,-57250549,1436253,3,bush,salal,0,1200,538,104000,0,1534299
-39760954,-57250410,1428000,3,bush,salal,0,1200,733,90000,0,1542552
-39758749,-57250538,1426860,3,bush,salal,0,1200,791,90000,0,1543692
-39754839,-57251063,1424626,3,bush,salal,0,1200,719,84000,0,1545926
-39752738,-57250713,1424045,3,bush,salal,0,1200,680,84000,0,1546507
-39750728,-57250497,1423420,3,bush,salal,0,1200,672,84000,0,1547132
-39749577,-57251184,1422924,3,bush,salal,0,1200,726,76000,0,1547628
-39748532,-57250802,1422804,3,bush,salal,0,1200,734,76000,0,1547748
-39746105,-57250824,1422010,3,bush,salal,0,1200,778,76000,0,1548542
-39742611,-57250661,1420916,3,bush,salal,0,1200,794,76000,0,1549636
-39739121,-57251135,1419054,3,bush,salal,0,1200,779,70000,0,1551498
-39675372,-57250441,1372832,3,bush,salal,0,1200,622,16000,0,1644778
-39674710,-57250789,1372482,3,bush,salal,0,1200,577,10000,0,1645128
-39673010,-57250754,1372225,3,grass,meadow-grass,0,450,468,10000,0,1645385
-39670156,-57250480,1371719,3,flower,herb-robert,0,350,397,10000,0,1645891
-39658988,-57250604,1370853,3,grass,understory-fern,0,900,224,2000,0,1646757
-39655612,-57251035,1370652,3,bush,salal,0,1200,194,2000,0,1646958
-39650978,-57250831,1370566,3,flower,water-mint,1,500,191,0,0,1647044
-39650087,-57250545,1370598,3,grass,hair-cap-moss,1,240,193,0,124,1647012
-39645885,-57251030,1370002,3,bush,salal,0,1200,318,0,0,1647608
-39645098,-57250659,1370016,3,flower,impatiens,1,350,319,0,0,1647594
-39643308,-57251175,1369777,3,grass,male-fern,0,1200,375,4000,0,1647833
-39639234,-57250597,1369498,3,bush,salal,0,1200,469,4000,0,1648112
-39638341,-57250679,1369332,3,grass,meadow-grass,0,450,469,4000,0,1648278
-39632049,-57250694,1368409,3,grass,moss-cushion,0,220,184,12000,0,1649201
-39630724,-57250613,1368435,3,bush,salal,0,1200,91,12000,0,1649175
-39628042,-57250559,1368461,3,grass,meadow-grass,0,450,89,20000,0,1696207
-39627896,-57250978,1368436,3,grass,hair-cap-moss,1,240,74,20000,0,1696232
-39625588,-57250751,1368544,3,grass,sword-fern,0,1200,161,20000,0,1696124
-39624749,-57250978,1368569,3,grass,feather-moss,0,220,159,20000,0,1696099
-39620461,-57251191,1368792,3,grass,ivy-ground-layer,0,220,252,28000,0,1695876
-39617664,-57250472,1369112,3,grass,sedge-tussock,1,600,345,28000,0,1695556
-39616424,-57251051,1369162,3,bush,salal,0,1200,362,28000,0,1695506
-39612475,-57250521,1369810,3,flower,meadow-daisy,0,420,276,34000,0,1694858
-39608513,-57251016,1369695,3,grass,wood-sedge,0,500,160,34000,0,1694973
-39602306,-57251037,1369550,3,grass,wood-sedge,0,500,203,30000,0,1695118
-39594588,-57250667,1369475,3,flower,meadow-daisy,0,420,210,26000,0,1695193
-39592118,-57251109,1369249,3,grass,sword-fern,0,1200,214,24000,0,1695419
-39590049,-57250795,1368980,3,grass,bilberry-mat,0,400,211,24000,0,1695688
-39587173,-57250531,1368626,3,grass,moss-cushion,0,220,172,24000,0,1696042
-39585577,-57250687,1368511,3,grass,lady-fern,1,900,164,24000,0,1696157
-39584671,-57250943,1368433,3,flower,cowslip,0,300,159,20000,0,1696235
-39577663,-57250409,1368205,3,bush,salal,0,1200,125,20000,0,1696463
-39577445,-57250703,1368171,3,grass,hair-cap-moss,1,240,129,16000,0,1696497
-39570106,-57250971,1367864,3,grass,hair-cap-moss,1,240,104,16000,0,1696804
-39565400,-57250639,1367717,3,grass,male-fern,0,1200,66,12000,0,1744009
-39563283,-57250773,1367668,3,grass,harts-tongue-fern,1,500,92,12000,0,1744058
-39561842,-57250564,1367636,3,flower,large-trillium,0,350,73,12000,0,1744090
-39558206,-57250923,1367530,3,grass,woolly-fringe-moss,0,220,60,12000,0,1744196
-39552754,-57250923,1367515,3,grass,sword-fern,0,1200,53,10000,0,1744211
-39551696,-57251022,1367519,3,grass,hair-cap-moss,1,240,53,10000,0,1744207
-39547368,-57251063,1367428,3,flower,common-knapweed,0,800,75,10000,0,1744298
-39546973,-57250625,1367450,3,grass,timothy,0,900,86,10000,0,1744276
-39542250,-57251161,1367411,3,flower,fireweed,0,1200,54,10000,0,1744315
-39540770,-57251177,1367394,3,grass,ivy-ground-layer,0,220,50,10000,0,1744332
-39539734,-57250941,1367381,3,grass,moss-cushion,0,220,51,10000,0,1744345
-39538404,-57250675,1367356,3,flower,common-knapweed,0,800,56,10000,0,1744370
-39537573,-57250890,1367330,3,grass,hair-cap-moss,1,240,44,10000,0,1744396
-39791418,-57249927,1440382,3,flower,common-knapweed,0,800,216,120000,0,1530170
-39786272,-57250212,1439372,3,grass,sword-fern,0,1200,357,112000,0,1531180
-39780180,-57250087,1437926,3,bush,salal,0,1200,454,112000,0,1532626
-39778627,-57249639,1437569,3,grass,feather-moss,0,220,366,104000,0,1532983
-39776321,-57249826,1436868,3,bush,salal,0,1200,499,104000,0,1533684
-39775295,-57249763,1436502,3,bush,salal,0,1200,499,104000,0,1534050
-39751334,-57250061,1423756,3,bush,salal,0,1200,654,84000,0,1546796
-39749358,-57249628,1423365,3,bush,salal,0,1200,652,76000,0,1547187
-39746972,-57249665,1422763,3,bush,salal,0,1200,680,76000,0,1547789
-39744014,-57250326,1421529,3,bush,salal,0,1200,746,76000,0,1549023
-39738536,-57249637,1419085,3,bush,salal,0,1200,701,70000,0,1551467
-39736396,-57250095,1418016,3,bush,salal,0,1200,774,70000,0,1552536
-39725112,-57249870,1413106,3,bush,salal,0,1200,823,56000,0,1557446
-39675329,-57249902,1373030,3,bush,salal,0,1200,638,16000,0,1644580
-39670649,-57250230,1371838,3,grass,feather-moss,0,220,413,10000,0,1645772
-39666153,-57250131,1371328,3,bush,salal,0,1200,302,8000,0,1646282
-39661224,-57250276,1371117,3,grass,male-fern,0,1200,291,8000,0,1646493
-39651515,-57250316,1370661,3,bush,salal,0,1200,188,0,0,1646949
-39650458,-57250087,1370688,3,grass,understory-fern,0,900,181,0,34,1646922
-39643377,-57250032,1370079,3,grass,male-fern,0,1200,352,4000,0,1647531
-39635398,-57249695,1369270,3,grass,meadow-grass,0,450,489,12000,0,1648340
-39633069,-57250084,1368702,3,bush,salal,0,1200,549,12000,0,1648908
-39630533,-57249674,1368509,3,grass,hair-cap-moss,1,240,114,12000,0,1649101
-39629256,-57249666,1368523,3,grass,sword-fern,0,1200,94,20000,0,1696145
-39623573,-57249778,1368794,3,grass,feather-moss,0,220,235,20000,0,1695874
-39620975,-57250356,1368889,3,grass,cocksfoot,0,1000,266,28000,0,1695779
-39614819,-57250256,1369598,3,flower,meadow-daisy,0,420,332,34000,0,1695070
-39613675,-57249913,1369867,3,flower,yarrow,0,600,321,34000,0,1694801
-39610964,-57249990,1369948,3,grass,ivy-ground-layer,0,220,172,34000,0,1694720
-39609439,-57249955,1369888,3,grass,harts-tongue-fern,1,500,174,34000,0,1694780
-39601773,-57250057,1369756,3,grass,lady-fern,1,900,250,30000,0,1694912
-39599166,-57249602,1369821,3,grass,meadow-grass,0,450,216,26000,0,1694847
-39597580,-57249715,1369740,3,grass,meadow-grass,0,450,188,26000,0,1694928
-39594899,-57249837,1369593,3,grass,understory-fern,0,900,217,26000,0,1695075
-39588062,-57249938,1368770,3,grass,understory-fern,0,900,208,24000,0,1695898
-39586819,-57249785,1368671,3,flower,red-campion,0,700,182,24000,0,1695997
-39581066,-57249834,1368367,3,grass,timothy,0,900,145,20000,0,1696301
-39577878,-57250242,1368232,3,grass,bilberry-mat,0,400,120,20000,0,1696436
-39573482,-57249642,1368095,3,grass,male-fern,0,1200,128,16000,0,1696573
-39565914,-57250146,1367749,3,grass,ivy-ground-layer,0,220,76,12000,0,1743977
-39563765,-57249773,1367742,3,grass,lady-fern,1,900,89,12000,0,1743984
-39562419,-57249661,1367702,3,flower,red-campion,0,700,94,12000,0,1744024
-39562172,-57249933,1367676,3,grass,sword-fern,0,1200,85,12000,0,1744050
-39559828,-57250208,1367624,3,flower,red-clover,0,400,89,12000,0,1744102
-39556398,-57249810,1367562,3,grass,wood-horsetail,1,500,53,12000,0,1744164
-39555021,-57249857,1367558,3,grass,hair-cap-moss,1,240,53,12000,0,1744168
-39552875,-57250016,1367566,3,flower,cowslip,0,300,53,10000,0,1744160
-39552705,-57250043,1367567,3,grass,hair-cap-moss,1,240,53,10000,0,1744159
-39547277,-57249959,1367514,3,flower,fireweed,0,1200,99,10000,0,1744212
-39544689,-57249642,1367528,3,grass,ivy-ground-layer,0,220,105,10000,0,1744198
-39543357,-57250074,1367488,3,grass,meadow-grass,0,450,82,10000,0,1744238
-39540254,-57249721,1367438,3,grass,feather-moss,0,220,70,10000,0,1744288
-39532987,-57249882,1367340,3,flower,impatiens,1,350,93,10000,0,1744386
-39532111,-57249611,1367349,3,flower,large-trillium,0,350,92,8000,0,1744377
-39789176,-57249385,1440034,3,flower,large-trillium,0,350,274,120000,0,1530518
-39787855,-57248815,1439834,3,flower,large-trillium,0,350,292,120000,0,1530718
-39785227,-57249580,1439271,3,grass,moss-cushion,0,220,349,112000,0,1531281
-39783536,-57249459,1438923,3,flower,herb-robert,0,350,346,112000,0,1531629
-39780389,-57248934,1438087,3,grass,feather-moss,0,220,469,112000,0,1532465
-39775375,-57248900,1436660,3,bush,salal,0,1200,496,104000,0,1533892
-39774844,-57249287,1436353,3,grass,feather-moss,0,220,512,104000,0,1534199
-39758065,-57248853,1426942,3,bush,salal,0,1200,755,90000,0,1543610
-39754521,-57249322,1425163,3,bush,salal,0,1200,686,84000,0,1545389
-39753375,-57249169,1424762,3,bush,salal,0,1200,660,84000,0,1545790
-39752174,-57249249,1424254,3,bush,salal,0,1200,644,84000,0,1546298
-39737480,-57249557,1418641,3,bush,salal,0,1200,720,70000,0,1551911
-39732751,-57248928,1416276,3,bush,salal,0,1200,748,62000,0,1554276
-39725366,-57248874,1413743,3,bush,salal,0,1200,704,56000,0,1556809
-39718233,-57249436,1411737,3,flower,herb-robert,0,350,465,50000,0,1605873
-39696460,-57249177,1386809,3,bush,salal,0,1200,889,28000,0,1630801
-39678170,-57249032,1374257,3,bush,salal,0,1200,821,16000,0,1643353
-39673913,-57248910,1373059,3,bush,salal,0,1200,618,10000,0,1644551
-39668878,-57249154,1371891,3,flower,herb-robert,0,350,417,10000,0,1645719
-39667630,-57249134,1371718,3,grass,male-fern,0,1200,390,10000,0,1645892
-39667161,-57248813,1371732,3,grass,wood-horsetail,1,500,394,8000,0,1645878
-39662350,-57249204,1371462,3,flower,red-clover,0,400,338,8000,0,1646148
-39634740,-57249496,1369234,3,bush,salal,0,1200,520,12000,0,1648376
-39628534,-57248827,1368613,3,grass,jungle-groundcover,0,800,133,20000,0,1696055
-39621485,-57249166,1369068,3,grass,sword-fern,0,1200,253,28000,0,1695600
-39616308,-57248965,1369648,3,grass,meadow-grass,0,450,380,28000,0,1695020
-39615929,-57248903,1369705,3,grass,wood-sedge,0,500,363,28000,0,1694963
-39611403,-57249058,1370111,3,flower,red-clover,0,400,201,34000,0,1694557
-39609831,-57249159,1370028,3,grass,lady-fern,1,900,197,34000,0,1694640
-39608001,-57249414,1369914,3,grass,sword-fern,0,1200,184,34000,0,1694754
-39603482,-57249360,1369906,3,flower,harebell,0,350,257,30000,0,1694762
-39602466,-57249428,1369881,3,grass,cocksfoot,0,1000,252,30000,0,1694787
-39600354,-57249052,1369957,3,grass,feather-moss,0,220,198,30000,0,1694711
-39597775,-57248971,1369889,3,grass,wood-sedge,0,500,213,26000,0,1694779
-39596842,-57249045,1369839,3,flower,herb-robert,0,350,206,26000,0,1694829
-39596783,-57248880,1369872,3,grass,lady-fern,1,900,212,26000,0,1694796
-39592271,-57249258,1369447,3,grass,moss-cushion,0,220,226,24000,0,1695221
-39585996,-57248999,1368698,3,flower,red-campion,0,700,188,24000,0,1695970
-39584717,-57249009,1368623,3,grass,wood-sedge,0,500,170,20000,0,1696045
-39582179,-57249104,1368483,3,grass,sword-fern,0,1200,159,20000,0,1696185
-39580584,-57249498,1368389,3,grass,bilberry-mat,0,400,144,20000,0,1696279
-39574536,-57249181,1368191,3,grass,bilberry-mat,0,400,146,16000,0,1696477
-39574077,-57249447,1368140,3,grass,hair-cap-moss,1,240,135,16000,0,1696528
-39571902,-57248996,1368087,3,grass,wood-sedge,0,500,129,16000,0,1696581
-39566405,-57249592,1367796,3,grass,meadow-grass,0,450,97,12000,0,1743930
-39561860,-57249083,1367730,3,grass,understory-fern,0,900,94,12000,0,1743996
-39558812,-57249532,1367631,3,flower,herb-robert,0,350,100,12000,0,1744095
-39552422,-57249524,1367598,3,flower,birdsfoot-trefoil,0,250,53,10000,0,1744128
-39551926,-57249160,1367625,3,grass,harts-tongue-fern,1,500,54,10000,0,1744101
-39548935,-57249442,1367597,3,flower,oxeye-daisy,0,700,67,10000,0,1744129
-39546832,-57249042,1367597,3,flower,red-campion,0,700,101,10000,0,1744129
-39541451,-57249035,1367515,3,grass,meadow-grass,0,450,89,10000,0,1744211
-39539602,-57249274,1367445,3,flower,herb-robert,0,350,81,10000,0,1744281
-39537905,-57249210,1367420,3,grass,sword-fern,0,1200,78,10000,0,1744306
-39535215,-57249478,1367390,3,grass,ivy-ground-layer,0,220,72,10000,0,1744336
-39531274,-57249544,1367356,3,grass,male-fern,0,1200,92,8000,0,1744370
-39784584,-57248686,1439232,3,grass,male-fern,0,1200,328,112000,0,1531320
-39781500,-57248144,1438564,3,grass,feather-moss,0,220,448,112000,0,1531988
-39778870,-57248008,1437790,3,grass,wood-sedge,0,500,374,104000,0,1532762
-39776532,-57248716,1437091,3,grass,moss-cushion,0,220,485,104000,0,1533461
-39773227,-57248562,1435658,3,bush,salal,0,1200,654,104000,0,1534894
-39757055,-57248405,1426596,3,bush,salal,0,1200,759,84000,0,1543956
-39750538,-57248124,1424143,3,bush,salal,0,1200,585,84000,0,1546409
-39737781,-57248491,1418960,3,bush,salal,0,1200,654,70000,0,1551592
-39725921,-57248718,1413856,3,bush,salal,0,1200,710,56000,0,1556696
-39725431,-57248215,1414148,3,grass,woolly-fringe-moss,0,220,636,56000,0,1556404
-39716624,-57248591,1411631,3,bush,salal,0,1200,634,50000,0,1605979
-39678098,-57248123,1374671,3,bush,salal,0,1200,834,16000,0,1642939
-39675985,-57248318,1373745,3,bush,salal,0,1200,707,16000,0,1643865
-39674598,-57248116,1373428,3,bush,salal,0,1200,652,10000,0,1644182
-39673332,-57248504,1372952,3,bush,salal,0,1200,602,10000,0,1644658
-39672246,-57248332,1372707,3,bush,salal,0,1200,546,10000,0,1644903
-39670580,-57248748,1372272,3,grass,meadow-grass,0,450,467,10000,0,1645338
-39668810,-57248193,1372200,3,grass,feather-moss,0,220,439,10000,0,1645410
-39666028,-57248679,1371686,3,grass,lady-fern,1,900,380,8000,0,1645924
-39663811,-57248043,1371795,3,bush,salal,0,1200,357,8000,0,1645815
-39660392,-57248311,1371526,3,grass,meadow-grass,0,450,387,8000,0,1646084
-39658940,-57248388,1371396,3,grass,bilberry-mat,0,400,328,2000,0,1646214
-39657494,-57248078,1371387,3,grass,hair-cap-moss,1,240,323,2000,0,1646223
-39656554,-57248381,1371258,3,grass,meadow-grass,0,450,318,2000,0,1646352
-39654219,-57248501,1371139,3,grass,ivy-ground-layer,0,220,289,2000,0,1646471
-39645029,-57248477,1370587,3,grass,lady-fern,1,900,334,0,0,1647023
-39642528,-57248567,1370470,3,grass,bilberry-mat,0,400,371,4000,0,1647140
-39638571,-57248013,1370150,3,grass,sedge-tussock,1,600,430,4000,0,1647460
-39636710,-57248081,1369937,3,bush,salal,0,1200,453,12000,0,1647673
-39632331,-57248189,1369346,3,bush,salal,0,1200,605,12000,0,1648264
-39629883,-57248069,1368754,3,grass,feather-moss,0,220,298,20000,0,1695914
-39624912,-57248410,1368870,3,flower,yarrow,0,600,234,20000,0,1695798
-39620119,-57248362,1369353,3,grass,bilberry-mat,0,400,370,28000,0,1695315
-39612226,-57248306,1370252,3,flower,harebell,0,350,198,34000,0,1694416
-39611544,-57248740,1370162,3,grass,bilberry-mat,0,400,205,34000,0,1694506
-39607077,-57248340,1370061,3,grass,hair-cap-moss,1,240,201,30000,0,1694607
-39604412,-57248001,1370097,3,flower,primrose,0,240,270,30000,0,1694571
-39600001,-57248182,1370128,3,flower,red-clover,0,400,204,30000,0,1694540
-39599449,-57248514,1370036,3,grass,sword-fern,0,1200,230,26000,0,1694632
-39597408,-57248583,1369953,3,flower,red-clover,0,400,218,26000,0,1694715
-39593793,-57248020,1369719,3,grass,woolly-fringe-moss,0,220,241,26000,0,1694949
-39592530,-57248338,1369583,3,flower,meadow-daisy,0,420,230,26000,0,1695085
-39589654,-57248328,1369184,3,flower,red-clover,0,400,226,24000,0,1695484
-39579463,-57248414,1368445,3,grass,timothy,0,900,134,20000,0,1696223
-39578592,-57248358,1368433,3,grass,male-fern,0,1200,118,20000,0,1696235
-39575728,-57248573,1368318,3,grass,cocksfoot,0,1000,156,16000,0,1696350
-39572602,-57248771,1368138,3,grass,sword-fern,0,1200,145,16000,0,1696530
-39569832,-57248302,1368056,3,flower,red-campion,0,700,104,12000,0,1743670
-39567510,-57248400,1367940,3,grass,cocksfoot,0,1000,139,12000,0,1743786
-39560784,-57248403,1367759,3,grass,understory-fern,0,900,97,12000,0,1743967
-39553173,-57248297,1367665,3,grass,sword-fern,0,1200,63,10000,0,1744061
-39549736,-57248146,1367690,3,grass,sphagnum-hummock,1,280,90,10000,0,1744036
-39546141,-57248068,1367685,3,grass,harts-tongue-fern,1,500,109,10000,0,1744041
-39545532,-57248745,1367607,3,grass,feather-moss,0,220,104,10000,0,1744119
-39541310,-57248137,1367571,3,grass,hair-cap-moss,1,240,102,10000,0,1744155
-39538466,-57248711,1367461,3,grass,lady-fern,1,900,90,10000,0,1744265
-39533273,-57248319,1367462,3,grass,ivy-ground-layer,0,220,101,10000,0,1744264
-39788245,-57247400,1440021,3,flower,yarrow,0,600,272,122000,0,1530531
-39786922,-57247780,1439750,3,flower,fireweed,0,1200,302,112000,0,1530802
-39785462,-57247785,1439462,3,grass,bilberry-mat,0,400,320,112000,0,1531090
-39781243,-57247804,1438504,3,grass,woolly-fringe-moss,0,220,458,112000,0,1532048
-39778182,-57247787,1437671,3,grass,jungle-groundcover,0,800,389,104000,0,1532881
-39775128,-57247966,1436746,3,flower,herb-robert,0,350,507,104000,0,1533806
-39748840,-57247394,1424097,3,flower,herb-robert,0,350,543,80000,0,1546455
-39742573,-57247924,1421558,3,bush,salal,0,1200,628,76000,0,1548994
-39726372,-57247959,1414453,3,bush,salal,0,1200,640,56000,0,1556099
-39722481,-57247599,1413714,3,grass,moss-cushion,0,220,534,56000,0,1556838
-39717625,-57247865,1412022,3,bush,salal,0,1200,552,50000,0,1605588
-39716415,-57247309,1411683,3,bush,salal,0,1200,656,52000,0,1605927
-39678245,-57247443,1375033,3,bush,salal,0,1200,841,20000,0,1642577
-39669449,-57247974,1372381,3,grass,woolly-fringe-moss,0,220,458,10000,0,1645229
-39666992,-57247351,1372145,3,grass,sedge-tussock,1,600,421,10000,0,1645465
-39665956,-57247942,1371843,3,grass,sedge-tussock,1,600,396,8000,0,1645767
-39665579,-57247328,1371978,3,bush,salal,0,1200,389,10000,0,1645632
-39662447,-57247236,1372037,3,bush,salal,0,1200,350,10000,0,1645573
-39661159,-57247727,1371809,3,flower,red-clover,0,400,388,8000,0,1645801
-39660786,-57247916,1371723,3,grass,wood-horsetail,1,500,394,8000,0,1645887
-39659665,-57247401,1371747,3,grass,ribwort-plantain,0,300,373,2000,0,1645863
-39653160,-57247287,1371377,3,grass,ivy-ground-layer,0,220,328,2000,0,1646233
-39650576,-57247951,1371062,3,grass,willow-moss,1,350,260,0,0,1646548
-39641676,-57247721,1370657,3,grass,ivy-ground-layer,0,220,385,4000,0,1646953
-39636775,-57247894,1369992,3,grass,meadow-grass,0,450,452,12000,0,1647618
-39632502,-57247334,1369731,3,grass,feather-moss,0,220,528,12000,0,1647879
-39626790,-57247782,1368804,3,grass,hair-cap-moss,1,240,168,20000,0,1695864
-39623648,-57247357,1369188,3,grass,feather-moss,0,220,265,20000,0,1695480
-39621451,-57247891,1369299,3,flower,oxeye-daisy,0,700,315,28000,0,1695369
-39613286,-57247252,1370459,3,grass,sword-fern,0,1200,179,34000,0,1694209
-39609900,-57247793,1370276,3,grass,hair-cap-moss,1,240,210,34000,0,1694392
-39601982,-57247343,1370273,3,grass,harts-tongue-fern,1,500,221,36000,0,1694395
-39601059,-57247420,1370262,3,grass,understory-fern,0,900,217,36000,0,1694406
-39599309,-57247449,1370252,3,grass,wood-sedge,0,500,218,34000,0,1694416
-39598498,-57247495,1370216,3,grass,wood-sedge,0,500,232,34000,0,1694452
-39590736,-57247301,1369482,3,flower,jungle-understory-flower,0,750,257,30000,0,1695186
-39586343,-57247656,1368915,3,grass,wood-sedge,0,500,217,24000,0,1695753
-39571915,-57247242,1368246,3,grass,hair-cap-moss,1,240,155,22000,0,1696422
-39566867,-57247601,1367979,3,grass,bilberry-mat,0,400,148,12000,0,1743747
-39561294,-57247509,1367839,3,grass,bilberry-mat,0,400,109,12000,0,1743887
-39549510,-57247806,1367718,3,flower,yarrow,0,600,108,10000,0,1744008
-39542195,-57247751,1367626,3,grass,harts-tongue-fern,1,500,117,10000,0,1744100
-39538748,-57247392,1367573,3,grass,male-fern,0,1200,106,16000,0,1744153
-39532072,-57247721,1367490,3,flower,prairie-lupine,0,900,95,8000,0,1744236
-39531820,-57247392,1367519,3,flower,impatiens,1,350,106,16000,0,1744207
-39789597,-57247066,1440260,3,flower,primrose,0,240,249,122000,0,1530292
-39788592,-57246445,1440145,3,grass,ribwort-plantain,0,300,261,122000,0,1530407
-39785085,-57246484,1439469,3,flower,red-clover,0,400,318,114000,0,1531083
-39781458,-57247102,1438626,3,grass,feather-moss,0,220,435,114000,0,1531926
-39774767,-57247087,1436755,3,grass,feather-moss,0,220,528,106000,0,1533797
-39772650,-57246975,1435721,3,bush,salal,0,1200,640,106000,0,1534831
-39771562,-57246410,1435346,3,bush,salal,0,1200,715,100000,0,1535206
-39767863,-57246788,1432781,3,bush,salal,0,1200,862,100000,0,1537771
-39753765,-57246493,1425960,3,bush,salal,0,1200,626,86000,0,1544592
-39753548,-57246717,1425786,3,bush,salal,0,1200,618,86000,0,1544766
-39751300,-57246558,1424962,3,bush,salal,0,1200,558,86000,0,1545590
-39749346,-57246922,1424318,3,grass,moss-cushion,0,220,545,80000,0,1546234
-39747662,-57246998,1423785,3,flower,herb-robert,0,350,514,80000,0,1546767
-39742055,-57246474,1421307,3,grass,woolly-fringe-moss,0,220,577,72000,0,1549245
-39737411,-57246853,1418977,3,bush,salal,0,1200,596,72000,0,1551575
-39725512,-57246780,1414726,3,grass,moss-cushion,0,220,503,60000,0,1555826
-39724615,-57246474,1414572,3,bush,salal,0,1200,478,60000,0,1555980
-39720479,-57246897,1413292,3,flower,herb-robert,0,350,507,60000,0,1557260
-39719896,-57246589,1413155,3,flower,herb-robert,0,350,508,52000,0,1604455
-39719082,-57246463,1412877,3,flower,herb-robert,0,350,518,52000,0,1604733
-39717460,-57246578,1412251,3,bush,salal,0,1200,539,52000,0,1605359
-39716118,-57247082,1411609,3,bush,salal,0,1200,758,52000,0,1606001
-39698319,-57246494,1388527,3,bush,salal,0,1200,788,38000,0,1629083
-39674897,-57246664,1373874,3,bush,salal,0,1200,664,16000,0,1643736
-39667945,-57246609,1372502,3,bush,salal,0,1200,424,16000,0,1645108
-39665239,-57246515,1372189,3,grass,sedge-tussock,1,600,377,10000,0,1645421
-39662524,-57246911,1372112,3,grass,woolly-fringe-moss,0,220,345,10000,0,1645498
-39660647,-57246788,1372065,3,grass,moss-cushion,0,220,371,10000,0,1645545
-39653904,-57246842,1371534,3,grass,meadow-grass,0,450,363,2000,0,1646076
-39646886,-57246536,1371161,3,grass,timothy,0,900,250,0,0,1646449
-39640364,-57246446,1370902,3,grass,male-fern,0,1200,403,4000,0,1646708
-39634392,-57246837,1370075,3,grass,woolly-fringe-moss,0,220,486,12000,0,1647535
-39630095,-57247098,1369196,3,bush,salal,0,1200,548,12000,0,1648414
-39626522,-57246426,1369024,3,grass,wood-sedge,0,500,262,20000,0,1695644
-39623850,-57246997,1369235,3,grass,ribwort-plantain,0,300,273,20000,0,1695433
-39622582,-57246850,1369418,3,flower,harebell,0,350,347,20000,0,1695250
-39621168,-57247011,1369567,3,grass,feather-moss,0,220,429,28000,0,1695101
-39620747,-57247154,1369592,3,grass,bilberry-mat,0,400,438,28000,0,1695076
-39617482,-57246574,1370124,3,grass,meadow-grass,0,450,412,28000,0,1694544
-39614319,-57246639,1370492,3,grass,hair-cap-moss,1,240,236,34000,0,1694176
-39608238,-57246527,1370393,3,grass,cocksfoot,0,1000,209,34000,0,1694275
-39600173,-57246474,1370467,3,grass,meadow-grass,0,450,218,36000,0,1694201
-39599869,-57246710,1370401,3,flower,red-clover,0,400,208,34000,0,1694267
-39596845,-57246873,1370220,3,grass,cocksfoot,0,1000,224,34000,0,1694448
-39594281,-57246472,1370009,3,grass,male-fern,0,1200,272,34000,0,1694659
-39587314,-57246846,1369127,3,flower,red-campion,0,700,210,30000,0,1695541
-39585968,-57246517,1369050,3,grass,ivy-ground-layer,0,220,210,30000,0,1695618
-39583111,-57247197,1368738,3,grass,sword-fern,0,1200,176,26000,0,1695930
-39581649,-57246961,1368692,3,grass,jungle-groundcover,0,800,161,26000,0,1695976
-39581026,-57246851,1368678,3,grass,sedge-tussock,1,600,160,26000,0,1695990
-39579018,-57246745,1368612,3,grass,lady-fern,1,900,130,26000,0,1696056
-39578210,-57246439,1368632,3,grass,meadow-grass,0,450,120,26000,0,1696036
-39573772,-57246557,1368427,3,flower,birdsfoot-trefoil,0,250,160,22000,0,1696241
-39572675,-57246854,1368323,3,grass,sword-fern,0,1200,158,22000,0,1696345
-39567455,-57246976,1368084,3,grass,meadow-grass,0,450,152,20000,0,1743642
-39565749,-57246930,1368006,3,grass,ivy-ground-layer,0,220,145,20000,0,1743720
-39564372,-57246897,1367969,3,grass,ivy-ground-layer,0,220,123,20000,0,1743757
-39563378,-57246704,1367951,3,grass,lady-fern,1,900,107,20000,0,1743775
-39560349,-57246690,1367904,3,grass,understory-fern,0,900,109,20000,0,1743822
-39559365,-57246858,1367864,3,flower,jungle-understory-flower,0,750,102,20000,0,1743862
-39558115,-57246769,1367841,3,grass,meadow-grass,0,450,101,20000,0,1743885
-39554417,-57246644,1367822,3,flower,common-knapweed,0,800,97,18000,0,1743904
-39553273,-57246678,1367817,3,grass,wood-horsetail,1,500,100,18000,0,1743909
-39548453,-57246984,1367833,3,grass,bilberry-mat,0,400,140,18000,0,1743893
-39541663,-57246408,1367716,3,flower,herb-robert,0,350,121,18000,0,1744010
-39535748,-57246679,1367656,3,grass,sedge-tussock,1,600,107,16000,0,1744070
-39533970,-57246850,1367627,3,grass,feather-moss,0,220,125,16000,0,1744099
-39531705,-57246411,1367608,3,grass,wood-horsetail,1,500,144,16000,0,1744118
-39530818,-57247001,1367533,3,grass,feather-moss,0,220,102,16000,0,1744193
-39790770,-57245820,1440498,3,grass,cocksfoot,0,1000,174,122000,0,1530054
-39787037,-57246116,1439919,3,grass,wood-sedge,0,500,302,114000,0,1530633
-39785087,-57246391,1439481,3,grass,wood-sedge,0,500,317,114000,0,1531071
-39783447,-57245835,1439219,3,flower,meadow-daisy,0,420,327,114000,0,1531333
-39780569,-57246090,1438468,3,grass,feather-moss,0,220,445,114000,0,1532084
-39779062,-57246197,1438089,3,grass,feather-moss,0,220,391,106000,0,1532463
-39774988,-57246036,1436905,3,flower,herb-robert,0,350,518,106000,0,1533647
-39773059,-57245860,1436182,3,bush,salal,0,1200,574,106000,0,1534370
-39772289,-57245876,1435813,3,bush,salal,0,1200,622,100000,0,1534739
-39768886,-57246099,1433639,3,bush,salal,0,1200,882,100000,0,1536913
-39745976,-57245767,1423347,3,grass,woolly-fringe-moss,0,220,519,80000,0,1547205
-39741867,-57246281,1421236,3,bush,salal,0,1200,575,72000,0,1549316
-39730539,-57245703,1416224,3,bush,salal,0,1200,534,66000,0,1554328
-39726084,-57245748,1415105,3,flower,herb-robert,0,350,458,60000,0,1555447
-39720326,-57245688,1413467,3,grass,woolly-fringe-moss,0,220,488,60000,0,1557085
-39695080,-57246295,1386803,3,bush,salal,0,1200,843,32000,0,1630807
-39683367,-57246280,1377607,3,bush,salal,0,1200,828,26000,0,1640003
-39682531,-57246014,1377387,3,bush,salal,0,1200,802,26000,0,1640223
-39677321,-57246016,1375196,3,bush,salal,0,1200,793,20000,0,1642414
-39675401,-57246024,1374269,3,bush,salal,0,1200,683,20000,0,1643341
-39670444,-57245624,1373328,3,grass,moss-cushion,0,220,507,16000,0,1644282
-39667656,-57246226,1372584,3,grass,wood-sedge,0,500,420,16000,0,1645026
-39666766,-57245664,1372602,3,grass,understory-fern,0,900,406,10000,0,1645008
-39663785,-57245769,1372416,3,grass,timothy,0,900,350,10000,0,1645194
-39652081,-57246091,1371626,3,grass,understory-fern,0,900,347,0,0,1645984
-39647485,-57246100,1371286,3,grass,willow-moss,1,350,285,0,0,1646324
-39646488,-57245965,1371287,3,grass,hair-cap-moss,1,240,272,0,0,1646323
-39641169,-57245751,1371214,3,grass,hair-cap-moss,1,240,358,4000,0,1646396
-39639145,-57245844,1370899,3,grass,feather-moss,0,220,421,4000,0,1646711
-39636841,-57245933,1370516,3,grass,hair-cap-moss,1,240,443,12000,0,1647094
-39635506,-57246348,1370270,3,grass,meadow-grass,0,450,462,12000,0,1647340
-39630230,-57245845,1369710,3,bush,salal,0,1200,571,12000,0,1647900
-39628944,-57245832,1369384,3,grass,meadow-grass,0,450,584,20000,0,1695284
-39626953,-57246337,1369000,3,grass,understory-fern,0,900,232,20000,0,1695668
-39624327,-57246026,1369364,3,flower,impatiens,1,350,299,20000,0,1695304
-39616920,-57245627,1370438,3,grass,moss-cushion,0,220,428,28000,0,1694230
-39610810,-57245985,1370648,3,grass,lady-fern,1,900,219,34000,0,1694020
-39606607,-57246132,1370405,3,grass,meadow-grass,0,450,224,36000,0,1694263
-39603243,-57245609,1370584,3,flower,red-clover,0,400,240,36000,0,1694084
-39598499,-57246293,1370434,3,flower,oxeye-daisy,0,700,231,34000,0,1694234
-39598164,-57246383,1370396,3,flower,oxeye-daisy,0,700,230,34000,0,1694272
-39596346,-57246160,1370281,3,grass,harts-tongue-fern,1,500,237,34000,0,1694387
-39595849,-57246278,1370209,3,flower,red-clover,0,400,245,34000,0,1694459
-39594957,-57246271,1370105,3,grass,timothy,0,900,265,34000,0,1694563
-39591338,-57246149,1369728,3,grass,hair-cap-moss,1,240,269,30000,0,1694940
-39588841,-57246228,1369374,3,grass,ribwort-plantain,0,300,248,30000,0,1695294
-39586409,-57246355,1369122,3,grass,ivy-ground-layer,0,220,207,30000,0,1695546
-39584401,-57245820,1368994,3,flower,primrose,0,240,214,26000,0,1695674
-39577929,-57246069,1368672,3,grass,hair-cap-moss,1,240,121,26000,0,1695996
-39561882,-57245847,1367988,3,flower,red-campion,0,700,102,20000,0,1743738
-39560590,-57246235,1367941,3,grass,sword-fern,0,1200,109,20000,0,1743785
-39557752,-57245886,1367910,3,grass,harts-tongue-fern,1,500,92,20000,0,1743816
-39556994,-57246142,1367877,3,bush,salal,0,1200,90,20000,0,1743849
-39553794,-57245821,1367903,3,flower,jungle-understory-flower,0,750,102,18000,0,1743823
-39551281,-57245656,1367935,3,grass,lady-fern,1,900,144,18000,0,1743791
-39549662,-57245783,1367969,3,bush,salal,0,1200,150,18000,0,1743757
-39534550,-57245818,1367747,3,flower,field-scabious,0,800,117,16000,0,1743979
-39534385,-57246130,1367710,3,grass,meadow-grass,0,450,119,16000,0,1744016
-39532894,-57246027,1367696,3,flower,meadow-daisy,0,420,157,16000,0,1744030
-39790236,-57244961,1440503,3,grass,woolly-fringe-moss,0,220,170,122000,0,1530049
-39787343,-57245470,1440047,3,grass,sword-fern,0,1200,290,114000,0,1530505
-39787133,-57245447,1440011,3,grass,wood-sedge,0,500,297,114000,0,1530541
-39786019,-57245171,1439809,3,flower,oxeye-daisy,0,700,320,114000,0,1530743
-39784413,-57244902,1439524,3,grass,wood-sedge,0,500,315,114000,0,1531028
-39783152,-57245141,1439233,3,flower,primrose,0,240,331,114000,0,1531319
-39781679,-57245171,1438917,3,bush,salal,0,1200,391,114000,0,1531635
-39781492,-57244935,1438884,3,flower,herb-robert,0,350,397,114000,0,1531668
-39780513,-57245246,1438581,3,flower,primrose,0,240,424,114000,0,1531971
-39779249,-57244902,1438287,3,grass,wood-sedge,0,500,368,106000,0,1532265
-39777827,-57244930,1437957,3,grass,woolly-fringe-moss,0,220,366,106000,0,1532595
-39777345,-57245510,1437788,3,grass,moss-cushion,0,220,412,106000,0,1532764
-39776059,-57244973,1437434,3,flower,herb-robert,0,350,445,106000,0,1533118
-39775616,-57245551,1437224,3,flower,herb-robert,0,350,485,106000,0,1533328
-39767026,-57245395,1432551,3,bush,salal,0,1200,833,100000,0,1538001
-39764481,-57245010,1430755,3,bush,salal,0,1200,814,94000,0,1539797
-39750405,-57245182,1425044,3,bush,salal,0,1200,575,86000,0,1545508
-39745206,-57244831,1423005,3,flower,herb-robert,0,350,531,80000,0,1547547
-39742028,-57245207,1421413,3,bush,salal,0,1200,545,72000,0,1549139
-39732569,-57245526,1417030,3,grass,woolly-fringe-moss,0,220,581,66000,0,1553522
-39730166,-57245228,1416218,3,bush,salal,0,1200,509,66000,0,1554334
-39729370,-57245471,1415958,3,grass,feather-moss,0,220,504,66000,0,1554594
-39723581,-57245102,1414523,3,grass,ribwort-plantain,0,300,433,60000,0,1556029
-39717963,-57245558,1412584,3,bush,salal,0,1200,496,52000,0,1605026
-39716474,-57244951,1412078,3,bush,salal,0,1200,598,52000,0,1605532
-39697501,-57245421,1388297,3,bush,salal,0,1200,754,38000,0,1629313
-39680965,-57245470,1377041,3,bush,salal,0,1200,852,20000,0,1640569
-39677637,-57245169,1375627,3,bush,salal,0,1200,800,20000,0,1641983
-39673248,-57245268,1373845,3,bush,salal,0,1200,606,16000,0,1643765
-39662322,-57245008,1372678,3,grass,lady-fern,1,900,366,10000,0,1644932
-39659843,-57244935,1372523,3,grass,ivy-ground-layer,0,220,344,2000,0,1645087
-39657232,-57245516,1372158,3,bush,salal,0,1200,372,2000,0,1645452
-39653476,-57245232,1371967,3,bush,salal,0,1200,402,2000,0,1645643
-39646309,-57245068,1371495,3,grass,willow-moss,1,350,331,0,0,1646115
-39642270,-57245141,1371418,3,grass,meadow-grass,0,450,322,4000,0,1646192
-39637004,-57245164,1370786,3,grass,feather-moss,0,220,457,12000,0,1646824
-39630326,-57245462,1369882,3,bush,salal,0,1200,557,12000,0,1647728
-39618323,-57245226,1370413,3,grass,meadow-grass,0,450,482,28000,0,1694255
-39617287,-57245289,1370502,3,grass,feather-moss,0,220,442,28000,0,1694166
-39614498,-57245325,1370766,3,grass,sword-fern,0,1200,238,34000,0,1693902
-39613043,-57244920,1370935,3,flower,harebell,0,350,251,34000,0,1693733
-39609042,-57245317,1370627,3,grass,woolly-fringe-moss,0,220,212,34000,0,1694041
-39606899,-57245096,1370646,3,grass,woolly-fringe-moss,0,220,286,36000,0,1694022
-39600072,-57245326,1370702,3,grass,feather-moss,0,220,266,36000,0,1693966
-39598897,-57245466,1370606,3,grass,harts-tongue-fern,1,500,264,34000,0,1694062
-39597583,-57244973,1370591,3,grass,jungle-groundcover,0,800,271,34000,0,1694077
-39592022,-57245091,1369978,3,grass,ribwort-plantain,0,300,281,30000,0,1694690
-39591208,-57245141,1369849,3,grass,feather-moss,0,220,273,30000,0,1694819
-39586098,-57245542,1369190,3,flower,common-knapweed,0,800,209,30000,0,1695478
-39584088,-57245420,1369016,3,flower,fireweed,0,1200,213,26000,0,1695652
-39583218,-57245060,1368992,3,flower,fireweed,0,1200,202,26000,0,1695676
-39580684,-57245471,1368810,3,grass,bilberry-mat,0,400,159,26000,0,1695858
-39566857,-57245419,1368202,3,grass,wood-sedge,0,500,142,20000,0,1743524
-39566190,-57245307,1368177,3,grass,wood-sedge,0,500,135,20000,0,1743549
-39565104,-57245473,1368131,3,grass,sword-fern,0,1200,139,20000,0,1743595
-39559742,-57245081,1368021,3,grass,sword-fern,0,1200,111,20000,0,1743705
-39558936,-57245377,1367975,3,grass,jungle-groundcover,0,800,112,20000,0,1743751
-39554201,-57244923,1367979,3,grass,sword-fern,0,1200,107,18000,0,1743747
-39550892,-57245381,1367980,3,grass,male-fern,0,1200,151,18000,0,1743746
-39545821,-57244852,1368062,3,flower,yarrow,0,600,160,18000,0,1743664
-39540902,-57245003,1367842,3,flower,red-campion,0,700,114,18000,0,1743884
-39537101,-57244826,1367837,3,grass,feather-moss,0,220,107,16000,0,1743889
-39536520,-57244822,1367843,3,grass,sword-fern,0,1200,111,16000,0,1743883
-39535620,-57244901,1367845,3,grass,meadow-grass,0,450,122,16000,0,1743881
-39533769,-57244865,1367880,3,grass,moss-cushion,0,220,148,16000,0,1743846
-39791228,-57244628,1440607,3,grass,bilberry-mat,0,400,125,122000,0,1529945
-39781706,-57244052,1439074,3,flower,primrose,0,240,378,114000,0,1531478
-39780212,-57244722,1438567,3,grass,ivy-ground-layer,0,220,407,114000,0,1531985
-39775150,-57244157,1437263,3,bush,salal,0,1200,470,106000,0,1533289
-39770473,-57244298,1435083,3,bush,salal,0,1200,745,100000,0,1535469
-39768494,-57244719,1433771,3,bush,salal,0,1200,886,100000,0,1536781
-39749935,-57244033,1425118,3,bush,salal,0,1200,585,80000,0,1545434
-39743887,-57244055,1422328,3,bush,salal,0,1200,534,80000,0,1548224
-39738305,-57244572,1419688,3,bush,salal,0,1200,575,72000,0,1550864
-39736404,-57244741,1418786,3,bush,salal,0,1200,549,72000,0,1551766
-39730847,-57244019,1416619,3,grass,moss-cushion,0,220,475,66000,0,1553933
-39724687,-57244436,1414945,3,grass,feather-moss,0,220,429,60000,0,1555607
-39723270,-57244519,1414511,3,grass,moss-cushion,0,220,424,60000,0,1556041
-39723139,-57244541,1414482,3,grass,bilberry-mat,0,400,423,60000,0,1556070
-39722381,-57244349,1414269,3,grass,feather-moss,0,220,426,60000,0,1556283
-39718076,-57244787,1412787,3,flower,herb-robert,0,350,507,52000,0,1604823
-39697179,-57244373,1388319,3,bush,salal,0,1200,724,32000,0,1629291
-39695060,-57244501,1387138,3,bush,salal,0,1200,741,32000,0,1630472
-39675433,-57244609,1374831,3,bush,salal,0,1200,678,20000,0,1642779
-39675046,-57244422,1374700,3,bush,salal,0,1200,654,20000,0,1642910
-39667083,-57244152,1373144,3,flower,cowslip,0,300,394,10000,0,1644466
-39663321,-57244195,1372947,3,grass,lady-fern,1,900,359,10000,0,1644663
-39654679,-57244267,1372401,3,grass,lady-fern,1,900,395,2000,0,1645209
-39651193,-57244747,1371907,3,grass,male-fern,0,1200,369,0,0,1645703
-39648005,-57244272,1371836,3,grass,hair-cap-moss,1,240,369,0,0,1645774
-39647903,-57244390,1371799,3,grass,male-fern,0,1200,367,0,0,1645811
-39644492,-57244427,1371609,3,grass,meadow-grass,0,450,331,4000,0,1646001
-39643776,-57244420,1371588,3,grass,bilberry-mat,0,400,324,4000,0,1646022
-39635040,-57244718,1370843,3,grass,meadow-grass,0,450,482,12000,0,1646767
-39632067,-57244517,1370678,3,grass,woolly-fringe-moss,0,220,537,12000,0,1646932
-39626881,-57244040,1369595,3,grass,meadow-grass,0,450,443,20000,0,1695073
-39620480,-57244453,1370526,3,grass,meadow-grass,0,450,465,28000,0,1694142
-39617793,-57244620,1370646,3,grass,meadow-grass,0,450,456,28000,0,1694022
-39615718,-57244198,1370949,3,grass,timothy,0,900,278,28000,0,1693719
-39612102,-57244257,1371030,3,grass,sword-fern,0,1200,267,34000,0,1693638
-39611167,-57244411,1370929,3,grass,male-fern,0,1200,260,34000,0,1693739
-39609341,-57244726,1370746,3,grass,sword-fern,0,1200,220,34000,0,1693922
-39608495,-57244702,1370730,3,flower,herb-robert,0,350,225,34000,0,1693938
-39607622,-57244172,1370894,3,grass,ribwort-plantain,0,300,332,34000,0,1693774
-39605490,-57244020,1370911,3,grass,male-fern,0,1200,310,36000,0,1693757
-39604232,-57244579,1370813,3,grass,male-fern,0,1200,277,36000,0,1693855
-39603602,-57244594,1370820,3,flower,primrose,0,240,275,36000,0,1693848
-39598656,-57244087,1370859,3,grass,meadow-grass,0,450,327,34000,0,1693809
-39597925,-57244034,1370767,3,grass,hair-cap-moss,1,240,315,34000,0,1693901
-39595553,-57244184,1370492,3,grass,meadow-grass,0,450,277,34000,0,1694176
-39594526,-57244188,1370390,3,grass,bilberry-mat,0,400,293,34000,0,1694278
-39586744,-57244014,1369457,3,grass,male-fern,0,1200,234,30000,0,1695211
-39573245,-57244109,1368663,3,grass,ivy-ground-layer,0,220,174,22000,0,1696005
-39572330,-57244762,1368532,3,flower,red-clover,0,400,164,22000,0,1696136
-39560764,-57244360,1368091,3,grass,male-fern,0,1200,108,20000,0,1743635
-39557159,-57244326,1368007,3,flower,herb-robert,0,350,101,20000,0,1743719
-39549700,-57244755,1368084,3,grass,moss-cushion,0,220,144,18000,0,1743642
-39546871,-57244050,1368176,3,grass,sword-fern,0,1200,145,18000,0,1743550
-39546166,-57244349,1368131,3,grass,wood-horsetail,1,500,157,18000,0,1743595
-39533396,-57244476,1367951,3,grass,wood-sedge,0,500,154,16000,0,1743775
-39788198,-57243884,1440310,3,flower,herb-robert,0,350,213,122000,0,1530242
-39784968,-57243379,1439834,3,grass,moss-cushion,0,220,286,114000,0,1530718
-39779723,-57243946,1438482,3,grass,bilberry-mat,0,400,378,106000,0,1532070
-39777979,-57243672,1438094,3,grass,wood-sedge,0,500,353,106000,0,1532458
-39774581,-57243793,1437054,3,grass,woolly-fringe-moss,0,220,496,106000,0,1533498
-39773305,-57243883,1436520,3,grass,woolly-fringe-moss,0,220,537,106000,0,1534032
-39756630,-57243331,1427969,3,bush,salal,0,1200,737,86000,0,1542583
-39754488,-57243836,1426921,3,bush,salal,0,1200,664,86000,0,1543631
-39753798,-57243736,1426630,3,bush,salal,0,1200,652,86000,0,1543922
-39750400,-57243277,1425420,3,bush,salal,0,1200,594,86000,0,1545132
-39747428,-57243495,1424157,3,grass,woolly-fringe-moss,0,220,545,80000,0,1546395
-39743772,-57243448,1422301,3,bush,salal,0,1200,533,80000,0,1548251
-39742988,-57243623,1421930,3,flower,herb-robert,0,350,533,80000,0,1548622
-39742017,-57243628,1421552,3,bush,salal,0,1200,531,72000,0,1549000
-39735221,-57243519,1418428,3,flower,herb-robert,0,350,512,72000,0,1552124
-39732117,-57243641,1417144,3,grass,moss-cushion,0,220,485,66000,0,1553408
-39731265,-57243782,1416831,3,flower,herb-robert,0,350,466,66000,0,1553721
-39729692,-57243781,1416367,3,flower,herb-robert,0,350,432,66000,0,1554185
-39729541,-57243751,1416341,3,flower,herb-robert,0,350,430,66000,0,1554211
-39724284,-57243777,1414924,3,grass,hair-cap-moss,1,240,429,60000,0,1555628
-39720017,-57243812,1413612,3,grass,woolly-fringe-moss,0,220,433,60000,0,1556940
-39719258,-57243840,1413347,3,flower,herb-robert,0,350,452,52000,0,1604263
-39718185,-57243846,1412968,3,bush,salal,0,1200,491,52000,0,1604642
-39717286,-57243832,1412602,3,grass,woolly-fringe-moss,0,220,520,52000,0,1605008
-39716706,-57243692,1412377,3,bush,salal,0,1200,552,52000,0,1605233
-39694210,-57243921,1386781,3,bush,salal,0,1200,755,32000,0,1630829
-39669506,-57243418,1373850,3,flower,herb-robert,0,350,506,16000,0,1643760
-39664088,-57243544,1373137,3,grass,lady-fern,1,900,355,10000,0,1644473
-39663797,-57243530,1373135,3,grass,bilberry-mat,0,400,351,10000,0,1644475
-39661246,-57243884,1372954,3,flower,jungle-understory-flower,0,750,372,10000,0,1644656
-39644934,-57243601,1371834,3,grass,meadow-grass,0,450,364,4000,0,1645776
-39636264,-57243448,1371298,3,flower,harebell,0,350,474,12000,0,1646312
-39625437,-57243443,1369758,3,grass,meadow-grass,0,450,470,20000,0,1694910
-39616113,-57243748,1371055,3,bush,salal,0,1200,288,28000,0,1693613
-39615794,-57243740,1371073,3,grass,bilberry-mat,0,400,270,28000,0,1693595
-39614246,-57243771,1371155,3,flower,red-campion,0,700,220,34000,0,1693513
-39611404,-57243607,1371075,3,grass,understory-fern,0,900,275,34000,0,1693593
-39609760,-57243344,1371099,3,grass,harts-tongue-fern,1,500,315,34000,0,1693569
-39601193,-57243416,1371142,3,grass,understory-fern,0,900,286,36000,0,1693526
-39600234,-57243882,1371024,3,flower,red-campion,0,700,295,36000,0,1693644
-39598970,-57243201,1371036,3,grass,hair-cap-moss,1,240,349,34000,0,1693632
-39596030,-57243677,1370596,3,grass,hair-cap-moss,1,240,293,34000,0,1694072
-39594984,-57243252,1370530,3,grass,meadow-grass,0,450,296,34000,0,1694138
-39592111,-57243488,1370194,3,flower,primrose,0,240,313,30000,0,1694474
-39583345,-57243270,1369202,3,grass,ivy-ground-layer,0,220,230,26000,0,1695466
-39583097,-57243775,1369117,3,flower,yarrow,0,600,211,26000,0,1695551
-39580025,-57243552,1368982,3,grass,lady-fern,1,900,179,26000,0,1695686
-39573121,-57243994,1368683,3,flower,oxeye-daisy,0,700,179,22000,0,1695985
-39570083,-57243947,1368518,3,grass,meadow-grass,0,450,162,22000,0,1696150
-39564024,-57243462,1368321,3,flower,yarrow,0,600,136,20000,0,1743405
-39563872,-57243320,1368328,3,flower,meadow-daisy,0,420,139,20000,0,1743398
-39560127,-57243596,1368144,3,grass,wood-sedge,0,500,114,20000,0,1743582
-39558229,-57243826,1368077,3,grass,ivy-ground-layer,0,220,129,20000,0,1743649
-39556946,-57243690,1368048,3,grass,hair-cap-moss,1,240,112,20000,0,1743678
-39554539,-57243690,1368067,3,grass,sword-fern,0,1200,136,18000,0,1743659
-39551790,-57243220,1368157,3,flower,large-trillium,0,350,157,18000,0,1743569
-39550858,-57243716,1368141,3,grass,lady-fern,1,900,169,18000,0,1743585
-39549940,-57243562,1368198,3,flower,yarrow,0,600,170,18000,0,1743528
-39545695,-57243244,1368260,3,grass,wood-sedge,0,500,179,18000,0,1743466
-39543325,-57243682,1368111,3,grass,meadow-grass,0,450,187,18000,0,1743615
-39541134,-57243363,1368067,3,grass,cocksfoot,0,1000,156,18000,0,1743659
-39537458,-57243784,1367998,3,grass,ivy-ground-layer,0,220,129,16000,0,1743728
-39536654,-57243223,1368101,3,grass,lady-fern,1,900,160,16000,0,1743625
-39533479,-57243759,1368085,3,grass,ivy-ground-layer,0,220,161,16000,0,1743641
-39790140,-57242951,1440581,3,grass,feather-moss,0,220,155,122000,0,1529971
-39779787,-57242887,1438622,3,flower,herb-robert,0,350,388,106000,0,1531930
-39778204,-57242925,1438257,3,grass,wood-sedge,0,500,364,106000,0,1532295
-39774586,-57242860,1437092,3,grass,feather-moss,0,220,501,106000,0,1533460
-39770288,-57243130,1434883,3,bush,salal,0,1200,733,100000,0,1535669
-39757548,-57242832,1428535,3,bush,salal,0,1200,745,94000,0,1542017
-39752289,-57242455,1426363,3,bush,salal,0,1200,644,86000,0,1544189
-39748119,-57243115,1424459,3,grass,moss-cushion,0,220,558,80000,0,1546093
-39728038,-57243116,1416088,3,grass,timothy,0,900,396,66000,0,1554464
-39726454,-57243038,1415667,3,grass,feather-moss,0,220,390,60000,0,1554885
-39725557,-57242838,1415417,3,flower,herb-robert,0,350,396,60000,0,1555135
-39720047,-57242908,1413690,3,grass,lady-fern,1,900,386,60000,0,1556862
-39719331,-57243154,1413478,3,grass,ribwort-plantain,0,300,394,52000,0,1604132
-39697556,-57242981,1388793,3,bush,salal,0,1200,667,38000,0,1628817
-39695187,-57242864,1387523,3,bush,salal,0,1200,703,32000,0,1630087
-39670708,-57242779,1374330,3,bush,salal,0,1200,550,16000,0,1643280
-39662784,-57242769,1373364,3,grass,cocksfoot,0,1000,341,10000,0,1644246
-39645712,-57243196,1372033,3,grass,hair-cap-moss,1,240,372,0,0,1645577
-39644086,-57242800,1372042,3,grass,lady-fern,1,900,369,4000,0,1645568
-39643774,-57243080,1371939,3,grass,wood-horsetail,1,500,362,4000,0,1645671
-39641684,-57242889,1371905,3,grass,feather-moss,0,220,364,4000,0,1645705
-39626359,-57242853,1369878,3,bush,salal,0,1200,476,20000,0,1694790
-39625408,-57243111,1369896,3,grass,meadow-grass,0,450,497,20000,0,1694772
-39623950,-57242954,1370277,3,flower,herb-robert,0,350,578,20000,0,1694391
-39621050,-57242927,1370699,3,grass,cocksfoot,0,1000,223,28000,0,1693969
-39619380,-57243056,1370951,3,grass,sword-fern,0,1200,293,28000,0,1693717
-39617612,-57243178,1371134,3,flower,primrose,0,240,325,28000,0,1693534
-39611300,-57242978,1371192,3,flower,yarrow,0,600,284,34000,0,1693476
-39608194,-57242518,1371479,3,flower,herb-robert,0,350,388,34000,0,1693189
-39606764,-57242684,1371443,3,grass,feather-moss,0,220,387,36000,0,1693225
-39605696,-57242510,1371415,3,flower,herb-robert,0,350,393,36000,0,1693253
-39603575,-57242848,1371366,3,flower,harebell,0,350,360,36000,0,1693302
-39601409,-57243056,1371248,3,grass,hair-cap-moss,1,240,308,36000,0,1693420
-39598773,-57242441,1371165,3,grass,wood-sedge,0,500,373,34000,0,1693503
-39596952,-57242866,1370818,3,flower,meadow-daisy,0,420,343,34000,0,1693850
-39592123,-57242681,1370318,3,bush,salal,0,1200,313,30000,0,1694350
-39587655,-57242810,1369672,3,grass,male-fern,0,1200,258,30000,0,1694996
-39587121,-57242829,1369631,3,grass,feather-moss,0,220,255,30000,0,1695037
-39585138,-57243001,1369420,3,grass,woolly-fringe-moss,0,220,251,30000,0,1695248
-39576259,-57242949,1368947,3,flower,meadow-daisy,0,420,189,22000,0,1695721
-39572053,-57242781,1368823,3,flower,red-clover,0,400,196,22000,0,1695845
-39567449,-57243175,1368492,3,flower,oxeye-daisy,0,700,185,20000,0,1743234
-39566836,-57242679,1368518,3,flower,cowslip,0,300,189,20000,0,1743208
-39564278,-57242545,1368435,3,grass,male-fern,0,1200,131,20000,0,1743291
-39563211,-57242623,1368391,3,flower,oxeye-daisy,0,700,149,20000,0,1743335
-39561158,-57242698,1368269,3,grass,sedge-tussock,1,600,149,20000,0,1743457
-39558738,-57242573,1368202,3,grass,meadow-grass,0,450,121,20000,0,1743524
-39553642,-57242461,1368194,3,grass,lady-fern,1,900,149,18000,0,1743532
-39553570,-57242757,1368167,3,grass,lady-fern,1,900,146,18000,0,1743559
-39549201,-57243112,1368263,3,grass,wood-horsetail,1,500,164,18000,0,1743463
-39548033,-57242544,1368366,3,flower,fireweed,0,1200,155,18000,0,1743360
-39545402,-57242599,1368350,3,grass,bilberry-mat,0,400,189,18000,0,1743376
-39540428,-57242572,1368180,3,grass,wood-sedge,0,500,163,18000,0,1743546
-39539078,-57243095,1368110,3,grass,harts-tongue-fern,1,500,139,16000,0,1743616
-39788599,-57241698,1440468,3,flower,herb-robert,0,350,168,122000,0,1530084
-39786610,-57242351,1440186,3,flower,oxeye-daisy,0,700,221,114000,0,1530366
-39776052,-57242146,1437783,3,bush,salal,0,1200,433,106000,0,1532769
-39774899,-57242084,1437312,3,bush,salal,0,1200,491,106000,0,1533240
-39773974,-57242309,1436848,3,flower,herb-robert,0,350,522,106000,0,1533704
-39771575,-57241624,1435657,3,bush,salal,0,1200,613,100000,0,1534895
-39751862,-57242340,1426194,3,bush,salal,0,1200,635,86000,0,1544358
-39751116,-57241952,1426036,3,bush,salal,0,1200,629,86000,0,1544516
-39750399,-57241916,1425675,3,bush,salal,0,1200,623,86000,0,1544877
-39745653,-57241995,1423268,3,bush,salal,0,1200,557,80000,0,1547284
-39745267,-57241729,1423094,3,bush,salal,0,1200,556,80000,0,1547458
-39742382,-57241948,1421754,3,grass,woolly-fringe-moss,0,220,533,72000,0,1548798
-39736160,-57242163,1418936,3,bush,salal,0,1200,501,72000,0,1551616
-39733929,-57242157,1418014,3,bush,salal,0,1200,466,66000,0,1552538
-39728335,-57242103,1416276,3,grass,feather-moss,0,220,396,66000,0,1554276
-39718057,-57241676,1413139,3,flower,herb-robert,0,350,459,52000,0,1604471
-39716997,-57241823,1412597,3,bush,salal,0,1200,555,52000,0,1605013
-39716018,-57242216,1412064,3,bush,salal,0,1200,612,52000,0,1605546
-39678497,-57242097,1377002,3,bush,salal,0,1200,789,20000,0,1640608
-39671062,-57242313,1374568,3,bush,salal,0,1200,565,16000,0,1643042
-39669970,-57241813,1374436,3,bush,salal,0,1200,552,16000,0,1643174
-39669263,-57241809,1374331,3,bush,salal,0,1200,532,16000,0,1643279
-39667941,-57241982,1374112,3,grass,moss-cushion,0,220,485,16000,0,1643498
-39659680,-57241677,1373505,3,grass,understory-fern,0,900,372,2000,0,1644105
-39658956,-57242370,1373168,3,grass,wood-horsetail,1,500,371,2000,0,1644442
-39657405,-57241681,1373227,3,grass,meadow-grass,0,450,372,2000,0,1644383
-39655335,-57242397,1373019,3,bush,salal,0,1200,373,2000,0,1644591
-39643542,-57242345,1372128,3,grass,hair-cap-moss,1,240,377,4000,0,1645482
-39642137,-57242352,1372060,3,grass,wood-sedge,0,500,376,4000,0,1645550
-39641393,-57241874,1372179,3,grass,jungle-groundcover,0,800,396,4000,0,1645431
-39639605,-57241887,1372058,3,grass,sedge-tussock,1,600,403,4000,0,1645552
-39637786,-57242312,1371812,3,grass,wood-sedge,0,500,405,4000,0,1645798
-39636607,-57241679,1371986,3,bush,salal,0,1200,443,12000,0,1645624
-39634480,-57242157,1371748,3,grass,meadow-grass,0,450,522,12000,0,1645862
-39631070,-57241964,1371417,3,bush,salal,0,1200,563,12000,0,1646193
-39613964,-57241877,1371518,3,grass,meadow-grass,0,450,250,34000,0,1693150
-39610529,-57242144,1371445,3,grass,sword-fern,0,1200,364,34000,0,1693223
-39607524,-57241729,1371791,3,flower,yarrow,0,600,403,34000,0,1692877
-39602953,-57241772,1371747,3,flower,herb-robert,0,350,361,36000,0,1692921
-39599818,-57242378,1371324,3,grass,meadow-grass,0,450,352,34000,0,1693344
-39593466,-57241944,1370571,3,grass,meadow-grass,0,450,321,34000,0,1694097
-39591517,-57242350,1370290,3,grass,harts-tongue-fern,1,500,301,30000,0,1694378
-39588997,-57241941,1369952,3,flower,harebell,0,350,284,30000,0,1694716
-39586197,-57241713,1369695,3,flower,herb-robert,0,350,260,30000,0,1694973
-39575598,-57241917,1369034,3,grass,feather-moss,0,220,178,22000,0,1695634
-39569406,-57242339,1368739,3,grass,lady-fern,1,900,176,20000,0,1742987
-39568260,-57241746,1368742,3,flower,red-clover,0,400,179,20000,0,1742984
-39567075,-57241741,1368649,3,grass,wood-sedge,0,500,200,20000,0,1743077
-39562343,-57242182,1368400,3,flower,red-campion,0,700,158,20000,0,1743326
-39559686,-57241669,1368307,3,bush,salal,0,1200,122,20000,0,1743419
-39557779,-57242389,1368188,3,flower,herb-robert,0,350,144,20000,0,1743538
-39554024,-57241900,1368252,3,grass,lady-fern,1,900,153,18000,0,1743474
-39552386,-57242061,1368276,3,grass,ivy-ground-layer,0,220,163,18000,0,1743450
-39550485,-57242067,1368357,3,flower,impatiens,1,350,196,18000,0,1743369
-39549605,-57241795,1368442,3,grass,male-fern,0,1200,190,18000,0,1743284
-39537706,-57242351,1368261,3,grass,male-fern,0,1200,173,16000,0,1743465
-39536302,-57241755,1368387,3,grass,meadow-grass,0,450,186,16000,0,1743339
-39535793,-57241820,1368389,3,grass,bilberry-mat,0,400,199,16000,0,1743337
-39780824,-57241305,1439137,3,flower,red-clover,0,400,405,114000,0,1531415
-39780025,-57241209,1438912,3,flower,herb-robert,0,350,402,114000,0,1531640
-39779816,-57241512,1438806,3,grass,bilberry-mat,0,400,396,106000,0,1531746
-39778520,-57241299,1438495,3,grass,woolly-fringe-moss,0,220,374,106000,0,1532057
-39776401,-57240921,1437987,3,grass,feather-moss,0,220,412,106000,0,1532565
-39773525,-57240955,1436724,3,bush,salal,0,1200,541,106000,0,1533828
-39772796,-57241470,1436272,3,bush,salal,0,1200,564,106000,0,1534280
-39771583,-57240996,1435805,3,bush,salal,0,1200,613,100000,0,1534747
-39757885,-57241343,1429161,3,bush,salal,0,1200,756,94000,0,1541391
-39746786,-57241354,1423880,3,flower,herb-robert,0,350,580,80000,0,1546672
-39744870,-57241543,1422963,3,bush,salal,0,1200,552,80000,0,1547589
-39738950,-57241128,1420065,3,flower,herb-robert,0,350,534,72000,0,1550487
-39731983,-57241230,1417337,3,grass,woolly-fringe-moss,0,220,426,66000,0,1553215
-39729443,-57241165,1416711,3,grass,wood-sedge,0,500,416,66000,0,1553841
-39727672,-57241264,1416253,3,flower,herb-robert,0,350,418,66000,0,1554299
-39725125,-57241405,1415455,3,grass,ribwort-plantain,0,300,391,60000,0,1555097
-39723421,-57241183,1414887,3,bush,salal,0,1200,386,60000,0,1555665
-39720308,-57241361,1413881,3,flower,red-campion,0,700,433,60000,0,1556671
-39717449,-57240905,1412923,3,grass,woolly-fringe-moss,0,220,539,52000,0,1604687
-39695650,-57241310,1388100,3,bush,salal,0,1200,667,32000,0,1629510
-39683849,-57240972,1379656,3,bush,salal,0,1200,757,26000,0,1637954
-39682191,-57241074,1378902,3,bush,salal,0,1200,747,20000,0,1638708
-39674956,-57241507,1375839,3,bush,salal,0,1200,692,16000,0,1641771
-39672069,-57241543,1375097,3,grass,woolly-fringe-moss,0,220,590,16000,0,1642513
-39671336,-57240996,1375125,3,grass,woolly-fringe-moss,0,220,580,16000,0,1642485
-39671098,-57240829,1375093,3,bush,salal,0,1200,577,16000,0,1642517
-39668998,-57241382,1374431,3,grass,woolly-fringe-moss,0,220,534,16000,0,1643179
-39667745,-57241022,1374367,3,grass,moss-cushion,0,220,498,16000,0,1643243
-39663718,-57241175,1373910,3,flower,herb-robert,0,350,398,10000,0,1643700
-39662702,-57241071,1373875,3,flower,oxeye-daisy,0,700,371,10000,0,1643735
-39661007,-57240831,1373855,3,grass,feather-moss,0,220,360,10000,0,1643755
-39660692,-57241288,1373718,3,grass,hair-cap-moss,1,240,365,10000,0,1643892
-39657167,-57240867,1373475,3,grass,timothy,0,900,370,2000,0,1644135
-39646367,-57241354,1372648,3,grass,brook-moss-cushion,1,220,405,0,0,1644962
-39644220,-57241183,1372576,3,grass,moss-cushion,0,220,409,4000,0,1645034
-39636547,-57241113,1372164,3,grass,moss-cushion,0,220,460,12000,0,1645446
-39635760,-57241459,1372027,3,grass,meadow-grass,0,450,482,12000,0,1645583
-39634691,-57241082,1372185,3,bush,salal,0,1200,532,12000,0,1645425
-39634091,-57240892,1372287,3,flower,herb-robert,0,350,550,12000,0,1645323
-39629977,-57241440,1371493,3,bush,salal,0,1200,585,20000,0,1693175
-39625841,-57241156,1370593,3,grass,hair-cap-moss,1,240,424,20000,0,1694075
-39622333,-57241308,1370928,3,grass,ivy-ground-layer,0,220,162,28000,0,1693740
-39617667,-57241424,1371430,3,grass,meadow-grass,0,450,381,28000,0,1693238
-39611516,-57240853,1371781,3,grass,understory-fern,0,900,387,34000,0,1692887
-39607908,-57240889,1372116,3,grass,feather-moss,0,220,423,34000,0,1692552
-39593006,-57241264,1370657,3,grass,timothy,0,900,328,34000,0,1694011
-39592552,-57241214,1370593,3,grass,understory-fern,0,900,309,34000,0,1694075
-39591765,-57241560,1370424,3,flower,herb-robert,0,350,288,30000,0,1694244
-39589860,-57241478,1370176,3,flower,herb-robert,0,350,276,30000,0,1694492
-39585766,-57241123,1369739,3,grass,male-fern,0,1200,257,30000,0,1694929
-39584105,-57241149,1369574,3,grass,male-fern,0,1200,230,26000,0,1695094
-39582324,-57241017,1369424,3,flower,meadow-daisy,0,420,185,26000,0,1695244
-39581508,-57241517,1369313,3,grass,hair-cap-moss,1,240,183,26000,0,1695355
-39579303,-57241231,1369251,3,grass,jungle-groundcover,0,800,142,26000,0,1695417
-39578703,-57241047,1369266,3,grass,sword-fern,0,1200,137,26000,0,1695402
-39572775,-57240924,1369085,3,grass,jungle-groundcover,0,800,171,22000,0,1695583
-39566630,-57241309,1368671,3,flower,impatiens,1,350,197,20000,0,1743055
-39565981,-57240855,1368698,3,grass,wood-horsetail,1,500,185,20000,0,1743028
-39560954,-57241326,1368396,3,grass,bilberry-mat,0,400,151,20000,0,1743330
-39557725,-57241148,1368326,3,grass,meadow-grass,0,450,144,20000,0,1743400
-39556851,-57241261,1368281,3,grass,feather-moss,0,220,137,20000,0,1743445
-39547675,-57241016,1368606,3,grass,hair-cap-moss,1,240,162,18000,0,1743120
-39543342,-57241104,1368503,3,grass,harts-tongue-fern,1,500,212,18000,0,1743223
-39542675,-57240895,1368520,3,grass,harts-tongue-fern,1,500,212,18000,0,1743206
-39534896,-57241249,1368525,3,flower,red-clover,0,400,196,16000,0,1743201
-39530913,-57241108,1368396,3,flower,red-campion,0,700,227,16000,0,1743330
-39791007,-57240639,1440750,3,grass,male-fern,0,1200,90,122000,0,1529802
-39790056,-57240213,1440684,3,grass,male-fern,0,1200,112,122000,0,1529868
-39788211,-57240571,1440494,3,grass,wood-sedge,0,500,165,122000,0,1530058
-39779076,-57240081,1438757,3,grass,understory-fern,0,900,380,106000,0,1531795
-39773859,-57240121,1437028,3,grass,feather-moss,0,220,526,106000,0,1533524
-39766874,-57240376,1433523,3,bush,salal,0,1200,869,100000,0,1537029
-39765804,-57240125,1433094,3,bush,salal,0,1200,837,100000,0,1537458
-39763015,-57240119,1431806,3,bush,salal,0,1200,792,94000,0,1538746
-39755555,-57240788,1428296,3,bush,salal,0,1200,765,86000,0,1542256
-39750781,-57240076,1426337,3,bush,salal,0,1200,715,86000,0,1544215
-39734242,-57240533,1418244,3,grass,moss-cushion,0,220,444,66000,0,1552308
-39730289,-57240749,1416954,3,flower,herb-robert,0,350,417,66000,0,1553598
-39729593,-57240597,1416808,3,grass,wood-sedge,0,500,418,66000,0,1553744
-39725709,-57240629,1415734,3,grass,feather-moss,0,220,422,60000,0,1554818
-39721253,-57240049,1414242,3,bush,salal,0,1200,450,60000,0,1556310
-39717564,-57240397,1412995,3,bush,salal,0,1200,547,52000,0,1604615
-39698702,-57240178,1390073,3,bush,salal,0,1200,933,38000,0,1627537
-39697330,-57240368,1389121,3,bush,salal,0,1200,704,32000,0,1628489
-39695725,-57240355,1388209,3,bush,salal,0,1200,649,32000,0,1629401
-39694583,-57240716,1387572,3,bush,salal,0,1200,684,32000,0,1630038
-39672251,-57240535,1375516,3,grass,meadow-grass,0,450,586,16000,0,1642094
-39668346,-57240265,1374757,3,grass,feather-moss,0,220,534,16000,0,1642853
-39664848,-57240540,1374178,3,flower,primrose,0,240,425,10000,0,1643432
-39664682,-57240724,1374105,3,flower,yarrow,0,600,422,10000,0,1643505
-39659976,-57240761,1373806,3,grass,jungle-groundcover,0,800,361,2000,0,1643804
-39658981,-57240359,1373811,3,grass,ivy-ground-layer,0,220,357,2000,0,1643799
-39657785,-57240125,1373771,3,grass,feather-moss,0,220,355,2000,0,1643839
-39654492,-57240184,1373746,3,grass,male-fern,0,1200,371,2000,0,1643864
-39652805,-57240343,1373623,3,grass,lady-fern,1,900,384,2000,0,1643987
-39649078,-57240602,1373145,3,flower,herb-robert,0,350,423,0,62,1644465
-39645603,-57240182,1373066,3,grass,bilberry-mat,0,400,438,0,0,1644544
-39643329,-57240533,1372804,3,flower,yarrow,0,600,426,4000,0,1644806
-39641327,-57240758,1372588,3,grass,moss-cushion,0,220,438,4000,0,1645022
-39640383,-57240241,1372822,3,bush,salal,0,1200,479,4000,0,1644788
-39639656,-57240252,1372769,3,grass,moss-cushion,0,220,486,4000,0,1644841
-39635366,-57240212,1372530,3,grass,moss-cushion,0,220,538,12000,0,1645080
-39631683,-57240624,1372047,3,bush,salal,0,1200,595,12000,0,1645563
-39624717,-57240582,1370866,3,flower,primrose,0,240,409,20000,0,1693802
-39621944,-57240453,1370987,3,grass,feather-moss,0,220,118,28000,0,1693681
-39621073,-57240021,1371020,3,grass,male-fern,0,1200,184,28000,0,1693648
-39618671,-57240189,1371427,3,flower,herb-robert,0,350,461,28000,0,1693241
-39612044,-57240137,1372025,3,bush,salal,0,1200,403,34000,0,1692643
-39609479,-57240128,1372266,3,flower,fireweed,0,1200,421,34000,0,1692402
-39607740,-57240434,1372244,3,flower,herb-robert,0,350,439,34000,0,1692424
-39603285,-57240464,1372198,3,grass,ivy-ground-layer,0,220,366,36000,0,1692470
-39602607,-57240145,1372259,3,grass,sword-fern,0,1200,390,36000,0,1692409
-39594969,-57240705,1370964,3,grass,feather-moss,0,220,404,34000,0,1693704
-39585469,-57240499,1369805,3,flower,impatiens,1,350,262,30000,0,1694863
-39584133,-57240424,1369677,3,flower,red-campion,0,700,232,26000,0,1694991
-39579351,-57240145,1369392,3,flower,common-knapweed,0,800,148,26000,0,1695276
-39573714,-57240342,1369183,3,grass,bilberry-mat,0,400,179,22000,0,1695485
-39568875,-57240077,1368975,3,grass,sword-fern,0,1200,192,20000,0,1742751
-39568081,-57240258,1368907,3,grass,sword-fern,0,1200,194,20000,0,1742819
-39565784,-57240649,1368715,3,grass,meadow-grass,0,450,180,20000,0,1743011
-39564418,-57240559,1368676,3,grass,woolly-fringe-moss,0,220,161,20000,0,1743050
-39562845,-57240049,1368642,3,grass,timothy,0,900,158,20000,0,1743084
-39561471,-57240277,1368547,3,grass,ivy-ground-layer,0,220,159,20000,0,1743179
-39555582,-57240341,1368423,3,grass,feather-moss,0,220,145,20000,0,1743303
-39555050,-57240288,1368448,3,flower,birdsfoot-trefoil,0,250,146,20000,0,1743278
-39553472,-57240421,1368466,3,grass,feather-moss,0,220,164,18000,0,1743260
-39552191,-57240553,1368491,3,grass,harts-tongue-fern,1,500,170,18000,0,1743235
-39550028,-57240272,1368651,3,flower,large-trillium,0,350,217,18000,0,1743075
-39548019,-57240671,1368671,3,grass,wood-sedge,0,500,167,18000,0,1743055
-39546466,-57240280,1368741,3,grass,sword-fern,0,1200,179,18000,0,1742985
-39546339,-57240501,1368685,3,grass,sword-fern,0,1200,177,18000,0,1743041
-39541476,-57240556,1368518,3,grass,lady-fern,1,900,212,18000,0,1743208
-39535158,-57240054,1368695,3,flower,yarrow,0,600,228,16000,0,1743031
-39533263,-57240429,1368656,3,flower,primrose,0,240,181,16000,0,1743070
-39531587,-57240007,1368630,3,grass,harts-tongue-fern,1,500,208,16000,0,1743096
-39789318,-57239552,1440643,3,grass,male-fern,0,1200,114,124000,0,1529909
-39783695,-57239987,1439924,3,flower,primrose,0,240,275,116000,0,1530628
-39782567,-57239317,1439745,3,grass,wood-sedge,0,500,302,116000,0,1530807
-39777928,-57239842,1438504,3,grass,woolly-fringe-moss,0,220,372,110000,0,1532048
-39777340,-57239590,1438388,3,grass,feather-moss,0,220,377,110000,0,1532164
-39761972,-57239845,1431355,3,bush,salal,0,1200,821,96000,0,1539197
-39760310,-57239546,1430761,3,bush,salal,0,1200,829,96000,0,1539791
-39755614,-57239291,1428884,3,bush,salal,0,1200,825,90000,0,1541668
-39752530,-57239300,1427353,3,bush,salal,0,1200,747,90000,0,1543199
-39729287,-57239256,1416934,3,flower,herb-robert,0,350,409,70000,0,1553618
-39724017,-57239297,1415180,3,flower,herb-robert,0,350,446,62000,0,1555372
-39722772,-57239452,1414716,3,grass,bilberry-mat,0,400,424,62000,0,1555836
-39722362,-57239365,1414629,3,flower,herb-robert,0,350,435,62000,0,1555923
-39721031,-57239761,1414227,3,bush,salal,0,1200,450,62000,0,1556325
-39719340,-57239716,1413761,3,grass,feather-moss,0,220,380,56000,0,1603849
-39682686,-57239486,1379559,3,bush,salal,0,1200,721,30000,0,1638051
-39674931,-57239533,1376688,3,bush,salal,0,1200,716,18000,0,1640922
-39674391,-57239992,1376360,3,bush,salal,0,1200,686,18000,0,1641250
-39671120,-57239475,1375622,3,grass,woolly-fringe-moss,0,220,569,18000,0,1641988
-39664907,-57239959,1374343,3,grass,cocksfoot,0,1000,429,10000,0,1643267
-39660370,-57239214,1374249,3,grass,jungle-groundcover,0,800,333,10000,0,1643361
-39659983,-57239860,1374075,3,flower,meadow-daisy,0,420,340,2000,0,1643535
-39658985,-57239418,1374113,3,grass,sedge-tussock,1,600,333,2000,0,1643497
-39655196,-57239456,1373978,3,flower,harebell,0,350,366,2000,0,1643632
-39652234,-57239551,1373865,3,grass,understory-fern,0,900,398,0,0,1643745
-39650995,-57239877,1373611,3,grass,brook-moss-cushion,1,220,424,0,0,1643999
-39646865,-57239959,1373216,3,grass,meadow-grass,0,450,440,0,0,1644394
-39643750,-57239333,1373366,3,flower,harebell,0,350,467,4000,0,1644244
-39641558,-57239444,1373339,3,grass,meadow-grass,0,450,482,4000,0,1644271
-39640164,-57239324,1373378,3,grass,meadow-grass,0,450,520,4000,0,1644232
-39627598,-57239792,1371532,3,bush,salal,0,1200,693,20000,0,1646078
-39616256,-57239887,1371942,3,grass,sword-fern,0,1200,347,28000,0,1645668
-39613969,-57239225,1372287,3,grass,meadow-grass,0,450,307,34000,0,1645323
-39608747,-57239779,1372409,3,grass,feather-moss,0,220,448,34000,0,1645201
-39605806,-57239673,1372466,3,flower,herb-robert,0,350,451,42000,0,1645144
-39597107,-57239676,1371711,3,bush,salal,0,1200,483,40000,0,1692957
-39595895,-57239768,1371411,3,flower,cowslip,0,300,444,40000,0,1693257
-39590642,-57239583,1370559,3,grass,moss-cushion,0,220,290,36000,0,1694109
-39589298,-57239394,1370387,3,grass,ribwort-plantain,0,300,248,36000,0,1694281
-39587564,-57239904,1370120,3,flower,oxeye-daisy,0,700,264,36000,0,1694548
-39576871,-57239336,1369430,3,bush,salal,0,1200,195,30000,0,1695238
-39576418,-57239352,1369409,3,grass,meadow-grass,0,450,202,30000,0,1695259
-39572081,-57239958,1369162,3,grass,moss-cushion,0,220,192,30000,0,1695506
-39571649,-57239673,1369177,3,flower,yarrow,0,600,197,30000,0,1695491
-39568606,-57239515,1369026,3,grass,ribwort-plantain,0,300,202,28000,0,1695642
-39564831,-57239535,1368788,3,grass,male-fern,0,1200,165,28000,0,1695880
-39558275,-57239877,1368497,3,grass,woolly-fringe-moss,0,220,124,26000,0,1696171
-39557288,-57239995,1368471,3,grass,sword-fern,0,1200,130,26000,0,1696197
-39556773,-57239456,1368543,3,grass,moss-cushion,0,220,118,26000,0,1696125
-39554408,-57239639,1368552,3,flower,red-campion,0,700,152,26000,0,1696116
-39553859,-57239622,1368576,3,grass,sword-fern,0,1200,161,26000,0,1696092
-39550026,-57239403,1368800,3,grass,lady-fern,1,900,241,26000,0,1695868
-39549406,-57239578,1368828,3,grass,ivy-ground-layer,0,220,228,26000,0,1695840
-39542673,-57239267,1368759,3,grass,hair-cap-moss,1,240,213,26000,0,1695909
-39538599,-57239647,1368669,3,grass,feather-moss,0,220,202,24000,0,1695999
-39534539,-57239988,1368735,3,grass,jungle-groundcover,0,800,218,24000,0,1695933
-39532852,-57239722,1368753,3,grass,harts-tongue-fern,1,500,196,24000,0,1695915
-39531927,-57239449,1368760,3,grass,sword-fern,0,1200,204,24000,0,1695908
-39790387,-57238760,1440734,3,grass,feather-moss,0,220,71,124000,0,1529818
-39789281,-57238417,1440660,3,flower,birdsfoot-trefoil,0,250,94,124000,0,1529892
-39786096,-57238651,1440344,3,flower,oxeye-daisy,0,700,181,116000,0,1530208
-39781185,-57239059,1439472,3,grass,feather-moss,0,220,355,116000,0,1531080
-39777256,-57239179,1438389,3,flower,herb-robert,0,350,377,110000,0,1532163
-39776215,-57238838,1438169,3,flower,fireweed,0,1200,404,110000,0,1532383
-39775401,-57238541,1437959,3,flower,herb-robert,0,350,440,110000,0,1532593
-39773412,-57238830,1437218,3,flower,herb-robert,0,350,507,110000,0,1533334
-39772694,-57239168,1436845,3,bush,salal,0,1200,557,110000,0,1533707
-39757314,-57239188,1429555,3,bush,salal,0,1200,836,90000,0,1540997
-39753887,-57239140,1428053,3,bush,salal,0,1200,779,90000,0,1542499
-39751838,-57238874,1427231,3,bush,salal,0,1200,745,90000,0,1543321
-39743127,-57238786,1422365,3,bush,salal,0,1200,584,84000,0,1548187
-39741994,-57238954,1421753,3,bush,salal,0,1200,577,76000,0,1548799
-39738352,-57239081,1419890,3,grass,moss-cushion,0,220,537,76000,0,1550662
-39732685,-57238994,1417907,3,grass,wood-sedge,0,500,404,70000,0,1552645
-39731176,-57238816,1417492,3,bush,salal,0,1200,384,70000,0,1553060
-39718956,-57238724,1413731,3,flower,herb-robert,0,350,369,56000,0,1603879
-39717990,-57239082,1413335,3,flower,herb-robert,0,350,518,56000,0,1604275
-39692796,-57238890,1386738,3,bush,salal,0,1200,681,36000,0,1630872
-39691801,-57238486,1386243,3,bush,salal,0,1200,696,36000,0,1631367
-39672821,-57238675,1376290,3,bush,salal,0,1200,652,18000,0,1641320
-39669527,-57238406,1375719,3,bush,salal,0,1200,568,18000,0,1641891
-39665217,-57238739,1374702,3,grass,sword-fern,0,1200,435,10000,0,1642908
-39663717,-57238940,1374510,3,grass,feather-moss,0,220,404,10000,0,1643100
-39662518,-57239081,1374422,3,grass,feather-moss,0,220,369,10000,0,1643188
-39660606,-57238760,1374372,3,grass,wood-horsetail,1,500,336,10000,0,1643238
-39656563,-57238615,1374310,3,grass,lady-fern,1,900,331,2000,0,1643300
-39653935,-57238661,1374256,3,grass,feather-moss,0,220,353,2000,0,1643354
-39652901,-57238542,1374247,3,grass,bilberry-mat,0,400,358,2000,0,1643363
-39649811,-57239132,1373679,3,grass,brook-moss-cushion,1,220,425,0,193,1643931
-39640502,-57239196,1373518,3,grass,meadow-grass,0,450,522,4000,0,1644092
-39636892,-57238826,1373289,3,grass,woolly-fringe-moss,0,220,581,12000,0,1644321
-39626576,-57238850,1371633,3,bush,salal,0,1200,666,20000,0,1645977
-39616522,-57238550,1372182,3,flower,red-clover,0,400,382,28000,0,1645428
-39614703,-57238540,1372406,3,grass,ribwort-plantain,0,300,307,34000,0,1645204
-39612726,-57238581,1372618,3,grass,feather-moss,0,220,404,34000,0,1644992
-39609163,-57238853,1372696,3,grass,woolly-fringe-moss,0,220,466,34000,0,1644914
-39607439,-57238986,1372671,3,grass,woolly-fringe-moss,0,220,489,42000,0,1644939
-39606498,-57238976,1372700,3,flower,herb-robert,0,350,484,42000,0,1644910
-39605528,-57238667,1372833,3,grass,meadow-grass,0,450,482,42000,0,1644777
-39603560,-57239150,1372640,3,grass,ribwort-plantain,0,300,426,42000,0,1644970
-39598075,-57239141,1372130,3,bush,salal,0,1200,498,40000,0,1692538
-39597339,-57238853,1372062,3,grass,feather-moss,0,220,514,40000,0,1692606
-39596658,-57238766,1371934,3,flower,herb-robert,0,350,521,40000,0,1692734
-39593791,-57239184,1371144,3,bush,salal,0,1200,417,40000,0,1693524
-39587085,-57238989,1370208,3,grass,ivy-ground-layer,0,220,273,36000,0,1694460
-39579075,-57238442,1369657,3,grass,feather-moss,0,220,179,32000,0,1695011
-39571711,-57238624,1369298,3,grass,lady-fern,1,900,209,30000,0,1695370
-39568153,-57238411,1369135,3,flower,primrose,0,240,209,28000,0,1695533
-39565832,-57239019,1368895,3,grass,wood-sedge,0,500,180,28000,0,1695773
-39564037,-57238721,1368821,3,grass,understory-fern,0,900,171,28000,0,1695847
-39563889,-57239149,1368772,3,grass,male-fern,0,1200,164,28000,0,1695896
-39561669,-57238831,1368706,3,grass,moss-cushion,0,220,157,26000,0,1695962
-39559864,-57238671,1368681,3,grass,lady-fern,1,900,162,26000,0,1695987
-39555459,-57238990,1368628,3,flower,oxeye-daisy,0,700,132,26000,0,1696040
-39550898,-57238654,1368909,3,grass,woolly-fringe-moss,0,220,248,26000,0,1695759
-39550351,-57238415,1368983,3,grass,lady-fern,1,900,245,26000,0,1695685
-39544987,-57238975,1368929,3,grass,timothy,0,900,214,26000,0,1695739
-39544568,-57238761,1368937,3,flower,red-clover,0,400,219,26000,0,1695731
-39542082,-57239056,1368753,3,flower,primrose,0,240,213,26000,0,1695915
-39541591,-57238879,1368771,3,flower,fireweed,0,1200,212,26000,0,1695897
-39776358,-57237968,1438307,3,flower,cowslip,0,300,387,110000,0,1532245
-39774075,-57238181,1437545,3,bush,salal,0,1200,475,110000,0,1533007
-39771303,-57238394,1436560,3,bush,salal,0,1200,596,102000,0,1533992
-39765259,-57237785,1433544,3,bush,salal,0,1200,771,102000,0,1537008
-39758706,-57237820,1430481,3,bush,salal,0,1200,816,96000,0,1540071
-39751586,-57237641,1427256,3,bush,salal,0,1200,754,90000,0,1543296
-39736108,-57238232,1419222,3,bush,salal,0,1200,501,76000,0,1551330
-39728175,-57238206,1416753,3,flower,herb-robert,0,350,434,70000,0,1553799
-39725577,-57238210,1415853,3,bush,salal,0,1200,465,62000,0,1554699
-39724047,-57237727,1415362,3,grass,feather-moss,0,220,450,62000,0,1555190
-39720964,-57237851,1414341,3,bush,salal,0,1200,444,62000,0,1556211
-39718766,-57237830,1413726,3,grass,moss-cushion,0,220,370,56000,0,1603884
-39667954,-57237871,1375574,3,flower,herb-robert,0,350,522,18000,0,1642036
-39667197,-57238337,1375125,3,grass,moss-cushion,0,220,498,10000,0,1642485
-39657607,-57237929,1374575,3,grass,meadow-grass,0,450,332,2000,0,1643035
-39657196,-57237845,1374604,3,grass,meadow-grass,0,450,328,2000,0,1643006
-39656675,-57238341,1374423,3,flower,meadow-daisy,0,420,328,2000,0,1643187
-39646352,-57238336,1373846,3,grass,brook-moss-cushion,1,220,470,0,0,1643764
-39625471,-57238005,1371813,3,bush,salal,0,1200,661,20000,0,1645797
-39623141,-57237784,1371468,3,bush,salal,0,1200,580,20000,0,1646142
-39618395,-57238216,1371872,3,grass,woolly-fringe-moss,0,220,499,28000,0,1645738
-39615927,-57237870,1372430,3,flower,harebell,0,350,363,28000,0,1645180
-39609891,-57238180,1372890,3,grass,feather-moss,0,220,472,34000,0,1644720
-39604226,-57238069,1373095,3,flower,herb-robert,0,350,438,42000,0,1644515
-39603847,-57238398,1372962,3,grass,timothy,0,900,432,42000,0,1644648
-39602167,-57238043,1373105,3,grass,meadow-grass,0,450,464,42000,0,1644505
-39596895,-57237945,1372302,3,flower,herb-robert,0,350,536,40000,0,1692366
-39593676,-57237799,1371418,3,grass,ribwort-plantain,0,300,389,40000,0,1693250
-39592521,-57238147,1371090,3,grass,lady-fern,1,900,401,40000,0,1693578
-39585675,-57237904,1370262,3,grass,feather-moss,0,220,302,36000,0,1694406
-39582464,-57238320,1369898,3,grass,feather-moss,0,220,229,32000,0,1694770
-39579590,-57238348,1369689,3,flower,meadow-daisy,0,420,194,32000,0,1694979
-39578972,-57238271,1369687,3,grass,male-fern,0,1200,177,32000,0,1694981
-39573264,-57237940,1369447,3,flower,common-knapweed,0,800,210,30000,0,1695221
-39571280,-57238312,1369316,3,grass,hair-cap-moss,1,240,206,30000,0,1695352
-39567168,-57237715,1369144,3,grass,cocksfoot,0,1000,211,28000,0,1695524
-39565828,-57237784,1369051,3,flower,red-clover,0,400,203,28000,0,1695617
-39565554,-57237667,1369046,3,grass,feather-moss,0,220,201,28000,0,1695622
-39563241,-57237642,1368913,3,grass,lady-fern,1,900,188,28000,0,1695755
-39563109,-57238218,1368832,3,grass,feather-moss,0,220,173,28000,0,1695836
-39560139,-57237863,1368799,3,grass,ribwort-plantain,0,300,158,26000,0,1695869
-39554115,-57237856,1368822,3,grass,hair-cap-moss,1,240,192,26000,0,1695846
-39543569,-57238022,1368997,3,flower,red-clover,0,400,233,26000,0,1695671
-39538060,-57238204,1368917,3,grass,timothy,0,900,201,24000,0,1695751
-39534972,-57238080,1369033,3,grass,sword-fern,0,1200,253,24000,0,1695635
-39534047,-57237833,1369116,3,grass,hair-cap-moss,1,240,232,24000,0,1695552
-39530854,-57238292,1368946,3,flower,large-trillium,0,350,243,24000,0,1695722
-39791395,-57237222,1440818,3,grass,wood-sedge,0,500,74,124000,0,1529734
-39791108,-57237394,1440805,3,grass,wood-sedge,0,500,77,124000,0,1529747
-39790176,-57237126,1440755,3,grass,jungle-groundcover,0,800,92,124000,0,1529797
-39782724,-57236985,1439893,3,grass,wood-sedge,0,500,234,116000,0,1530659
-39778278,-57237585,1438861,3,flower,prairie-lupine,0,900,373,110000,0,1531691
-39777486,-57236862,1438708,3,grass,male-fern,0,1200,382,110000,0,1531844
-39776262,-57237191,1438324,3,grass,wood-sedge,0,500,390,110000,0,1532228
-39773783,-57237387,1437596,3,grass,feather-moss,0,220,461,110000,0,1532956
-39773199,-57237250,1437437,3,bush,salal,0,1200,476,110000,0,1533115
-39769569,-57236972,1435753,3,bush,salal,0,1200,655,102000,0,1534799
-39735216,-57237079,1419001,3,bush,salal,0,1200,481,76000,0,1551551
-39734221,-57237427,1418615,3,bush,salal,0,1200,472,70000,0,1551937
-39722490,-57237437,1414834,3,bush,salal,0,1200,445,62000,0,1555718
-39721127,-57237545,1414410,3,bush,salal,0,1200,447,62000,0,1556142
-39719391,-57237538,1413933,3,grass,timothy,0,900,342,56000,0,1603677
-39694368,-57237423,1387694,3,grass,woolly-fringe-moss,0,220,635,36000,0,1629916
-39677442,-57237405,1378164,3,bush,salal,0,1200,726,26000,0,1639446
-39672558,-57236878,1376781,3,bush,salal,0,1200,696,18000,0,1640829
-39666420,-57237324,1375323,3,flower,harebell,0,350,472,10000,0,1642287
-39663300,-57237279,1374991,3,grass,male-fern,0,1200,417,10000,0,1642619
-39654135,-57237180,1374739,3,grass,ribwort-plantain,0,300,353,2000,0,1642871
-39651048,-57237067,1374547,3,grass,brook-moss-cushion,1,220,394,0,0,1643063
-39646508,-57236959,1374475,3,grass,feather-moss,0,220,454,0,0,1643135
-39646086,-57237360,1374317,3,bush,salal,0,1200,475,0,0,1643293
-39645065,-57237211,1374426,3,bush,salal,0,1200,501,0,0,1643184
-39642794,-57237442,1374506,3,grass,meadow-grass,0,450,521,4000,0,1643104
-39639704,-57237298,1374603,3,bush,salal,0,1200,580,4000,0,1643007
-39626767,-57237458,1372286,3,bush,salal,0,1200,773,20000,0,1645324
-39623071,-57236871,1371911,3,bush,salal,0,1200,784,20000,0,1645699
-39621892,-57237383,1371464,3,grass,meadow-grass,0,450,504,28000,0,1646146
-39621477,-57237573,1371346,3,flower,oxeye-daisy,0,700,384,28000,0,1646264
-39618595,-57237326,1372072,3,grass,meadow-grass,0,450,454,28000,0,1645538
-39616849,-57237269,1372435,3,grass,meadow-grass,0,450,421,28000,0,1645175
-39616160,-57237565,1372476,3,grass,meadow-grass,0,450,390,28000,0,1645134
-39613986,-57236980,1373029,3,grass,timothy,0,900,390,34000,0,1644581
-39609261,-57237579,1373129,3,grass,woolly-fringe-moss,0,220,514,34000,0,1644481
-39601992,-57237265,1373359,3,grass,meadow-grass,0,450,452,42000,0,1644251
-39597723,-57237152,1372749,3,grass,meadow-grass,0,450,520,40000,0,1691919
-39597251,-57237069,1372651,3,grass,meadow-grass,0,450,528,40000,0,1692017
-39596264,-57236890,1372481,3,grass,woolly-fringe-moss,0,220,575,40000,0,1692187
-39594804,-57237356,1371820,3,grass,meadow-grass,0,450,544,40000,0,1692848
-39591720,-57237062,1371185,3,grass,sword-fern,0,1200,401,36000,0,1693483
-39590765,-57237494,1370912,3,grass,meadow-grass,0,450,351,36000,0,1693756
-39586482,-57237132,1370449,3,grass,lady-fern,1,900,300,36000,0,1694219
-39580927,-57237059,1369975,3,grass,feather-moss,0,220,204,32000,0,1694693
-39578458,-57237431,1369787,3,grass,cocksfoot,0,1000,169,32000,0,1694881
-39578370,-57237349,1369795,3,grass,feather-moss,0,220,168,32000,0,1694873
-39571183,-57236829,1369509,3,grass,timothy,0,900,217,30000,0,1695159
-39569669,-57237358,1369348,3,grass,male-fern,0,1200,181,28000,0,1695320
-39565484,-57237266,1369101,3,grass,bilberry-mat,0,400,202,28000,0,1695567
-39561058,-57236816,1368949,3,flower,oxeye-daisy,0,700,155,26000,0,1695719
-39559936,-57237402,1368847,3,flower,primrose,0,240,154,26000,0,1695821
-39556849,-57236845,1368915,3,grass,understory-fern,0,900,146,26000,0,1695753
-39556714,-57236905,1368902,3,grass,feather-moss,0,220,147,26000,0,1695766
-39555627,-57237367,1368864,3,grass,meadow-grass,0,450,160,26000,0,1695804
-39551598,-57237314,1369087,3,grass,sedge-tussock,1,600,252,26000,0,1695581
-39551070,-57236894,1369212,3,flower,impatiens,1,350,250,26000,0,1695456
-39547427,-57236923,1369417,3,grass,wood-sedge,0,500,235,26000,0,1695251
-39545438,-57237483,1369257,3,bush,salal,0,1200,255,26000,0,1695411
-39542468,-57237213,1369082,3,flower,meadow-daisy,0,420,249,26000,0,1695586
-39539771,-57237513,1369018,3,flower,herb-robert,0,350,185,24000,0,1695650
-39538883,-57237233,1369074,3,grass,jungle-groundcover,0,800,186,24000,0,1695594
-39790384,-57236599,1440788,3,flower,fireweed,0,1200,84,124000,0,1529764
-39786773,-57236074,1440482,3,grass,jungle-groundcover,0,800,112,116000,0,1530070
-39784897,-57236786,1440232,3,flower,cowslip,0,300,169,116000,0,1530320
-39783131,-57236582,1439959,3,grass,feather-moss,0,220,213,116000,0,1530593
-39780250,-57236614,1439462,3,flower,herb-robert,0,350,323,116000,0,1531090
-39778164,-57236790,1438895,3,flower,herb-robert,0,350,374,110000,0,1531657
-39771169,-57236652,1436734,3,bush,salal,0,1200,573,102000,0,1533818
-39760376,-57236581,1431721,3,bush,salal,0,1200,789,96000,0,1538831
-39757840,-57236683,1430615,3,bush,salal,0,1200,788,96000,0,1539937
-39757389,-57236057,1430767,3,bush,salal,0,1200,776,90000,0,1539785
-39734350,-57236559,1418805,3,grass,moss-cushion,0,220,467,70000,0,1551747
-39731912,-57236644,1418019,3,bush,salal,0,1200,418,70000,0,1552533
-39730227,-57236166,1417627,3,flower,herb-robert,0,350,409,70000,0,1552925
-39720152,-57236111,1414154,3,grass,male-fern,0,1200,388,62000,0,1556398
-39718707,-57236357,1413739,3,flower,herb-robert,0,350,360,56000,0,1603871
-39697079,-57236298,1389097,3,bush,salal,0,1200,667,36000,0,1628513
-39670836,-57236410,1376723,3,bush,salal,0,1200,658,18000,0,1640887
-39668475,-57236508,1376123,3,bush,salal,0,1200,578,18000,0,1641487
-39667982,-57236469,1376048,3,grass,meadow-grass,0,450,552,18000,0,1641562
-39662853,-57236779,1375115,3,grass,lady-fern,1,900,415,10000,0,1642495
-39660491,-57236782,1374991,3,bush,salal,0,1200,363,10000,0,1642619
-39658575,-57236622,1374971,3,flower,herb-robert,0,350,347,2000,0,1642639
-39656128,-57236515,1374973,3,flower,jungle-understory-flower,0,750,341,2000,0,1642637
-39655257,-57236536,1374943,3,grass,understory-fern,0,900,364,2000,0,1642667
-39648169,-57236030,1374865,3,grass,brook-moss-cushion,1,220,440,0,0,1642745
-39647346,-57236114,1374829,3,flower,harebell,0,350,459,0,0,1642781
-39643666,-57236534,1374818,3,grass,feather-moss,0,220,516,4000,0,1642792
-39641718,-57236451,1375088,3,bush,salal,0,1200,529,4000,0,1642522
-39639202,-57236502,1374968,3,bush,salal,0,1200,575,4000,0,1642642
-39635069,-57236008,1374856,3,bush,salal,0,1200,697,12000,0,1642754
-39621915,-57236773,1371796,3,bush,salal,0,1200,685,28000,0,1645814
-39606854,-57236145,1373999,3,bush,salal,0,1200,507,42000,0,1643611
-39604838,-57236590,1373817,3,grass,moss-cushion,0,220,507,42000,0,1643793
-39604719,-57236743,1373701,3,grass,meadow-grass,0,450,499,42000,0,1643909
-39602457,-57236760,1373540,3,bush,salal,0,1200,442,42000,0,1644070
-39599212,-57236179,1373457,3,grass,meadow-grass,0,450,514,40000,0,1691211
-39597315,-57236491,1372866,3,grass,meadow-grass,0,450,521,40000,0,1691802
-39589276,-57236177,1370929,3,flower,herb-robert,0,350,336,36000,0,1693739
-39588577,-57236142,1370852,3,flower,cowslip,0,300,315,36000,0,1693816
-39586934,-57236192,1370698,3,grass,moss-cushion,0,220,316,36000,0,1693970
-39579389,-57236318,1369973,3,grass,wood-sedge,0,500,181,32000,0,1694695
-39578041,-57236051,1369944,3,grass,jungle-groundcover,0,800,173,32000,0,1694724
-39577247,-57236415,1369838,3,flower,herb-robert,0,350,170,30000,0,1694830
-39575170,-57236757,1369682,3,grass,male-fern,0,1200,168,30000,0,1694986
-39574155,-57236499,1369705,3,grass,jungle-groundcover,0,800,181,30000,0,1694963
-39570958,-57236515,1369539,3,flower,cowslip,0,300,221,30000,0,1695129
-39567462,-57236376,1369354,3,grass,sword-fern,0,1200,199,28000,0,1695314
-39565927,-57236059,1369300,3,grass,understory-fern,0,900,185,28000,0,1695368
-39564901,-57236342,1369193,3,grass,ribwort-plantain,0,300,190,28000,0,1695475
-39564021,-57236389,1369138,3,grass,hair-cap-moss,1,240,191,28000,0,1695530
-39563641,-57236077,1369152,3,grass,harts-tongue-fern,1,500,184,28000,0,1695516
-39562467,-57236517,1369036,3,grass,harts-tongue-fern,1,500,181,26000,0,1695632
-39559359,-57236439,1368959,3,flower,meadow-daisy,0,420,138,26000,0,1695709
-39557192,-57236443,1368964,3,grass,hair-cap-moss,1,240,139,26000,0,1695704
-39555319,-57236545,1368985,3,flower,primrose,0,240,172,26000,0,1695683
-39554804,-57236657,1368984,3,flower,red-campion,0,700,186,26000,0,1695684
-39552536,-57236563,1369129,3,grass,wood-horsetail,1,500,244,26000,0,1695539
-39538000,-57236231,1369277,3,grass,ivy-ground-layer,0,220,266,24000,0,1695391
-39536613,-57236374,1369332,3,grass,sword-fern,0,1200,290,24000,0,1695336
-39533244,-57236588,1369394,3,grass,ivy-ground-layer,0,220,229,24000,0,1695274
-39532068,-57236030,1369476,3,grass,feather-moss,0,220,251,24000,0,1695192
-39791191,-57235324,1440831,3,grass,wood-sedge,0,500,64,124000,0,1529721
-39789757,-57235767,1440758,3,grass,feather-moss,0,220,75,124000,0,1529794
-39786137,-57235876,1440419,3,flower,common-knapweed,0,800,124,116000,0,1530133
-39784113,-57235377,1440159,3,grass,feather-moss,0,220,180,116000,0,1530393
-39783969,-57235455,1440123,3,grass,ivy-ground-layer,0,220,185,116000,0,1530429
-39776491,-57235745,1438486,3,grass,feather-moss,0,220,415,110000,0,1532066
-39771997,-57235885,1437246,3,grass,feather-moss,0,220,523,102000,0,1533306
-39770364,-57235740,1436477,3,bush,salal,0,1200,588,102000,0,1534075
-39768899,-57235311,1435849,3,bush,salal,0,1200,632,102000,0,1534703
-39764380,-57235862,1433632,3,bush,salal,0,1200,741,96000,0,1536920
-39761334,-57235961,1432390,3,bush,salal,0,1200,755,96000,0,1538162
-39755558,-57235278,1430339,3,bush,salal,0,1200,768,90000,0,1540213
-39746727,-57235844,1424809,3,bush,salal,0,1200,695,84000,0,1545743
-39733553,-57235288,1418630,3,grass,moss-cushion,0,220,426,70000,0,1551922
-39731544,-57235484,1418056,3,bush,salal,0,1200,377,70000,0,1552496
-39727177,-57235209,1416743,3,grass,moss-cushion,0,220,363,62000,0,1553809
-39722749,-57235858,1415058,3,flower,herb-robert,0,350,432,62000,0,1555494
-39693256,-57235529,1387164,3,bush,salal,0,1200,609,36000,0,1630446
-39691479,-57235389,1386048,3,bush,salal,0,1200,622,36000,0,1631562
-39691053,-57235448,1385851,3,bush,salal,0,1200,640,36000,0,1631759
-39688797,-57235403,1384502,3,bush,salal,0,1200,747,30000,0,1633108
-39670789,-57235283,1377122,3,bush,salal,0,1200,635,18000,0,1640488
-39668311,-57235606,1376390,3,bush,salal,0,1200,581,18000,0,1641220
-39663414,-57235353,1375611,3,flower,herb-robert,0,350,425,10000,0,1641999
-39655513,-57235804,1375163,3,grass,feather-moss,0,220,356,2000,0,1642447
-39655010,-57235656,1375197,3,flower,yarrow,0,600,364,2000,0,1642413
-39652851,-57235567,1375182,3,flower,red-campion,0,700,374,2000,0,1642428
-39645887,-57235933,1374997,3,bush,salal,0,1200,511,0,0,1642613
-39644757,-57235958,1375040,3,bush,salal,0,1200,511,4000,0,1642570
-39642352,-57235426,1375412,3,grass,meadow-grass,0,450,524,4000,0,1642198
-39641572,-57235726,1375337,3,grass,woolly-fringe-moss,0,220,533,4000,0,1642273
-39605569,-57235874,1374178,3,grass,feather-moss,0,220,442,42000,0,1643432
-39603708,-57235255,1374268,3,grass,moss-cushion,0,220,540,42000,0,1643342
-39602360,-57235527,1373986,3,grass,feather-moss,0,220,473,42000,0,1643624
-39593390,-57235310,1371893,3,bush,salal,0,1200,467,40000,0,1692775
-39587751,-57235497,1370962,3,flower,red-clover,0,400,328,36000,0,1693706
-39586436,-57235459,1370806,3,grass,ribwort-plantain,0,300,348,36000,0,1693862
-39580779,-57235697,1370140,3,flower,harebell,0,350,186,32000,0,1694528
-39576298,-57235753,1369870,3,flower,red-clover,0,400,178,30000,0,1694798
-39574480,-57235497,1369879,3,grass,jungle-groundcover,0,800,170,30000,0,1694789
-39573224,-57235729,1369827,3,grass,wood-horsetail,1,500,201,30000,0,1694841
-39569948,-57235969,1369566,3,grass,hair-cap-moss,1,240,217,28000,0,1695102
-39564312,-57235729,1369224,3,grass,cocksfoot,0,1000,178,28000,0,1695444
-39561031,-57235661,1369088,3,grass,ivy-ground-layer,0,220,153,26000,0,1695580
-39560600,-57235313,1369108,3,grass,moss-cushion,0,220,143,26000,0,1695560
-39555128,-57235784,1369086,3,grass,hair-cap-moss,1,240,182,26000,0,1695582
-39553845,-57235246,1369198,3,grass,hair-cap-moss,1,240,222,26000,0,1695470
-39553283,-57235284,1369246,3,flower,primrose,0,240,238,26000,0,1695422
-39546423,-57235369,1369720,3,grass,ivy-ground-layer,0,220,245,26000,0,1694948
-39543934,-57235457,1369571,3,flower,red-campion,0,700,269,26000,0,1695097
-39532977,-57235518,1369607,3,grass,lady-fern,1,900,250,24000,0,1695061
-39530466,-57235586,1369526,3,flower,oxeye-daisy,0,700,297,24000,0,1695142
-39779305,-57234713,1439271,3,grass,wood-sedge,0,500,309,110000,0,1531281
-39771249,-57234641,1437043,3,flower,herb-robert,0,350,545,102000,0,1533509
-39765987,-57235059,1434614,3,bush,salal,0,1200,728,102000,0,1535938
-39758467,-57235002,1431594,3,bush,salal,0,1200,763,96000,0,1538958
-39744687,-57234697,1423667,3,bush,salal,0,1200,699,84000,0,1546885
-39739368,-57234883,1420783,3,bush,salal,0,1200,599,76000,0,1549769
-39736653,-57234722,1419693,3,flower,herb-robert,0,350,542,76000,0,1550859
-39735098,-57234732,1419152,3,grass,woolly-fringe-moss,0,220,459,76000,0,1551400
-39728711,-57234834,1417262,3,grass,bilberry-mat,0,400,359,70000,0,1553290
-39726205,-57235083,1416441,3,flower,common-knapweed,0,800,361,62000,0,1554111
-39723373,-57234968,1415361,3,flower,oxeye-daisy,0,700,386,62000,0,1555191
-39697188,-57234764,1389369,3,bush,salal,0,1200,685,36000,0,1628241
-39694168,-57235010,1387814,3,bush,salal,0,1200,625,36000,0,1629796
-39691881,-57234780,1386252,3,bush,salal,0,1200,603,36000,0,1631358
-39669699,-57234485,1377079,3,bush,salal,0,1200,598,18000,0,1640531
-39661464,-57234816,1375629,3,grass,harts-tongue-fern,1,500,396,10000,0,1641981
-39658442,-57235165,1375439,3,grass,sedge-tussock,1,600,328,2000,0,1642171
-39657751,-57234470,1375659,3,grass,brook-moss-cushion,1,220,326,2000,0,1641951
-39653217,-57234418,1375489,3,grass,ivy-ground-layer,0,220,386,2000,0,1642121
-39646107,-57234677,1375594,3,bush,salal,0,1200,524,0,0,1642016
-39645378,-57234989,1375459,3,bush,salal,0,1200,516,0,0,1642151
-39643913,-57234929,1375536,3,flower,herb-robert,0,350,500,4000,0,1642074
-39641257,-57234841,1375641,3,grass,moss-cushion,0,220,534,4000,0,1641969
-39637383,-57234442,1375952,3,bush,salal,0,1200,582,12000,0,1641658
-39622968,-57234598,1373493,3,bush,salal,0,1200,765,20000,0,1644117
-39621867,-57235066,1373058,3,bush,salal,0,1200,767,28000,0,1644552
-39620897,-57234942,1372925,3,bush,salal,0,1200,771,28000,0,1644685
-39601638,-57234635,1374292,3,grass,moss-cushion,0,220,479,42000,0,1643318
-39598738,-57234747,1373635,3,flower,herb-robert,0,350,518,40000,0,1691033
-39585527,-57234483,1370903,3,bush,salal,0,1200,370,36000,0,1693765
-39572556,-57235164,1369950,3,grass,bilberry-mat,0,400,216,30000,0,1694718
-39567158,-57234768,1369576,3,grass,ivy-ground-layer,0,220,226,28000,0,1695092
-39564604,-57235194,1369314,3,grass,wood-sedge,0,500,173,28000,0,1695354
-39562498,-57234469,1369259,3,grass,feather-moss,0,220,174,26000,0,1695409
-39559210,-57235042,1369133,3,flower,oxeye-daisy,0,700,122,26000,0,1695535
-39543878,-57234738,1369737,3,grass,sword-fern,0,1200,281,26000,0,1694931
-39543037,-57234942,1369647,3,flower,yarrow,0,600,275,26000,0,1695021
-39532945,-57234750,1369800,3,flower,meadow-daisy,0,420,256,24000,0,1694868
-39787579,-57233766,1440569,3,grass,male-fern,0,1200,89,124000,0,1529983
-39782350,-57233916,1439917,3,flower,oxeye-daisy,0,700,201,116000,0,1530635
-39775273,-57234342,1438253,3,bush,salal,0,1200,390,110000,0,1532299
-39774849,-57234283,1438156,3,flower,herb-robert,0,350,388,110000,0,1532396
-39769845,-57233687,1436658,3,bush,salal,0,1200,541,102000,0,1533894
-39768710,-57233848,1436219,3,bush,salal,0,1200,565,102000,0,1534333
-39760583,-57234267,1432834,3,bush,salal,0,1200,674,96000,0,1537718
-39747112,-57234111,1425160,3,bush,salal,0,1200,733,84000,0,1545392
-39736443,-57233893,1419768,3,grass,feather-moss,0,220,543,76000,0,1550784
-39733979,-57233956,1418882,3,grass,bilberry-mat,0,400,403,70000,0,1551670
-39730961,-57233967,1417958,3,grass,male-fern,0,1200,340,70000,0,1552594
-39728782,-57234384,1417285,3,flower,primrose,0,240,344,70000,0,1553267
-39727853,-57233959,1416989,3,grass,sword-fern,0,1200,336,70000,0,1553563
-39725054,-57234281,1416009,3,flower,common-knapweed,0,800,412,62000,0,1554543
-39724013,-57234238,1415659,3,grass,wood-sedge,0,500,424,62000,0,1554893
-39722518,-57233756,1415076,3,grass,moss-cushion,0,220,555,62000,0,1555476
-39721195,-57234316,1414545,3,bush,salal,0,1200,580,62000,0,1556007
-39719926,-57233998,1413932,3,bush,salal,0,1200,667,56000,0,1603678
-39718477,-57233912,1413466,3,bush,salal,0,1200,616,56000,0,1604144
-39697819,-57234371,1389838,3,bush,salal,0,1200,772,42000,0,1627772
-39689053,-57234128,1384671,3,bush,salal,0,1200,676,30000,0,1632939
-39688716,-57234299,1384581,3,bush,salal,0,1200,689,30000,0,1633029
-39674908,-57234339,1378551,3,bush,salal,0,1200,642,18000,0,1639059
-39670427,-57233764,1377513,3,bush,salal,0,1200,602,18000,0,1640097
-39668928,-57234367,1376882,3,grass,meadow-grass,0,450,577,18000,0,1640728
-39667719,-57234239,1376670,3,bush,salal,0,1200,555,18000,0,1640940
-39660289,-57233877,1375906,3,flower,harebell,0,350,393,10000,0,1641704
-39659165,-57233821,1375884,3,grass,sword-fern,0,1200,364,2000,0,1641726
-39653373,-57233900,1375706,3,grass,sword-fern,0,1200,397,2000,0,1641904
-39651189,-57234194,1375724,3,bush,salal,0,1200,456,0,0,1641886
-39647093,-57234011,1375916,3,bush,salal,0,1200,525,0,0,1641694
-39638753,-57234226,1376041,3,grass,meadow-grass,0,450,535,4000,0,1641569
-39636551,-57233849,1376257,3,bush,salal,0,1200,586,12000,0,1641353
-39618160,-57234244,1373209,3,bush,salal,0,1200,629,28000,0,1644401
-39607270,-57233726,1374898,3,grass,woolly-fringe-moss,0,220,436,42000,0,1642712
-39599761,-57234208,1374075,3,grass,meadow-grass,0,450,516,40000,0,1690593
-39594739,-57233650,1373003,3,bush,salal,0,1200,634,40000,0,1691665
-39592837,-57233690,1372133,3,bush,salal,0,1200,540,40000,0,1692535
-39592413,-57234265,1371888,3,bush,salal,0,1200,442,36000,0,1692780
-39587666,-57234320,1371257,3,grass,meadow-grass,0,450,347,36000,0,1693411
-39586254,-57233771,1371182,3,flower,red-campion,0,700,391,36000,0,1693486
-39582913,-57233610,1370651,3,grass,understory-fern,0,900,265,32000,0,1694017
-39582117,-57233868,1370505,3,grass,moss-cushion,0,220,254,32000,0,1694163
-39581487,-57234057,1370390,3,flower,red-campion,0,700,232,32000,0,1694278
-39576133,-57233856,1370180,3,flower,red-campion,0,700,197,30000,0,1694488
-39571794,-57234238,1370083,3,flower,primrose,0,240,231,30000,0,1694585
-39570356,-57234368,1369920,3,flower,red-campion,0,700,250,30000,0,1694748
-39568471,-57234235,1369769,3,grass,male-fern,0,1200,227,28000,0,1694899
-39564016,-57233863,1369416,3,grass,bilberry-mat,0,400,187,28000,0,1695252
-39555558,-57234305,1369235,3,grass,male-fern,0,1200,190,26000,0,1695433
-39548301,-57233696,1369997,3,grass,hair-cap-moss,1,240,297,26000,0,1694671
-39539882,-57233936,1369663,3,grass,cocksfoot,0,1000,229,24000,0,1695005
-39537687,-57234102,1369708,3,flower,foxglove,0,1500,290,24000,0,1694960
-39536497,-57234022,1369797,3,grass,bilberry-mat,0,400,299,24000,0,1694871
-39535766,-57233861,1369887,3,grass,bilberry-mat,0,400,307,24000,0,1694781
-39532666,-57234233,1369904,3,grass,lady-fern,1,900,259,24000,0,1694764
-39789839,-57233055,1440709,3,flower,common-knapweed,0,800,66,124000,0,1529843
-39787993,-57233232,1440599,3,grass,wood-sedge,0,500,81,124000,0,1529953
-39783501,-57233241,1440133,3,grass,ribwort-plantain,0,300,144,116000,0,1530419
-39782519,-57233443,1439967,3,flower,meadow-daisy,0,420,180,116000,0,1530585
-39780433,-57233261,1439575,3,grass,woolly-fringe-moss,0,220,242,116000,0,1530977
-39775608,-57233270,1438456,3,grass,feather-moss,0,220,361,110000,0,1532096
-39771531,-57233502,1437331,3,grass,feather-moss,0,220,504,102000,0,1533221
-39768816,-57233290,1436361,3,bush,salal,0,1200,553,102000,0,1534191
-39760995,-57233317,1433210,3,bush,salal,0,1200,661,96000,0,1537342
-39759802,-57232918,1432882,3,bush,salal,0,1200,646,96000,0,1537670
-39755759,-57233004,1430937,3,bush,salal,0,1200,737,90000,0,1539615
-39743651,-57233278,1423212,3,bush,salal,0,1200,696,84000,0,1547340
-39733025,-57233241,1418675,3,grass,feather-moss,0,220,361,70000,0,1551877
-39729931,-57233585,1417666,3,grass,male-fern,0,1200,317,70000,0,1552886
-39719563,-57232883,1413679,3,grass,moss-cushion,0,220,524,56000,0,1603931
-39690124,-57233112,1385345,3,bush,salal,0,1200,568,36000,0,1632265
-39670730,-57232966,1377876,3,grass,woolly-fringe-moss,0,220,611,18000,0,1639734
-39668149,-57232939,1377195,3,grass,woolly-fringe-moss,0,220,546,18000,0,1640415
-39666886,-57233034,1376827,3,grass,meadow-grass,0,450,532,10000,0,1640783
-39661829,-57232973,1376300,3,grass,meadow-grass,0,450,426,10000,0,1641310
-39647873,-57233481,1376185,3,bush,salal,0,1200,525,0,0,1641425
-39640094,-57233508,1376279,3,bush,salal,0,1200,531,4000,0,1641331
-39637175,-57233567,1376440,3,grass,moss-cushion,0,220,571,12000,0,1641170
-39636049,-57233222,1376552,3,bush,salal,0,1200,574,12000,0,1641058
-39634034,-57233208,1376435,3,grass,woolly-fringe-moss,0,220,570,12000,0,1641175
-39617390,-57233433,1373696,3,bush,salal,0,1200,668,28000,0,1643914
-39616320,-57232966,1373954,3,bush,salal,0,1200,572,28000,0,1643656
-39613924,-57233087,1374358,3,bush,salal,0,1200,620,34000,0,1643252
-39608967,-57233086,1375160,3,grass,sword-fern,0,1200,379,34000,0,1642450
-39604257,-57233176,1375248,3,flower,herb-robert,0,350,550,42000,0,1642362
-39602126,-57233162,1374891,3,flower,herb-robert,0,350,496,42000,0,1642719
-39601352,-57232998,1374835,3,grass,meadow-grass,0,450,505,42000,0,1642775
-39600431,-57233368,1374477,3,grass,woolly-fringe-moss,0,220,512,42000,0,1643133
-39596005,-57233170,1373667,3,bush,salal,0,1200,567,40000,0,1691001
-39588777,-57233415,1371626,3,bush,salal,0,1200,418,36000,0,1693042
-39586189,-57233185,1371278,3,grass,moss-cushion,0,220,408,36000,0,1693390
-39583793,-57233185,1370816,3,flower,primrose,0,240,293,32000,0,1693852
-39582727,-57233162,1370695,3,flower,large-trillium,0,350,268,32000,0,1693973
-39580476,-57233131,1370408,3,flower,primrose,0,240,219,32000,0,1694260
-39575352,-57233001,1370290,3,grass,sword-fern,0,1200,182,30000,0,1694378
-39564272,-57233080,1369544,3,grass,jungle-groundcover,0,800,199,28000,0,1695124
-39563834,-57233043,1369518,3,flower,primrose,0,240,198,28000,0,1695150
-39559981,-57233073,1369420,3,grass,hair-cap-moss,1,240,165,26000,0,1695248
-39557347,-57233594,1369329,3,grass,wood-sedge,0,500,159,26000,0,1695339
-39556573,-57233346,1369348,3,grass,cocksfoot,0,1000,180,26000,0,1695320
-39547545,-57233194,1370158,3,grass,understory-fern,0,900,264,26000,0,1694510
-39543429,-57233066,1370142,3,grass,ivy-ground-layer,0,220,305,26000,0,1694526
-39540628,-57233097,1369887,3,grass,lady-fern,1,900,241,26000,0,1694781
-39534088,-57233297,1370132,3,grass,ivy-ground-layer,0,220,253,24000,0,1694536
-39787757,-57232743,1440582,3,grass,ribwort-plantain,0,300,91,124000,0,1529970
-39787136,-57232393,1440525,3,grass,male-fern,0,1200,114,120000,0,1530027
-39779527,-57232745,1439424,3,grass,sword-fern,0,1200,253,110000,0,1531128
-39778812,-57232429,1439294,3,flower,cowslip,0,300,266,114000,0,1531258
-39778216,-57232301,1439169,3,grass,ribwort-plantain,0,300,286,114000,0,1531383
-39774959,-57232193,1438360,3,bush,salal,0,1200,355,114000,0,1532192
-39769661,-57232383,1436761,3,grass,moss-cushion,0,220,531,106000,0,1533791
-39765879,-57232566,1435250,3,bush,salal,0,1200,616,102000,0,1535302
-39760826,-57232301,1433421,3,bush,salal,0,1200,653,100000,0,1537131
-39745727,-57232484,1424579,3,bush,salal,0,1200,747,86000,0,1545973
-39735541,-57232376,1419624,3,grass,woolly-fringe-moss,0,220,498,78000,0,1550928
-39734229,-57232362,1419145,3,grass,moss-cushion,0,220,407,72000,0,1551407
-39732556,-57232084,1418509,3,grass,moss-cushion,0,220,354,72000,0,1552043
-39729660,-57232095,1417551,3,grass,ribwort-plantain,0,300,380,72000,0,1553001
-39720024,-57232460,1413693,3,bush,salal,0,1200,452,66000,0,1556859
-39719775,-57232653,1413674,3,bush,salal,0,1200,494,56000,0,1603936
-39684897,-57232023,1384252,3,bush,salal,0,1200,640,32000,0,1633358
-39675710,-57232054,1379425,3,bush,salal,0,1200,745,26000,0,1638185
-39662917,-57232676,1376456,3,grass,feather-moss,0,220,446,10000,0,1641154
-39657456,-57232477,1376317,3,grass,ribwort-plantain,0,300,389,2000,0,1641293
-39654460,-57232490,1376227,3,grass,meadow-grass,0,450,430,2000,0,1641383
-39638196,-57232164,1377110,3,grass,woolly-fringe-moss,0,220,512,4000,0,1640500
-39636648,-57232638,1376887,3,bush,salal,0,1200,561,12000,0,1640723
-39631706,-57232171,1376764,3,bush,salal,0,1200,650,12000,0,1640846
-39616320,-57232547,1374202,3,grass,meadow-grass,0,450,544,28000,0,1643408
-39615762,-57232199,1374348,3,grass,meadow-grass,0,450,524,28000,0,1643262
-39577892,-57232554,1370432,3,grass,ivy-ground-layer,0,220,173,32000,0,1694236
-39575379,-57232011,1370467,3,flower,primrose,0,240,183,36000,0,1694201
-39572125,-57232526,1370368,3,grass,meadow-grass,0,450,208,30000,0,1694300
-39570125,-57232763,1370163,3,grass,sword-fern,0,1200,233,30000,0,1694505
-39568864,-57232251,1370111,3,flower,red-clover,0,400,217,34000,0,1694557
-39558152,-57232239,1369525,3,flower,cowslip,0,300,128,34000,0,1695143
-39556153,-57232532,1369478,3,grass,lady-fern,1,900,186,26000,0,1695190
-39554991,-57232597,1369541,3,grass,sword-fern,0,1200,220,26000,0,1695127
-39549536,-57232139,1370194,3,flower,oxeye-daisy,0,700,319,32000,0,1694474
-39547006,-57232621,1370285,3,flower,red-campion,0,700,244,26000,0,1694383
-39543371,-57232514,1370238,3,grass,jungle-groundcover,0,800,294,26000,0,1694430
-39542230,-57232191,1370204,3,flower,herb-robert,0,350,274,32000,0,1694464
-39534819,-57232601,1370221,3,flower,red-campion,0,700,275,24000,0,1694447
-39531703,-57232701,1370196,3,bush,salal,0,1200,256,24000,0,1694472
-39530687,-57232653,1370135,3,grass,bilberry-mat,0,400,287,24000,0,1694533
-39790624,-57231734,1440692,3,grass,male-fern,0,1200,88,126000,0,1529860
-39786751,-57231640,1440471,3,grass,ivy-ground-layer,0,220,137,120000,0,1530081
-39784249,-57231576,1440182,3,bush,salal,0,1200,152,120000,0,1530370
-39780037,-57231801,1439574,3,grass,moss-cushion,0,220,204,120000,0,1530978
-39776897,-57231396,1438926,3,grass,timothy,0,900,314,114000,0,1531626
-39775223,-57231278,1438534,3,grass,ivy-ground-layer,0,220,348,114000,0,1532018
-39771069,-57231367,1437409,3,bush,salal,0,1200,439,106000,0,1533143
-39767713,-57231717,1436213,3,bush,salal,0,1200,573,106000,0,1534339
-39766308,-57231210,1435732,3,grass,woolly-fringe-moss,0,220,583,106000,0,1534820
-39764337,-57231398,1434851,3,bush,salal,0,1200,607,100000,0,1535701
-39760176,-57231393,1433269,3,bush,salal,0,1200,648,100000,0,1537283
-39737236,-57231815,1420329,3,bush,salal,0,1200,522,78000,0,1550223
-39732558,-57231267,1418540,3,grass,moss-cushion,0,220,415,72000,0,1552012
-39730127,-57231651,1417721,3,grass,jungle-groundcover,0,800,403,72000,0,1552831
-39728385,-57231522,1417116,3,bush,salal,0,1200,453,72000,0,1553436
-39719793,-57231831,1413636,3,bush,salal,0,1200,642,58000,0,1603974
-39690412,-57231243,1386061,3,bush,salal,0,1200,555,40000,0,1631549
-39689820,-57231206,1385903,3,bush,salal,0,1200,575,32000,0,1631707
-39688737,-57231946,1385355,3,flower,herb-robert,0,350,561,32000,0,1632255
-39675313,-57231744,1379476,3,bush,salal,0,1200,705,26000,0,1638134
-39673379,-57231583,1379032,3,bush,salal,0,1200,580,18000,0,1638578
-39666468,-57231982,1377142,3,bush,salal,0,1200,524,10000,0,1640468
-39665495,-57231849,1377019,3,flower,herb-robert,0,350,501,10000,0,1640591
-39662742,-57231809,1376759,3,bush,salal,0,1200,464,10000,0,1640851
-39660661,-57231427,1376836,3,grass,sword-fern,0,1200,432,10000,0,1640774
-39651117,-57231646,1376819,3,grass,feather-moss,0,220,485,0,0,1640791
-39647313,-57231235,1377256,3,grass,feather-moss,0,220,531,0,0,1640354
-39646594,-57231716,1376989,3,bush,salal,0,1200,552,0,0,1640621
-39641509,-57231289,1377598,3,bush,salal,0,1200,521,4000,0,1640012
-39639454,-57231488,1377457,3,grass,meadow-grass,0,450,495,4000,0,1640153
-39636830,-57231608,1377299,3,bush,salal,0,1200,536,12000,0,1640311
-39636495,-57231300,1377470,3,flower,herb-robert,0,350,538,12000,0,1640140
-39632357,-57231219,1377194,3,bush,salal,0,1200,551,12000,0,1640416
-39631958,-57231984,1376901,3,bush,salal,0,1200,606,12000,0,1640709
-39622377,-57231914,1375282,3,bush,salal,0,1200,824,28000,0,1642328
-39615547,-57231511,1374591,3,grass,woolly-fringe-moss,0,220,525,28000,0,1643019
-39609525,-57231422,1375707,3,grass,woolly-fringe-moss,0,220,545,34000,0,1641903
-39601709,-57231397,1375297,3,grass,moss-cushion,0,220,528,42000,0,1642313
-39598404,-57231204,1374604,3,bush,salal,0,1200,547,46000,0,1690064
-39593865,-57231938,1373043,3,bush,salal,0,1200,620,46000,0,1691625
-39588319,-57231490,1372000,3,grass,meadow-grass,0,450,442,42000,0,1692668
-39586943,-57231268,1371790,3,flower,herb-robert,0,350,398,42000,0,1692878
-39584948,-57231395,1371362,3,grass,hair-cap-moss,1,240,411,40000,0,1693306
-39583075,-57231970,1370949,3,flower,common-knapweed,0,800,289,40000,0,1693719
-39579135,-57231973,1370563,3,grass,ivy-ground-layer,0,220,191,40000,0,1694105
-39577091,-57231667,1370604,3,grass,meadow-grass,0,450,195,36000,0,1694064
-39572763,-57231612,1370526,3,bush,salal,0,1200,211,36000,0,1694142
-39567265,-57231311,1370076,3,flower,herb-robert,0,350,223,34000,0,1694592
-39563404,-57231381,1369737,3,grass,wood-sedge,0,500,171,34000,0,1694931
-39556908,-57231530,1369609,3,flower,yarrow,0,600,142,34000,0,1695059
-39555670,-57231871,1369600,3,grass,bilberry-mat,0,400,183,34000,0,1695068
-39551396,-57231351,1370104,3,grass,male-fern,0,1200,299,32000,0,1694564
-39550601,-57231492,1370182,3,grass,bilberry-mat,0,400,312,32000,0,1694486
-39548763,-57231280,1370445,3,grass,hair-cap-moss,1,240,322,32000,0,1694223
-39546481,-57231223,1370595,3,grass,moss-cushion,0,220,220,32000,0,1694073
-39540900,-57231643,1370193,3,grass,lady-fern,1,900,225,32000,0,1694475
-39539197,-57231402,1370219,3,grass,moss-cushion,0,220,208,32000,0,1694449
-39535489,-57231609,1370388,3,flower,herb-robert,0,350,259,32000,0,1694280
-39533728,-57231898,1370443,3,grass,sword-fern,0,1200,199,32000,0,1694225
-39532468,-57231620,1370467,3,flower,red-campion,0,700,202,30000,0,1694201
-39791211,-57230843,1440629,3,grass,wood-sedge,0,500,88,126000,0,1529923
-39790847,-57231052,1440641,3,grass,jungle-groundcover,0,800,89,126000,0,1529911
-39787561,-57231199,1440528,3,flower,primrose,0,240,122,126000,0,1530024
-39781783,-57230917,1439866,3,grass,understory-fern,0,900,149,120000,0,1530686
-39777191,-57230417,1439053,3,flower,birdsfoot-trefoil,0,250,262,114000,0,1531499
-39773251,-57230573,1438067,3,grass,feather-moss,0,220,331,114000,0,1532485
-39770828,-57230700,1437381,3,grass,cocksfoot,0,1000,417,106000,0,1533171
-39769583,-57230551,1437036,3,grass,woolly-fringe-moss,0,220,470,106000,0,1533516
-39767678,-57230818,1436307,3,flower,herb-robert,0,350,568,106000,0,1534245
-39761593,-57230417,1433996,3,bush,salal,0,1200,663,100000,0,1536556
-39745938,-57230962,1424735,3,bush,salal,0,1200,756,86000,0,1545817
-39744133,-57231173,1423747,3,bush,salal,0,1200,718,86000,0,1546805
-39741066,-57230467,1422047,3,bush,salal,0,1200,616,78000,0,1548505
-39738021,-57230490,1420598,3,flower,herb-robert,0,350,500,78000,0,1549954
-39734904,-57230513,1419509,3,grass,woolly-fringe-moss,0,220,481,72000,0,1551043
-39732419,-57230477,1418479,3,flower,herb-robert,0,350,483,72000,0,1552073
-39730450,-57230558,1417750,3,grass,moss-cushion,0,220,516,72000,0,1552802
-39730258,-57230815,1417713,3,grass,moss-cushion,0,220,486,72000,0,1552839
-39726798,-57230902,1416507,3,grass,moss-cushion,0,220,548,66000,0,1554045
-39721270,-57230436,1414182,3,flower,herb-robert,0,350,467,66000,0,1556370
-39695368,-57230952,1388486,3,grass,meadow-grass,0,450,539,40000,0,1629124
-39691538,-57230898,1386493,3,grass,meadow-grass,0,450,540,40000,0,1631117
-39688257,-57230948,1385572,3,grass,meadow-grass,0,450,577,32000,0,1632038
-39687957,-57230671,1385574,3,bush,salal,0,1200,577,32000,0,1632036
-39685831,-57230798,1384862,3,bush,salal,0,1200,587,32000,0,1632748
-39685091,-57230614,1384660,3,bush,salal,0,1200,593,32000,0,1632950
-39682878,-57230828,1383773,3,bush,salal,0,1200,753,32000,0,1633837
-39674258,-57230681,1379551,3,bush,salal,0,1200,579,18000,0,1638059
-39666634,-57231070,1377579,3,flower,herb-robert,0,350,539,10000,0,1640031
-39664775,-57230672,1377503,3,flower,herb-robert,0,350,488,10000,0,1640107
-39661902,-57230824,1377184,3,grass,meadow-grass,0,450,472,10000,0,1640426
-39657649,-57230782,1376937,3,grass,cocksfoot,0,1000,428,2000,0,1640673
-39655582,-57231190,1376844,3,grass,feather-moss,0,220,466,2000,0,1640766
-39653241,-57230615,1377106,3,grass,brook-moss-cushion,1,220,478,2000,0,1640504
-39652722,-57230999,1377004,3,grass,feather-moss,0,220,478,2000,0,1640606
-39648612,-57231099,1377424,3,grass,moss-cushion,0,220,527,0,0,1640186
-39646758,-57231109,1377236,3,grass,meadow-grass,0,450,544,0,0,1640374
-39645837,-57230503,1377550,3,grass,meadow-grass,0,450,552,0,0,1640060
-39645051,-57230576,1377610,3,grass,feather-moss,0,220,544,0,0,1640000
-39641025,-57230795,1377908,3,flower,harebell,0,350,491,4000,0,1639702
-39634489,-57231085,1377355,3,bush,salal,0,1200,569,12000,0,1640255
-39633563,-57230869,1377423,3,flower,herb-robert,0,350,562,12000,0,1640187
-39615843,-57230675,1374757,3,bush,salal,0,1200,673,28000,0,1642853
-39614486,-57230984,1374815,3,bush,salal,0,1200,627,34000,0,1642795
-39606524,-57230614,1376202,3,grass,feather-moss,0,220,453,42000,0,1641408
-39604900,-57231169,1375951,3,grass,moss-cushion,0,220,548,42000,0,1641659
-39603363,-57230639,1375827,3,grass,woolly-fringe-moss,0,220,561,42000,0,1641783
-39602423,-57231089,1375536,3,bush,salal,0,1200,536,42000,0,1642074
-39600956,-57230496,1375260,3,grass,feather-moss,0,220,534,42000,0,1642350
-39590187,-57231161,1372462,3,flower,herb-robert,0,350,462,42000,0,1692206
-39585375,-57230559,1371585,3,flower,herb-robert,0,350,417,42000,0,1693083
-39583643,-57231020,1371215,3,grass,bilberry-mat,0,400,325,40000,0,1693453
-39582119,-57231024,1371000,3,grass,sword-fern,0,1200,273,40000,0,1693668
-39580297,-57230848,1370856,3,grass,ribwort-plantain,0,300,226,40000,0,1693812
-39576812,-57230884,1370776,3,grass,bilberry-mat,0,400,219,36000,0,1693892
-39573608,-57230854,1370687,3,grass,hair-cap-moss,1,240,204,36000,0,1693981
-39573156,-57230652,1370701,3,grass,ivy-ground-layer,0,220,222,36000,0,1693967
-39568964,-57231183,1370278,3,flower,large-trillium,0,350,235,34000,0,1694390
-39567425,-57230932,1370161,3,grass,male-fern,0,1200,235,34000,0,1694507
-39563340,-57230649,1369826,3,grass,lady-fern,1,900,173,34000,0,1694842
-39562938,-57231152,1369741,3,grass,hair-cap-moss,1,240,167,34000,0,1694927
-39557167,-57230944,1369689,3,flower,red-clover,0,400,144,34000,0,1694979
-39556429,-57230868,1369711,3,grass,timothy,0,900,163,34000,0,1694957
-39555806,-57230482,1369792,3,grass,lady-fern,1,900,192,34000,0,1694876
-39554574,-57230664,1369855,3,grass,wood-sedge,0,500,231,32000,0,1694813
-39553676,-57230583,1369946,3,grass,woolly-fringe-moss,0,220,266,32000,0,1694722
-39552069,-57230469,1370127,3,grass,wood-sedge,0,500,305,32000,0,1694541
-39550208,-57230473,1370381,3,grass,wood-sedge,0,500,336,32000,0,1694287
-39547049,-57230468,1370762,3,grass,bilberry-mat,0,400,262,32000,0,1693906
-39543294,-57230403,1370585,3,flower,red-clover,0,400,291,32000,0,1694083
-39539222,-57230478,1370432,3,grass,bilberry-mat,0,400,176,32000,0,1694236
-39537719,-57231065,1370350,3,grass,ivy-ground-layer,0,220,206,32000,0,1694318
-39535497,-57230822,1370549,3,grass,cocksfoot,0,1000,248,32000,0,1694119
-39787336,-57230213,1440473,3,grass,ivy-ground-layer,0,220,117,120000,0,1530079
-39784056,-57229801,1440094,3,grass,feather-moss,0,220,126,120000,0,1530458
-39779666,-57230232,1439575,3,bush,salal,0,1200,165,114000,0,1530977
-39777114,-57230023,1439071,3,grass,male-fern,0,1200,244,114000,0,1531481
-39773001,-57230234,1438032,3,grass,moss-cushion,0,220,330,114000,0,1532520
-39769616,-57230051,1437085,3,bush,salal,0,1200,433,106000,0,1533467
-39763234,-57229790,1434789,3,bush,salal,0,1200,642,100000,0,1535763
-39759941,-57229916,1433459,3,bush,salal,0,1200,667,100000,0,1537093
-39739021,-57230094,1421071,3,grass,moss-cushion,0,220,532,78000,0,1549481
-39736466,-57230264,1420108,3,flower,herb-robert,0,350,504,78000,0,1550444
-39735285,-57230273,1419622,3,bush,salal,0,1200,510,78000,0,1550930
-39732968,-57230242,1418653,3,bush,salal,0,1200,504,72000,0,1551899
-39697471,-57230183,1389312,3,bush,salal,0,1200,651,40000,0,1628298
-39695656,-57229724,1388492,3,bush,salal,0,1200,556,40000,0,1629118
-39692325,-57230017,1386989,3,bush,salal,0,1200,583,40000,0,1630621
-39690016,-57230183,1386364,3,bush,salal,0,1200,515,40000,0,1631246
-39687677,-57229964,1385649,3,bush,salal,0,1200,572,32000,0,1631961
-39683839,-57229706,1384542,3,bush,salal,0,1200,580,32000,0,1633068
-39669850,-57229819,1378579,3,bush,salal,0,1200,573,18000,0,1639031
-39643761,-57230197,1377905,3,bush,salal,0,1200,503,4000,0,1639705
-39631448,-57230341,1377561,3,bush,salal,0,1200,616,12000,0,1640049
-39630749,-57230141,1377732,3,bush,salal,0,1200,660,12000,0,1639878
-39628494,-57229728,1377707,3,bush,salal,0,1200,756,20000,0,1639903
-39627793,-57229851,1377564,3,bush,salal,0,1200,827,20000,0,1640046
-39616236,-57229695,1375442,3,bush,salal,0,1200,902,28000,0,1642168
-39615762,-57229944,1375100,3,bush,salal,0,1200,792,28000,0,1642510
-39612669,-57230370,1375476,3,bush,salal,0,1200,570,34000,0,1642134
-39609407,-57230312,1376129,3,bush,salal,0,1200,549,34000,0,1641481
-39600415,-57230186,1375221,3,grass,woolly-fringe-moss,0,220,537,42000,0,1642389
-39598966,-57229843,1375028,3,flower,herb-robert,0,350,529,46000,0,1689640
-39596564,-57230372,1374426,3,grass,moss-cushion,0,220,572,46000,0,1690242
-39589754,-57229989,1372740,3,flower,herb-robert,0,350,492,42000,0,1691928
-39586436,-57230102,1371900,3,grass,ivy-ground-layer,0,220,406,42000,0,1692768
-39586354,-57229661,1371960,3,grass,lady-fern,1,900,418,42000,0,1692708
-39582406,-57229900,1371260,3,grass,hair-cap-moss,1,240,312,40000,0,1693408
-39575332,-57229811,1370957,3,flower,birdsfoot-trefoil,0,250,245,36000,0,1693711
-39570991,-57229648,1370695,3,grass,moss-cushion,0,220,264,36000,0,1693973
-39569753,-57229892,1370561,3,grass,lady-fern,1,900,256,34000,0,1694107
-39567365,-57230301,1370253,3,grass,timothy,0,900,251,34000,0,1694415
-39563112,-57229851,1369932,3,grass,bilberry-mat,0,400,188,34000,0,1694736
-39556308,-57230139,1369818,3,grass,ivy-ground-layer,0,220,185,34000,0,1694850
-39555438,-57229664,1369943,3,grass,male-fern,0,1200,226,34000,0,1694725
-39550865,-57229899,1370386,3,grass,feather-moss,0,220,348,32000,0,1694282
-39545406,-57230320,1370771,3,grass,feather-moss,0,220,264,32000,0,1693897
-39542451,-57229858,1370631,3,grass,hair-cap-moss,1,240,294,32000,0,1694037
-39541566,-57229624,1370609,3,grass,bilberry-mat,0,400,265,32000,0,1694059
-39532915,-57229820,1370823,3,grass,meadow-grass,0,450,174,32000,0,1693845
-39789131,-57229576,1440520,3,grass,bilberry-mat,0,400,74,126000,0,1530032
-39785489,-57229211,1440242,3,flower,cowslip,0,300,114,120000,0,1530310
-39784051,-57229501,1440087,3,flower,fireweed,0,1200,120,120000,0,1530465
-39781402,-57229277,1439844,3,grass,ivy-ground-layer,0,220,140,120000,0,1530708
-39778881,-57228883,1439442,3,grass,wood-sedge,0,500,161,114000,0,1531110
-39771916,-57229267,1437806,3,grass,feather-moss,0,220,329,106000,0,1532746
-39770765,-57228887,1437503,3,flower,herb-robert,0,350,344,106000,0,1533049
-39769329,-57228999,1437125,3,flower,herb-robert,0,350,389,106000,0,1533427
-39768299,-57229021,1436804,3,grass,moss-cushion,0,220,459,106000,0,1533748
-39766528,-57228946,1436276,3,flower,herb-robert,0,350,538,106000,0,1534276
-39760656,-57229466,1433838,3,bush,salal,0,1200,680,100000,0,1536714
-39756644,-57229161,1431958,3,bush,salal,0,1200,683,92000,0,1538594
-39740292,-57229423,1421760,3,bush,salal,0,1200,582,78000,0,1548792
-39739333,-57229072,1421258,3,flower,herb-robert,0,350,541,78000,0,1549294
-39736025,-57229264,1419871,3,bush,salal,0,1200,580,78000,0,1550681
-39726189,-57229178,1415850,3,bush,salal,0,1200,742,66000,0,1554702
-39724662,-57229181,1415031,3,bush,salal,0,1200,755,66000,0,1555521
-39697204,-57229412,1389247,3,bush,salal,0,1200,673,40000,0,1628363
-39695996,-57228917,1388648,3,bush,salal,0,1200,605,40000,0,1628962
-39693627,-57228969,1387660,3,grass,meadow-grass,0,450,509,40000,0,1629950
-39692475,-57229519,1387103,3,bush,salal,0,1200,554,40000,0,1630507
-39691488,-57229013,1387068,3,bush,salal,0,1200,545,40000,0,1630542
-39671100,-57229306,1379045,3,bush,salal,0,1200,588,18000,0,1638565
-39669806,-57229165,1378882,3,grass,meadow-grass,0,450,573,18000,0,1638728
-39668844,-57228954,1378699,3,flower,herb-robert,0,350,557,18000,0,1638911
-39668462,-57229050,1378586,3,grass,moss-cushion,0,220,549,18000,0,1639024
-39664389,-57228925,1378180,3,flower,herb-robert,0,350,508,10000,0,1639430
-39662210,-57229248,1377888,3,grass,meadow-grass,0,450,478,10000,0,1639722
-39660662,-57229037,1377913,3,grass,meadow-grass,0,450,466,10000,0,1639697
-39656855,-57228819,1377793,3,grass,meadow-grass,0,450,447,2000,0,1639817
-39647828,-57229194,1378349,3,bush,salal,0,1200,613,0,0,1639261
-39636261,-57229255,1378310,3,grass,feather-moss,0,220,519,12000,0,1639300
-39635346,-57229510,1378131,3,grass,meadow-grass,0,450,536,12000,0,1639479
-39634224,-57228935,1378349,3,bush,salal,0,1200,561,12000,0,1639261
-39631581,-57229451,1378005,3,bush,salal,0,1200,647,12000,0,1639605
-39608723,-57228848,1376857,3,bush,salal,0,1200,603,34000,0,1640753
-39605679,-57228866,1376856,3,grass,feather-moss,0,220,488,42000,0,1640754
-39604910,-57229042,1376621,3,bush,salal,0,1200,581,42000,0,1640989
-39601060,-57228881,1375723,3,flower,herb-robert,0,350,520,42000,0,1641887
-39596560,-57229072,1374781,3,bush,salal,0,1200,570,46000,0,1689887
-39594812,-57229508,1374058,3,bush,salal,0,1200,672,46000,0,1690610
-39590756,-57229185,1373220,3,flower,herb-robert,0,350,494,42000,0,1691448
-39589779,-57228906,1372966,3,bush,salal,0,1200,531,42000,0,1691702
-39587632,-57229290,1372290,3,grass,meadow-grass,0,450,435,42000,0,1692378
-39581278,-57229430,1371218,3,grass,understory-fern,0,900,285,40000,0,1693450
-39575681,-57229307,1371078,3,grass,wood-sedge,0,500,257,36000,0,1693590
-39573968,-57229415,1370964,3,flower,herb-robert,0,350,236,36000,0,1693704
-39573380,-57229143,1370975,3,grass,meadow-grass,0,450,244,36000,0,1693693
-39567125,-57229416,1370388,3,grass,feather-moss,0,220,262,34000,0,1694280
-39566050,-57229117,1370292,3,grass,moss-cushion,0,220,242,34000,0,1694376
-39564023,-57229235,1370071,3,flower,oxeye-daisy,0,700,200,34000,0,1694597
-39553107,-57229016,1370270,3,grass,male-fern,0,1200,334,32000,0,1694398
-39552105,-57229467,1370277,3,flower,harebell,0,350,344,32000,0,1694391
-39545786,-57229366,1371005,3,flower,primrose,0,240,277,32000,0,1693663
-39544161,-57229157,1370925,3,grass,feather-moss,0,220,317,32000,0,1693743
-39535321,-57229054,1370887,3,grass,lady-fern,1,900,280,32000,0,1693781
-39785465,-57228560,1440228,3,flower,red-campion,0,700,117,120000,0,1530324
-39784098,-57228194,1440069,3,flower,common-knapweed,0,800,123,120000,0,1530483
-39775817,-57228784,1438846,3,grass,woolly-fringe-moss,0,220,267,114000,0,1531706
-39774176,-57228080,1438446,3,grass,feather-moss,0,220,307,114000,0,1532106
-39770655,-57228482,1437492,3,grass,ribwort-plantain,0,300,342,106000,0,1533060
-39763429,-57228143,1435209,3,flower,herb-robert,0,350,540,100000,0,1535343
-39761407,-57228020,1434402,3,bush,salal,0,1200,601,100000,0,1536150
-39760651,-57228471,1433993,3,bush,salal,0,1200,652,100000,0,1536559
-39758882,-57228632,1433122,3,bush,salal,0,1200,653,100000,0,1537430
-39754993,-57228474,1431113,3,bush,salal,0,1200,696,92000,0,1539439
-39723851,-57228606,1414389,3,bush,salal,0,1200,754,66000,0,1556163
-39722225,-57228455,1413686,3,bush,salal,0,1200,606,66000,0,1556866
-39713781,-57228210,1409222,3,bush,salal,0,1200,597,58000,0,1608388
-39694068,-57228640,1387802,3,grass,meadow-grass,0,450,539,40000,0,1629808
-39689601,-57228626,1386634,3,grass,feather-moss,0,220,504,32000,0,1630976
-39670524,-57228623,1379206,3,bush,salal,0,1200,586,18000,0,1638404
-39669918,-57228508,1379089,3,bush,salal,0,1200,582,18000,0,1638521
-39669122,-57228620,1378870,3,bush,salal,0,1200,569,18000,0,1638740
-39665852,-57228773,1378493,3,flower,herb-robert,0,350,531,10000,0,1639117
-39663347,-57228091,1378438,3,bush,salal,0,1200,493,10000,0,1639172
-39662505,-57228232,1378296,3,bush,salal,0,1200,481,10000,0,1639314
-39657232,-57228466,1377942,3,bush,salal,0,1200,437,2000,0,1639668
-39656147,-57228150,1378092,3,grass,meadow-grass,0,450,462,2000,0,1639518
-39645131,-57228584,1378582,3,bush,salal,0,1200,633,0,0,1639028
-39628142,-57228032,1378645,3,bush,salal,0,1200,625,20000,0,1638965
-39623682,-57228537,1377983,3,bush,salal,0,1200,838,20000,0,1639627
-39610883,-57228643,1376622,3,bush,salal,0,1200,862,34000,0,1640988
-39608066,-57228008,1377417,3,bush,salal,0,1200,650,34000,0,1640193
-39606355,-57228345,1377100,3,grass,woolly-fringe-moss,0,220,499,42000,0,1640510
-39605408,-57228350,1377057,3,grass,meadow-grass,0,450,537,42000,0,1640553
-39600918,-57228116,1375943,3,grass,meadow-grass,0,450,505,42000,0,1641667
-39596915,-57228368,1375106,3,flower,herb-robert,0,350,540,46000,0,1689562
-39595246,-57228403,1374517,3,bush,salal,0,1200,665,46000,0,1690151
-39591637,-57228365,1373708,3,grass,moss-cushion,0,220,556,42000,0,1690960
-39582721,-57228282,1371690,3,grass,meadow-grass,0,450,389,40000,0,1692978
-39582152,-57228032,1371644,3,grass,bilberry-mat,0,400,361,40000,0,1693024
-39578190,-57228594,1371336,3,grass,meadow-grass,0,450,249,40000,0,1693332
-39574386,-57228730,1371126,3,grass,feather-moss,0,220,257,36000,0,1693542
-39567611,-57228470,1370594,3,flower,jungle-understory-flower,0,750,270,34000,0,1694074
-39566582,-57228798,1370410,3,grass,sword-fern,0,1200,257,34000,0,1694258
-39557829,-57228282,1370112,3,flower,meadow-daisy,0,420,171,34000,0,1694556
-39554984,-57228785,1370134,3,grass,ivy-ground-layer,0,220,262,32000,0,1694534
-39547787,-57228493,1371196,3,flower,herb-robert,0,350,329,32000,0,1693472
-39546683,-57228754,1371170,3,grass,hair-cap-moss,1,240,239,32000,0,1693498
-39545634,-57228233,1371269,3,grass,male-fern,0,1200,304,32000,0,1693399
-39544821,-57228013,1371245,3,grass,feather-moss,0,220,339,32000,0,1693423
-39534878,-57228551,1371028,3,bush,salal,0,1200,278,32000,0,1693640
-39534011,-57228544,1371067,3,grass,ivy-ground-layer,0,220,237,32000,0,1693601
-39533183,-57228078,1371164,3,grass,male-fern,0,1200,196,32000,0,1693504
-39532106,-57228154,1371085,3,grass,moss-cushion,0,220,229,30000,0,1693583
-39788707,-57227666,1440409,3,grass,moss-cushion,0,220,94,126000,0,1530143
-39781197,-57227812,1439808,3,grass,ivy-ground-layer,0,220,144,120000,0,1530744
-39777830,-57227905,1439254,3,flower,oxeye-daisy,0,700,163,114000,0,1531298
-39776906,-57227275,1439081,3,grass,bilberry-mat,0,400,177,114000,0,1531471
-39774942,-57227464,1438662,3,bush,salal,0,1200,266,114000,0,1531890
-39770751,-57227760,1437585,3,grass,male-fern,0,1200,340,106000,0,1532967
-39768274,-57227707,1436981,3,grass,male-fern,0,1200,411,106000,0,1533571
-39759391,-57227346,1433419,3,bush,salal,0,1200,643,100000,0,1537133
-39756792,-57227370,1432202,3,bush,salal,0,1200,681,92000,0,1538350
-39754020,-57227251,1430846,3,bush,salal,0,1200,712,92000,0,1539706
-39737037,-57227263,1420109,3,bush,salal,0,1200,653,78000,0,1550443
-39734536,-57227739,1418964,3,bush,salal,0,1200,656,72000,0,1551588
-39725417,-57227779,1415042,3,bush,salal,0,1200,706,66000,0,1555510
-39723479,-57227629,1414058,3,bush,salal,0,1200,584,66000,0,1556494
-39719552,-57227587,1412745,3,bush,salal,0,1200,738,58000,0,1604865
-39694732,-57227844,1388227,3,bush,salal,0,1200,644,40000,0,1629383
-39691804,-57227594,1387463,3,grass,meadow-grass,0,450,558,40000,0,1630147
-39688841,-57227249,1386712,3,bush,salal,0,1200,511,32000,0,1630898
-39688398,-57227830,1386449,3,grass,meadow-grass,0,450,499,32000,0,1631161
-39682956,-57227684,1384698,3,bush,salal,0,1200,601,32000,0,1632912
-39680851,-57227518,1383878,3,bush,salal,0,1200,717,26000,0,1633732
-39671417,-57227387,1379938,3,bush,salal,0,1200,579,18000,0,1637672
-39669799,-57227249,1379586,3,bush,salal,0,1200,586,18000,0,1638024
-39668587,-57227739,1379152,3,flower,herb-robert,0,350,576,18000,0,1638458
-39666758,-57227957,1378872,3,flower,herb-robert,0,350,540,10000,0,1638738
-39665468,-57227623,1378875,3,bush,salal,0,1200,532,10000,0,1638735
-39663708,-57227834,1378549,3,bush,salal,0,1200,505,10000,0,1639061
-39662468,-57227450,1378601,3,grass,meadow-grass,0,450,481,10000,0,1639009
-39660014,-57227707,1378381,3,flower,herb-robert,0,350,459,10000,0,1639229
-39657237,-57227786,1378178,3,grass,brook-moss-cushion,1,220,438,2000,0,1639432
-39656119,-57227321,1378386,3,grass,brook-moss-cushion,1,220,466,2000,0,1639224
-39655199,-57227729,1378286,3,grass,feather-moss,0,220,481,2000,0,1639324
-39653922,-57227956,1378256,3,grass,moss-cushion,0,220,472,2000,0,1639354
-39644277,-57227715,1379194,3,bush,salal,0,1200,697,4000,0,1638416
-39627743,-57227273,1379030,3,bush,salal,0,1200,594,20000,0,1638580
-39622910,-57227765,1378255,3,bush,salal,0,1200,808,20000,0,1639355
-39618507,-57227664,1377388,3,bush,salal,0,1200,921,28000,0,1640222
-39604087,-57227221,1377072,3,bush,salal,0,1200,690,42000,0,1640538
-39600584,-57227478,1376098,3,bush,salal,0,1200,546,42000,0,1641512
-39584546,-57227368,1372194,3,grass,meadow-grass,0,450,372,40000,0,1692474
-39576897,-57227828,1371441,3,flower,prairie-lupine,0,900,260,36000,0,1693227
-39574135,-57227504,1371368,3,grass,meadow-grass,0,450,297,36000,0,1693300
-39571628,-57227819,1371066,3,grass,sword-fern,0,1200,285,36000,0,1693602
-39570768,-57227296,1371082,3,grass,meadow-grass,0,450,321,36000,0,1693586
-39569532,-57227536,1370909,3,flower,herb-robert,0,350,301,34000,0,1693759
-39557920,-57227405,1370243,3,flower,primrose,0,240,194,34000,0,1694425
-39556953,-57227795,1370201,3,grass,sword-fern,0,1200,203,34000,0,1694467
-39554964,-57227510,1370349,3,grass,male-fern,0,1200,300,32000,0,1694319
-39551752,-57227836,1370666,3,grass,sword-fern,0,1200,342,32000,0,1694002
-39551148,-57227331,1370883,3,flower,meadow-daisy,0,420,371,32000,0,1693785
-39547705,-57227479,1371453,3,grass,feather-moss,0,220,347,32000,0,1693215
-39546010,-57227653,1371460,3,grass,hair-cap-moss,1,240,289,32000,0,1693208
-39545381,-57227420,1371454,3,flower,oxeye-daisy,0,700,345,32000,0,1693214
-39535659,-57227572,1371198,3,grass,male-fern,0,1200,284,32000,0,1693470
-39532209,-57227974,1371126,3,grass,understory-fern,0,900,224,30000,0,1693542
-39791022,-57226569,1440387,3,flower,meadow-daisy,0,420,76,126000,0,1530165
-39786832,-57226852,1440266,3,grass,male-fern,0,1200,109,120000,0,1530286
-39786221,-57226448,1440200,3,grass,ivy-ground-layer,0,220,117,120000,0,1530352
-39784995,-57226789,1440101,3,grass,ivy-ground-layer,0,220,131,120000,0,1530451
-39783705,-57226965,1440004,3,grass,cocksfoot,0,1000,115,120000,0,1530548
-39779132,-57226959,1439505,3,grass,bilberry-mat,0,400,159,114000,0,1531047
-39774246,-57226999,1438496,3,flower,cowslip,0,300,274,114000,0,1532056
-39771501,-57226890,1437853,3,grass,male-fern,0,1200,299,106000,0,1532699
-39770787,-57226876,1437674,3,flower,cowslip,0,300,318,106000,0,1532878
-39769741,-57226793,1437442,3,grass,ivy-ground-layer,0,220,339,106000,0,1533110
-39765132,-57226450,1436120,3,bush,salal,0,1200,489,106000,0,1534432
-39762875,-57226983,1435215,3,bush,salal,0,1200,530,100000,0,1535337
-39748720,-57226810,1427296,3,bush,salal,0,1200,816,86000,0,1543256
-39744583,-57226586,1424678,3,bush,salal,0,1200,710,86000,0,1545874
-39732644,-57227023,1417840,3,bush,salal,0,1200,698,72000,0,1552712
-39730868,-57227002,1417031,3,bush,salal,0,1200,654,72000,0,1553521
-39728431,-57227021,1415978,3,bush,salal,0,1200,665,72000,0,1554574
-39723530,-57227006,1414120,3,flower,herb-robert,0,350,433,66000,0,1556432
-39696195,-57227087,1388964,3,bush,salal,0,1200,811,40000,0,1628646
-39691516,-57226554,1387557,3,bush,salal,0,1200,650,40000,0,1630053
-39688777,-57226603,1386789,3,bush,salal,0,1200,535,32000,0,1630821
-39682068,-57226490,1384709,3,grass,moss-cushion,0,220,588,26000,0,1632901
-39680945,-57227053,1384092,3,bush,salal,0,1200,667,26000,0,1633518
-39675260,-57226539,1381343,3,bush,salal,0,1200,837,26000,0,1636267
-39674617,-57226584,1380917,3,bush,salal,0,1200,752,18000,0,1636693
-39667839,-57227175,1379264,3,grass,meadow-grass,0,450,568,18000,0,1638346
-39665358,-57226586,1379280,3,grass,meadow-grass,0,450,532,10000,0,1638330
-39662910,-57226822,1378854,3,bush,salal,0,1200,486,10000,0,1638756
-39661397,-57227194,1378707,3,grass,meadow-grass,0,450,480,10000,0,1638903
-39652387,-57226436,1379141,3,bush,salal,0,1200,701,0,0,1638469
-39650474,-57227106,1379004,3,bush,salal,0,1200,754,0,0,1638606
-39642558,-57227177,1379770,3,bush,salal,0,1200,645,4000,0,1637840
-39637993,-57226582,1380019,3,bush,salal,0,1200,570,4000,0,1637591
-39618197,-57227059,1377918,3,bush,salal,0,1200,902,28000,0,1639692
-39587144,-57226926,1372862,3,flower,red-clover,0,400,438,42000,0,1691806
-39581436,-57226621,1371742,3,grass,timothy,0,900,204,40000,0,1692926
-39572472,-57226581,1371418,3,flower,red-clover,0,400,367,36000,0,1693250
-39571664,-57226821,1371256,3,bush,salal,0,1200,352,36000,0,1693412
-39570289,-57227139,1371043,3,grass,moss-cushion,0,220,326,36000,0,1693625
-39565656,-57226743,1370590,3,grass,timothy,0,900,296,34000,0,1694078
-39564882,-57226440,1370560,3,flower,meadow-daisy,0,420,303,34000,0,1694108
-39564086,-57227189,1370352,3,grass,jungle-groundcover,0,800,226,34000,0,1694316
-39560480,-57226812,1370337,3,grass,feather-moss,0,220,213,34000,0,1694331
-39557019,-57226762,1370402,3,flower,red-campion,0,700,250,34000,0,1694266
-39556689,-57226784,1370428,3,grass,woolly-fringe-moss,0,220,270,34000,0,1694240
-39553334,-57226887,1370721,3,flower,cowslip,0,300,384,32000,0,1693947
-39550958,-57226985,1371016,3,grass,ivy-ground-layer,0,220,411,32000,0,1693652
-39542881,-57226892,1371336,3,flower,birdsfoot-trefoil,0,250,383,32000,0,1693332
-39542091,-57226781,1371249,3,grass,sword-fern,0,1200,359,32000,0,1693419
-39539613,-57226885,1371107,3,grass,feather-moss,0,220,225,32000,0,1693561
-39534271,-57226502,1371476,3,grass,wood-sedge,0,500,206,32000,0,1693192
-39790590,-57225775,1440341,3,flower,herb-robert,0,350,82,126000,0,1530211
-39784973,-57225736,1440064,3,flower,large-trillium,0,350,109,120000,0,1530488
-39784287,-57226169,1440018,3,grass,ribwort-plantain,0,300,108,120000,0,1530534
-39783488,-57225692,1439946,3,grass,sword-fern,0,1200,111,120000,0,1530606
-39782042,-57226362,1439875,3,flower,herb-robert,0,350,126,120000,0,1530677
-39774657,-57225721,1438609,3,grass,moss-cushion,0,220,237,114000,0,1531943
-39771229,-57226298,1437822,3,flower,cowslip,0,300,289,106000,0,1532730
-39768472,-57226136,1437143,3,flower,primrose,0,240,356,106000,0,1533409
-39761164,-57226060,1434400,3,bush,salal,0,1200,613,100000,0,1536152
-39760768,-57226179,1434135,3,bush,salal,0,1200,625,100000,0,1536417
-39758773,-57226269,1433138,3,bush,salal,0,1200,643,100000,0,1537414
-39756906,-57226206,1432425,3,bush,salal,0,1200,674,92000,0,1538127
-39756670,-57226365,1432255,3,bush,salal,0,1200,680,92000,0,1538297
-39748118,-57225919,1427030,3,bush,salal,0,1200,775,86000,0,1543522
-39741904,-57226108,1422949,3,bush,salal,0,1200,692,78000,0,1547603
-39737170,-57225892,1420074,3,bush,salal,0,1200,666,78000,0,1550478
-39733408,-57226225,1418064,3,bush,salal,0,1200,648,72000,0,1552488
-39731951,-57225631,1417123,3,bush,salal,0,1200,524,72000,0,1553429
-39730234,-57226289,1416461,3,grass,woolly-fringe-moss,0,220,496,72000,0,1554091
-39724217,-57225984,1414401,3,flower,herb-robert,0,350,403,66000,0,1556151
-39722442,-57225727,1413954,3,bush,salal,0,1200,507,66000,0,1556598
-39694706,-57226362,1388771,3,bush,salal,0,1200,822,40000,0,1628839
-39693029,-57226028,1388200,3,bush,salal,0,1200,805,40000,0,1629410
-39685106,-57226336,1386021,3,bush,salal,0,1200,564,32000,0,1631589
-39674968,-57226139,1381253,3,bush,salal,0,1200,801,18000,0,1636357
-39673980,-57225660,1381101,3,bush,salal,0,1200,677,18000,0,1636509
-39671888,-57225908,1380523,3,bush,salal,0,1200,561,18000,0,1637087
-39667165,-57225724,1379750,3,bush,salal,0,1200,549,10000,0,1637860
-39662868,-57225830,1379235,3,flower,herb-robert,0,350,492,10000,0,1638375
-39661861,-57225856,1379239,3,flower,herb-robert,0,350,478,10000,0,1638371
-39660056,-57226104,1378989,3,grass,feather-moss,0,220,475,10000,0,1638621
-39659896,-57226194,1378970,3,bush,salal,0,1200,474,2000,0,1638640
-39657830,-57226398,1378652,3,bush,salal,0,1200,457,2000,0,1638958
-39642182,-57225743,1380533,3,grass,woolly-fringe-moss,0,220,590,4000,0,1637077
-39641585,-57226380,1380224,3,bush,salal,0,1200,613,4000,0,1637386
-39634680,-57226268,1380066,3,grass,meadow-grass,0,450,509,12000,0,1637544
-39632216,-57225725,1380206,3,grass,moss-cushion,0,220,504,12000,0,1637404
-39630683,-57225638,1380027,3,flower,herb-robert,0,350,537,12000,0,1637583
-39630060,-57226284,1379657,3,flower,herb-robert,0,350,565,12000,0,1637953
-39629227,-57226169,1379650,3,bush,salal,0,1200,578,20000,0,1637960
-39621441,-57225823,1379075,3,bush,salal,0,1200,656,28000,0,1638535
-39611623,-57225729,1378339,3,bush,salal,0,1200,789,34000,0,1639271
-39589813,-57225840,1373962,3,bush,salal,0,1200,732,42000,0,1690706
-39585582,-57226090,1372620,3,grass,feather-moss,0,220,502,42000,0,1692048
-39583843,-57226098,1372240,3,flower,red-campion,0,700,418,40000,0,1692428
-39581454,-57226321,1371770,3,grass,hair-cap-moss,1,240,192,40000,0,1692898
-39580497,-57225730,1371772,3,flower,oxeye-daisy,0,700,181,40000,0,1692896
-39578341,-57225935,1371758,3,flower,meadow-daisy,0,420,214,40000,0,1692910
-39576933,-57225892,1371881,3,flower,red-campion,0,700,291,36000,0,1692787
-39562992,-57225784,1370551,3,grass,lady-fern,1,900,272,34000,0,1694117
-39557006,-57225736,1370615,3,flower,field-scabious,0,800,221,34000,0,1694053
-39556014,-57226135,1370611,3,flower,impatiens,1,350,302,34000,0,1694057
-39552865,-57225847,1371067,3,grass,moss-cushion,0,220,380,32000,0,1693601
-39543211,-57225958,1371651,3,grass,male-fern,0,1200,425,32000,0,1693017
-39540512,-57226368,1371239,3,flower,red-campion,0,700,276,32000,0,1693429
-39788104,-57225175,1440233,3,flower,red-clover,0,400,94,126000,0,1530319
-39782535,-57225483,1439881,3,flower,red-campion,0,700,129,120000,0,1530671
-39776654,-57225245,1439016,3,grass,feather-moss,0,220,180,114000,0,1531536
-39775743,-57224857,1438854,3,grass,feather-moss,0,220,206,116000,0,1531698
-39773153,-57224976,1438272,3,grass,male-fern,0,1200,245,116000,0,1532280
-39767284,-57225060,1436880,3,flower,primrose,0,240,376,106000,0,1533672
-39764554,-57225167,1436203,3,flower,herb-robert,0,350,480,100000,0,1534349
-39750099,-57225547,1428519,3,bush,salal,0,1200,755,92000,0,1542033
-39748127,-57225485,1427013,3,bush,salal,0,1200,759,86000,0,1543539
-39734553,-57225340,1418589,3,bush,salal,0,1200,608,72000,0,1551963
-39725657,-57225011,1414785,3,bush,salal,0,1200,393,66000,0,1555767
-39724955,-57225329,1414620,3,bush,salal,0,1200,409,66000,0,1555932
-39719527,-57225426,1412815,3,flower,herb-robert,0,350,526,58000,0,1604795
-39717508,-57224938,1411823,3,grass,woolly-fringe-moss,0,220,588,62000,0,1605787
-39690665,-57224981,1387913,3,bush,salal,0,1200,875,40000,0,1629697
-39687126,-57225080,1386979,3,bush,salal,0,1200,636,32000,0,1630631
-39674429,-57225427,1381288,3,bush,salal,0,1200,738,18000,0,1636322
-39668604,-57225443,1380182,3,bush,salal,0,1200,585,18000,0,1637428
-39665631,-57225269,1379847,3,flower,herb-robert,0,350,532,10000,0,1637763
-39659140,-57224853,1379476,3,grass,brook-moss-cushion,1,220,459,2000,0,1638134
-39654691,-57225022,1379663,3,bush,salal,0,1200,652,2000,0,1637947
-39644161,-57224985,1381035,3,bush,salal,0,1200,569,4000,0,1636575
-39641838,-57225385,1380762,3,bush,salal,0,1200,582,4000,0,1636848
-39638492,-57225273,1380708,3,grass,woolly-fringe-moss,0,220,545,4000,0,1636902
-39637954,-57225501,1380580,3,bush,salal,0,1200,540,4000,0,1637030
-39636074,-57225486,1380551,3,flower,herb-robert,0,350,523,12000,0,1637059
-39633413,-57225452,1380350,3,flower,herb-robert,0,350,470,12000,0,1637260
-39632599,-57225221,1380440,3,grass,moss-cushion,0,220,475,12000,0,1637170
-39630502,-57224958,1380346,3,grass,meadow-grass,0,450,518,12000,0,1637264
-39629637,-57225037,1380230,3,bush,salal,0,1200,543,20000,0,1637380
-39628814,-57225280,1380044,3,bush,salal,0,1200,566,20000,0,1637566
-39623564,-57224810,1380114,3,grass,woolly-fringe-moss,0,220,580,20000,0,1637496
-39621221,-57225314,1379300,3,bush,salal,0,1200,611,28000,0,1638310
-39615550,-57225308,1379132,3,bush,salal,0,1200,789,28000,0,1638478
-39614460,-57225168,1379011,3,bush,salal,0,1200,790,34000,0,1638599
-39611730,-57225399,1378630,3,bush,salal,0,1200,741,34000,0,1638980
-39580512,-57224894,1372026,3,flower,herb-robert,0,350,433,46000,0,1692642
-39577312,-57225524,1371944,3,grass,hair-cap-moss,1,240,302,36000,0,1692724
-39576091,-57225375,1372054,3,flower,cowslip,0,300,332,36000,0,1692614
-39572000,-57225108,1371682,3,flower,birdsfoot-trefoil,0,250,279,36000,0,1692986
-39565030,-57225559,1370769,3,grass,lady-fern,1,900,296,34000,0,1693899
-39559370,-57225129,1370663,3,flower,meadow-daisy,0,420,102,34000,0,1694005
-39555929,-57225331,1370776,3,flower,herb-robert,0,350,217,34000,0,1693892
-39549119,-57225540,1371796,3,grass,feather-moss,0,220,427,32000,0,1692872
-39545580,-57225008,1372204,3,grass,bilberry-mat,0,400,263,32000,0,1692464
-39542292,-57225109,1371706,3,grass,wood-sedge,0,500,349,32000,0,1692962
-39537984,-57225543,1371420,3,grass,feather-moss,0,220,282,32000,0,1693248
-39537449,-57225385,1371513,3,flower,red-campion,0,700,320,32000,0,1693155
-39535759,-57225500,1371701,3,grass,male-fern,0,1200,388,32000,0,1692967
-39533952,-57225080,1371920,3,grass,feather-moss,0,220,470,32000,0,1692748
-39532853,-57224804,1371865,3,bush,salal,0,1200,549,38000,0,1692803
-39532471,-57224955,1371714,3,bush,salal,0,1200,507,38000,0,1692954
-39790539,-57224667,1440256,3,flower,herb-robert,0,350,93,130000,0,1530296
-39787464,-57224430,1440165,3,grass,sword-fern,0,1200,93,124000,0,1530387
-39786812,-57224625,1440147,3,grass,male-fern,0,1200,102,124000,0,1530405
-39783478,-57224119,1439894,3,flower,herb-robert,0,350,137,124000,0,1530658
-39780156,-57224288,1439614,3,grass,feather-moss,0,220,157,124000,0,1530938
-39777037,-57224619,1439091,3,grass,wood-sedge,0,500,166,116000,0,1531461
-39776318,-57224511,1438967,3,grass,bilberry-mat,0,400,183,116000,0,1531585
-39775316,-57224055,1438789,3,grass,wood-sedge,0,500,207,116000,0,1531763
-39773868,-57224632,1438445,3,grass,jungle-groundcover,0,800,249,116000,0,1532107
-39768137,-57224185,1437175,3,grass,bilberry-mat,0,400,317,110000,0,1533377
-39765387,-57224354,1436480,3,grass,wood-sedge,0,500,432,110000,0,1534072
-39761926,-57224184,1435134,3,bush,salal,0,1200,548,102000,0,1535418
-39760924,-57224043,1434559,3,bush,salal,0,1200,608,102000,0,1535993
-39760749,-57224033,1434465,3,bush,salal,0,1200,617,102000,0,1536087
-39748433,-57224508,1427243,3,bush,salal,0,1200,732,88000,0,1543309
-39743029,-57224426,1423668,3,bush,salal,0,1200,785,88000,0,1546884
-39738601,-57224129,1420850,3,bush,salal,0,1200,657,82000,0,1549702
-39735232,-57224181,1418836,3,bush,salal,0,1200,526,82000,0,1551716
-39734259,-57224355,1418318,3,flower,herb-robert,0,350,518,76000,0,1552234
-39731948,-57224673,1417143,3,grass,feather-moss,0,220,489,76000,0,1553409
-39727331,-57224580,1415273,3,flower,yarrow,0,600,358,70000,0,1555279
-39685805,-57224618,1386545,3,bush,salal,0,1200,549,32000,0,1631065
-39683113,-57224377,1385707,3,bush,salal,0,1200,577,32000,0,1631903
-39679983,-57224606,1384183,3,bush,salal,0,1200,641,26000,0,1633427
-39674782,-57224466,1381877,3,bush,salal,0,1200,751,18000,0,1635733
-39672704,-57224367,1381181,3,bush,salal,0,1200,617,18000,0,1636429
-39670912,-57224535,1380962,3,bush,salal,0,1200,599,18000,0,1636648
-39658625,-57224673,1379477,3,grass,feather-moss,0,220,458,2000,0,1638133
-39658273,-57224454,1379535,3,grass,brook-moss-cushion,1,220,458,2000,0,1638075
-39654696,-57224604,1379818,3,bush,salal,0,1200,665,2000,0,1637792
-39649388,-57224547,1380754,3,bush,salal,0,1200,709,0,0,1636856
-39641296,-57224771,1381030,3,grass,woolly-fringe-moss,0,220,578,4000,0,1636580
-39638854,-57224651,1381002,3,grass,meadow-grass,0,450,548,4000,0,1636608
-39636894,-57224389,1381119,3,grass,meadow-grass,0,450,533,12000,0,1636491
-39636331,-57224023,1381258,3,flower,herb-robert,0,350,528,12000,0,1636352
-39635979,-57224055,1381179,3,bush,salal,0,1200,520,12000,0,1636431
-39634528,-57224088,1381035,3,flower,herb-robert,0,350,478,12000,0,1636575
-39634345,-57224322,1380898,3,bush,salal,0,1200,473,12000,0,1636712
-39630917,-57224216,1380724,3,bush,salal,0,1200,488,12000,0,1636886
-39622453,-57224321,1380135,3,bush,salal,0,1200,579,28000,0,1637475
-39616075,-57224150,1380006,3,bush,salal,0,1200,716,28000,0,1637604
-39614398,-57224079,1379802,3,bush,salal,0,1200,773,34000,0,1637808
-39608524,-57224197,1380089,3,bush,salal,0,1200,622,34000,0,1637521
-39607904,-57224544,1379832,3,bush,salal,0,1200,667,34000,0,1637778
-39607052,-57224569,1379688,3,bush,salal,0,1200,699,42000,0,1637922
-39573804,-57224503,1372028,3,flower,herb-robert,0,350,341,44000,0,1692640
-39570363,-57224736,1371528,3,grass,woolly-fringe-moss,0,220,208,44000,0,1693140
-39567522,-57224253,1371142,3,grass,hair-cap-moss,1,240,164,42000,0,1693526
-39566684,-57224278,1371041,3,grass,ivy-ground-layer,0,220,128,42000,0,1693627
-39565918,-57224372,1370972,3,grass,lady-fern,1,900,102,42000,0,1693696
-39565336,-57224232,1370929,3,grass,bilberry-mat,0,400,90,42000,0,1693739
-39562405,-57224210,1370728,3,flower,fireweed,0,1200,87,42000,0,1693940
-39561123,-57224510,1370686,3,flower,large-trillium,0,350,40,42000,0,1693982
-39558963,-57224278,1370716,3,flower,primrose,0,240,100,42000,0,1693952
-39556912,-57224741,1370747,3,grass,moss-cushion,0,220,114,42000,0,1693921
-39555519,-57224233,1370919,3,grass,lady-fern,1,900,250,42000,0,1693749
-39554051,-57224593,1371049,3,grass,hair-cap-moss,1,240,233,40000,0,1693619
-39551522,-57224528,1371464,3,grass,moss-cushion,0,220,346,40000,0,1693204
-39546676,-57224571,1372336,3,flower,cowslip,0,300,230,40000,0,1692332
-39542582,-57224464,1371887,3,flower,impatiens,1,350,294,40000,0,1692781
-39788165,-57223723,1440144,3,flower,primrose,0,240,78,130000,0,1530408
-39781658,-57223605,1439730,3,grass,bilberry-mat,0,400,149,124000,0,1530822
-39775660,-57223882,1438849,3,bush,salal,0,1200,192,116000,0,1531703
-39775137,-57223502,1438752,3,grass,male-fern,0,1200,203,116000,0,1531800
-39770864,-57223899,1437828,3,grass,ivy-ground-layer,0,220,260,110000,0,1532724
-39769568,-57223302,1437563,3,grass,male-fern,0,1200,294,110000,0,1532989
-39768154,-57223835,1437193,3,flower,red-campion,0,700,310,110000,0,1533359
-39767841,-57223806,1437122,3,flower,red-campion,0,700,318,110000,0,1533430
-39760351,-57223265,1434494,3,bush,salal,0,1200,605,102000,0,1536058
-39759526,-57223579,1434062,3,bush,salal,0,1200,635,102000,0,1536490
-39753351,-57223727,1430747,3,bush,salal,0,1200,695,96000,0,1539805
-39740889,-57223584,1422152,3,bush,salal,0,1200,711,82000,0,1548400
-39740781,-57223846,1422129,3,bush,salal,0,1200,716,82000,0,1548423
-39737103,-57223901,1419882,3,bush,salal,0,1200,590,82000,0,1550670
-39727762,-57223389,1415522,3,grass,feather-moss,0,220,440,76000,0,1555030
-39721755,-57223408,1413877,3,flower,oxeye-daisy,0,700,380,70000,0,1556675
-39721060,-57223925,1413663,3,grass,feather-moss,0,220,483,70000,0,1556889
-39684266,-57223448,1386208,3,grass,feather-moss,0,220,529,32000,0,1631402
-39679261,-57223637,1383987,3,bush,salal,0,1200,647,26000,0,1633623
-39655374,-57223786,1380174,3,bush,salal,0,1200,646,2000,0,1637436
-39654657,-57223964,1380170,3,bush,salal,0,1200,666,2000,0,1637440
-39638740,-57223589,1381595,3,flower,herb-robert,0,350,543,4000,0,1636015
-39637261,-57223626,1381502,3,grass,meadow-grass,0,450,533,12000,0,1636108
-39634408,-57223838,1381106,3,grass,meadow-grass,0,450,476,12000,0,1636504
-39633358,-57223818,1380994,3,grass,woolly-fringe-moss,0,220,445,12000,0,1636616
-39616400,-57223359,1380557,3,bush,salal,0,1200,651,28000,0,1637053
-39610924,-57223203,1380280,3,bush,salal,0,1200,697,34000,0,1637330
-39607733,-57223256,1380611,3,bush,salal,0,1200,682,34000,0,1636999
-39574429,-57223649,1372368,3,bush,salal,0,1200,740,44000,0,1692300
-39568714,-57223309,1371571,3,bush,salal,0,1200,609,42000,0,1693097
-39563927,-57223582,1370903,3,grass,hair-cap-moss,1,240,280,42000,0,1693765
-39562389,-57223569,1370800,3,flower,meadow-daisy,0,420,280,42000,0,1693868
-39560792,-57223415,1370850,3,flower,herb-robert,0,350,393,42000,0,1693818
-39556849,-57223935,1370867,3,grass,wood-sedge,0,500,298,42000,0,1693801
-39551494,-57223789,1371699,3,flower,herb-robert,0,350,568,40000,0,1692969
-39548492,-57223547,1372389,3,grass,meadow-grass,0,450,564,40000,0,1692279
-39546613,-57223475,1372668,3,grass,meadow-grass,0,450,467,40000,0,1692000
-39543489,-57223406,1372247,3,grass,moss-cushion,0,220,576,40000,0,1692421
-39539036,-57223834,1371994,3,bush,salal,0,1200,648,38000,0,1692674
-39791080,-57222445,1440011,3,grass,feather-moss,0,220,115,130000,0,1530541
-39788453,-57223176,1440104,3,flower,herb-robert,0,350,81,130000,0,1530448
-39786736,-57222573,1440014,3,flower,primrose,0,240,105,124000,0,1530538
-39785662,-57222744,1439981,3,grass,cocksfoot,0,1000,105,124000,0,1530571
-39780376,-57222410,1439531,3,flower,primrose,0,240,135,124000,0,1531021
-39776905,-57223198,1439063,3,flower,cowslip,0,300,165,116000,0,1531489
-39776783,-57222924,1439025,3,grass,sword-fern,0,1200,168,116000,0,1531527
-39771566,-57223193,1438003,3,grass,ivy-ground-layer,0,220,224,110000,0,1532549
-39770991,-57222814,1437893,3,flower,red-campion,0,700,236,110000,0,1532659
-39769491,-57222808,1437549,3,grass,moss-cushion,0,220,287,110000,0,1533003
-39766890,-57222585,1436915,3,flower,herb-robert,0,350,322,110000,0,1533637
-39763763,-57222989,1435948,3,bush,salal,0,1200,462,102000,0,1534604
-39761700,-57223199,1435107,3,bush,salal,0,1200,536,102000,0,1535445
-39760921,-57222550,1434946,3,grass,woolly-fringe-moss,0,220,550,102000,0,1535606
-39760158,-57222413,1434607,3,bush,salal,0,1200,583,102000,0,1535945
-39742438,-57222445,1423076,3,bush,salal,0,1200,744,82000,0,1547476
-39742046,-57222564,1422812,3,bush,salal,0,1200,727,82000,0,1547740
-39740146,-57222830,1421549,3,bush,salal,0,1200,631,82000,0,1549003
-39738383,-57223080,1420506,3,flower,herb-robert,0,350,578,82000,0,1550046
-39730595,-57222589,1416918,3,bush,salal,0,1200,677,76000,0,1553634
-39728405,-57222892,1415891,3,grass,woolly-fringe-moss,0,220,558,76000,0,1554661
-39725637,-57222951,1414862,3,grass,timothy,0,900,432,70000,0,1555690
-39725313,-57222418,1414855,3,bush,salal,0,1200,523,70000,0,1555697
-39723293,-57223162,1414231,3,grass,jungle-groundcover,0,800,249,70000,0,1556321
-39722846,-57222880,1414122,3,grass,jungle-groundcover,0,800,295,70000,0,1556430
-39685422,-57222666,1386681,3,grass,feather-moss,0,220,543,32000,0,1630929
-39680267,-57222983,1384635,3,bush,salal,0,1200,632,26000,0,1632975
-39677079,-57222768,1383371,3,bush,salal,0,1200,700,26000,0,1634239
-39675573,-57222416,1382876,3,bush,salal,0,1200,693,26000,0,1634734
-39661785,-57223005,1380374,3,grass,meadow-grass,0,450,477,10000,0,1637236
-39660751,-57222933,1380346,3,grass,moss-cushion,0,220,465,10000,0,1637264
-39658233,-57222586,1380575,3,grass,brook-moss-cushion,1,220,526,2000,0,1637035
-39657003,-57222858,1380479,3,bush,salal,0,1200,568,2000,0,1637131
-39656272,-57222716,1380553,3,bush,salal,0,1200,597,2000,0,1637057
-39655110,-57222957,1380628,3,bush,salal,0,1200,630,2000,0,1636982
-39653117,-57223074,1380826,3,bush,salal,0,1200,664,2000,0,1636784
-39650855,-57223134,1381213,3,bush,salal,0,1200,674,0,0,1636397
-39645654,-57222939,1382107,3,bush,salal,0,1200,572,0,0,1635503
-39642082,-57222604,1382280,3,grass,feather-moss,0,220,524,4000,0,1635330
-39630082,-57223029,1381136,3,grass,meadow-grass,0,450,481,12000,0,1636474
-39619177,-57222418,1381114,3,bush,salal,0,1200,557,28000,0,1636496
-39607653,-57222861,1380863,3,bush,salal,0,1200,685,34000,0,1636747
-39567379,-57223048,1371546,3,bush,salal,0,1200,936,42000,0,1693122
-39790469,-57221614,1439930,3,flower,red-clover,0,400,110,130000,0,1530622
-39789323,-57222271,1440017,3,flower,red-campion,0,700,96,130000,0,1530535
-39786966,-57221945,1439972,3,flower,primrose,0,240,98,124000,0,1530580
-39785995,-57221701,1439935,3,grass,moss-cushion,0,220,97,124000,0,1530617
-39784693,-57222379,1439910,3,grass,jungle-groundcover,0,800,110,124000,0,1530642
-39783674,-57221806,1439824,3,flower,oxeye-daisy,0,700,119,124000,0,1530728
-39782607,-57221738,1439745,3,grass,jungle-groundcover,0,800,119,124000,0,1530807
-39781207,-57222015,1439617,3,grass,timothy,0,900,123,124000,0,1530935
-39779854,-57221815,1439449,3,grass,ivy-ground-layer,0,220,147,116000,0,1531103
-39777422,-57222297,1439121,3,grass,ivy-ground-layer,0,220,165,116000,0,1531431
-39772641,-57222191,1438248,3,grass,sword-fern,0,1200,218,116000,0,1532304
-39771666,-57222001,1438061,3,grass,timothy,0,900,215,110000,0,1532491
-39762759,-57222048,1435551,3,bush,salal,0,1200,474,102000,0,1535001
-39761532,-57222120,1435217,3,grass,moss-cushion,0,220,510,102000,0,1535335
-39758419,-57222013,1433874,3,bush,salal,0,1200,629,102000,0,1536678
-39756325,-57221784,1432761,3,bush,salal,0,1200,647,96000,0,1537791
-39744155,-57222356,1424229,3,bush,salal,0,1200,844,88000,0,1546323
-39730695,-57222368,1416918,3,bush,salal,0,1200,695,76000,0,1553634
-39724126,-57221608,1414728,3,bush,salal,0,1200,576,70000,0,1555824
-39676750,-57221685,1383630,3,bush,salal,0,1200,694,26000,0,1633980
-39666463,-57222252,1381130,3,grass,woolly-fringe-moss,0,220,573,10000,0,1636480
-39664483,-57221777,1381091,3,grass,meadow-grass,0,450,545,10000,0,1636519
-39660416,-57221882,1380758,3,flower,herb-robert,0,350,467,10000,0,1636852
-39656681,-57222144,1380905,3,bush,salal,0,1200,581,2000,0,1636705
-39655270,-57222237,1380963,3,bush,salal,0,1200,609,2000,0,1636647
-39654158,-57222352,1381020,3,bush,salal,0,1200,640,2000,0,1636590
-39649934,-57221897,1382065,3,bush,salal,0,1200,685,0,0,1635545
-39645688,-57221711,1382796,3,grass,woolly-fringe-moss,0,220,546,0,0,1634814
-39643449,-57222355,1382489,3,bush,salal,0,1200,528,4000,0,1635121
-39638099,-57221949,1382389,3,flower,herb-robert,0,350,535,4000,0,1635221
-39636814,-57222272,1382148,3,flower,herb-robert,0,350,530,12000,0,1635462
-39633986,-57222057,1381734,3,grass,feather-moss,0,220,474,12000,0,1635876
-39629005,-57221640,1381637,3,grass,meadow-grass,0,450,476,20000,0,1635973
-39623726,-57222300,1381168,3,flower,herb-robert,0,350,532,20000,0,1636442
-39622899,-57221746,1381377,3,grass,meadow-grass,0,450,526,20000,0,1636233
-39621582,-57222271,1381175,3,flower,herb-robert,0,350,539,28000,0,1636435
-39618761,-57222282,1381218,3,grass,woolly-fringe-moss,0,220,562,28000,0,1636392
-39618094,-57221749,1381497,3,bush,salal,0,1200,575,28000,0,1636113
-39617591,-57222159,1381234,3,bush,salal,0,1200,591,28000,0,1636376
-39615966,-57222132,1381321,3,bush,salal,0,1200,611,28000,0,1636289
-39612506,-57221908,1381170,3,bush,salal,0,1200,678,34000,0,1636440
-39610438,-57221843,1381351,3,bush,salal,0,1200,677,34000,0,1636259
-39598064,-57222220,1378799,3,bush,salal,0,1200,947,50000,0,1685869
-39789712,-57221177,1439892,3,flower,herb-robert,0,350,106,130000,0,1530660
-39773957,-57221203,1438496,3,grass,timothy,0,900,205,116000,0,1532056
-39769125,-57221432,1437510,3,grass,sword-fern,0,1200,266,110000,0,1533042
-39768242,-57221403,1437290,3,flower,primrose,0,240,273,110000,0,1533262
-39767894,-57220869,1437199,3,grass,sword-fern,0,1200,269,110000,0,1533353
-39766934,-57221121,1436959,3,grass,male-fern,0,1200,281,110000,0,1533593
-39766148,-57220885,1436741,3,flower,red-campion,0,700,294,110000,0,1533811
-39760773,-57220859,1435135,3,grass,feather-moss,0,220,497,102000,0,1535417
-39756793,-57220966,1433007,3,bush,salal,0,1200,642,96000,0,1537545
-39747956,-57221554,1426792,3,bush,salal,0,1200,854,88000,0,1543760
-39745378,-57220952,1424861,3,bush,salal,0,1200,853,88000,0,1545691
-39740004,-57220964,1421399,3,bush,salal,0,1200,568,82000,0,1549153
-39733670,-57220991,1418723,3,bush,salal,0,1200,689,76000,0,1551829
-39726991,-57221236,1415832,3,bush,salal,0,1200,662,70000,0,1554720
-39685475,-57221089,1386950,3,bush,salal,0,1200,555,32000,0,1630660
-39675733,-57221554,1383232,3,bush,salal,0,1200,703,26000,0,1634378
-39671922,-57220933,1382672,3,grass,meadow-grass,0,450,571,18000,0,1634938
-39669452,-57221095,1382124,3,bush,salal,0,1200,618,18000,0,1635486
-39665271,-57220890,1381616,3,grass,woolly-fringe-moss,0,220,577,10000,0,1635994
-39663980,-57221552,1381105,3,grass,woolly-fringe-moss,0,220,544,10000,0,1636505
-39661574,-57221101,1381009,3,grass,meadow-grass,0,450,473,10000,0,1636601
-39660532,-57221397,1380942,3,grass,meadow-grass,0,450,491,10000,0,1636668
-39651272,-57221343,1381990,3,bush,salal,0,1200,669,0,0,1635620
-39644302,-57221020,1383144,3,grass,feather-moss,0,220,461,4000,0,1634466
-39640416,-57221498,1382719,3,grass,meadow-grass,0,450,528,4000,0,1634891
-39639304,-57221126,1382765,3,bush,salal,0,1200,529,4000,0,1634845
-39634527,-57220922,1382328,3,bush,salal,0,1200,492,12000,0,1635282
-39633349,-57220948,1382184,3,grass,moss-cushion,0,220,470,12000,0,1635426
-39632418,-57221313,1381986,3,flower,birdsfoot-trefoil,0,250,446,12000,0,1635624
-39630909,-57221272,1381907,3,bush,salal,0,1200,431,12000,0,1635703
-39628399,-57221362,1381711,3,bush,salal,0,1200,482,20000,0,1635899
-39626867,-57221017,1381762,3,grass,meadow-grass,0,450,480,20000,0,1635848
-39624584,-57220933,1381738,3,grass,woolly-fringe-moss,0,220,489,20000,0,1635872
-39622642,-57221344,1381575,3,bush,salal,0,1200,514,20000,0,1636035
-39621871,-57221306,1381652,3,grass,woolly-fringe-moss,0,220,514,28000,0,1635958
-39620341,-57221200,1381863,3,grass,moss-cushion,0,220,539,28000,0,1635747
-39619387,-57221542,1381633,3,bush,salal,0,1200,545,28000,0,1635977
-39611713,-57221235,1381607,3,bush,salal,0,1200,636,34000,0,1636003
-39790517,-57220651,1439821,3,flower,primrose,0,240,114,130000,0,1530731
-39785534,-57220349,1439833,3,flower,oxeye-daisy,0,700,110,124000,0,1530719
-39783901,-57220685,1439764,3,flower,herb-robert,0,350,143,124000,0,1530788
-39778484,-57220785,1439200,3,flower,meadow-daisy,0,420,179,116000,0,1531352
-39776907,-57220441,1438989,3,grass,sword-fern,0,1200,178,116000,0,1531563
-39775873,-57220551,1438816,3,flower,red-clover,0,400,205,116000,0,1531736
-39770463,-57220256,1437822,3,flower,primrose,0,240,210,110000,0,1532730
-39767821,-57220420,1437211,3,grass,bilberry-mat,0,400,266,110000,0,1533341
-39763300,-57220499,1435873,3,grass,cocksfoot,0,1000,405,102000,0,1534679
-39756821,-57220383,1433048,3,bush,salal,0,1200,640,96000,0,1537504
-39754566,-57220640,1431602,3,bush,salal,0,1200,690,96000,0,1538950
-39745461,-57220662,1424990,3,bush,salal,0,1200,844,88000,0,1545562
-39741237,-57220268,1422154,3,bush,salal,0,1200,588,82000,0,1548398
-39740286,-57220053,1421591,3,bush,salal,0,1200,593,82000,0,1548961
-39739463,-57220259,1421146,3,bush,salal,0,1200,598,82000,0,1549406
-39731948,-57220584,1417987,3,bush,salal,0,1200,703,76000,0,1552565
-39729440,-57220505,1417088,3,bush,salal,0,1200,669,76000,0,1553464
-39723838,-57220732,1414776,3,grass,woolly-fringe-moss,0,220,524,70000,0,1555776
-39722948,-57220296,1414423,3,grass,moss-cushion,0,220,484,70000,0,1556129
-39722275,-57220030,1414089,3,grass,woolly-fringe-moss,0,220,532,70000,0,1556463
-39686427,-57220111,1387658,3,bush,salal,0,1200,727,32000,0,1629952
-39672331,-57220639,1382866,3,grass,meadow-grass,0,450,556,18000,0,1634744
-39669156,-57220734,1382210,3,bush,salal,0,1200,620,18000,0,1635400
-39667738,-57220550,1382077,3,bush,salal,0,1200,619,18000,0,1635533
-39663949,-57220632,1381556,3,grass,woolly-fringe-moss,0,220,586,10000,0,1636054
-39663077,-57220699,1381406,3,bush,salal,0,1200,574,10000,0,1636204
-39660000,-57220319,1381501,3,flower,herb-robert,0,350,545,2000,0,1636109
-39647824,-57220495,1383135,3,bush,salal,0,1200,588,0,0,1634475
-39643943,-57220082,1383567,3,flower,herb-robert,0,350,460,4000,0,1634043
-39636510,-57220035,1383070,3,bush,salal,0,1200,531,12000,0,1634540
-39635605,-57220446,1382786,3,flower,herb-robert,0,350,518,12000,0,1634824
-39634829,-57220444,1382576,3,grass,meadow-grass,0,450,498,12000,0,1635034
-39630781,-57220378,1382229,3,grass,sedge-tussock,1,600,435,12000,0,1635381
-39629613,-57220294,1382251,3,grass,meadow-grass,0,450,458,20000,0,1635359
-39628831,-57220446,1382121,3,grass,moss-cushion,0,220,472,20000,0,1635489
-39625484,-57220300,1382062,3,bush,salal,0,1200,477,20000,0,1635548
-39621872,-57220560,1382074,3,grass,woolly-fringe-moss,0,220,514,28000,0,1635536
-39618085,-57220592,1382204,3,grass,meadow-grass,0,450,578,28000,0,1635406
-39612558,-57220654,1381999,3,bush,salal,0,1200,672,34000,0,1635611
-39610675,-57220444,1382234,3,bush,salal,0,1200,623,34000,0,1635376
-39788105,-57219686,1439792,3,flower,herb-robert,0,350,107,130000,0,1530760
-39783594,-57219451,1439631,3,grass,bilberry-mat,0,400,168,124000,0,1530921
-39782617,-57219874,1439613,3,grass,bilberry-mat,0,400,164,124000,0,1530939
-39781738,-57219266,1439499,3,grass,jungle-groundcover,0,800,188,124000,0,1531053
-39778649,-57219588,1439170,3,flower,birdsfoot-trefoil,0,250,194,116000,0,1531382
-39775544,-57219949,1438767,3,flower,oxeye-daisy,0,700,204,116000,0,1531785
-39774548,-57219462,1438613,3,grass,bilberry-mat,0,400,216,116000,0,1531939
-39771514,-57219824,1438057,3,flower,herb-robert,0,350,213,110000,0,1532495
-39770613,-57219232,1437883,3,grass,ivy-ground-layer,0,220,220,110000,0,1532669
-39769991,-57219275,1437730,3,grass,wood-sedge,0,500,232,110000,0,1532822
-39768707,-57219552,1437428,3,grass,sword-fern,0,1200,249,110000,0,1533124
-39767612,-57219414,1437149,3,grass,feather-moss,0,220,265,110000,0,1533403
-39766966,-57219550,1436950,3,grass,feather-moss,0,220,265,110000,0,1533602
-39766082,-57219857,1436718,3,grass,jungle-groundcover,0,800,275,110000,0,1533834
-39763942,-57219351,1436106,3,bush,salal,0,1200,314,102000,0,1534446
-39757220,-57219803,1433337,3,bush,salal,0,1200,632,96000,0,1537215
-39739192,-57219766,1421242,3,bush,salal,0,1200,619,82000,0,1549310
-39724207,-57219554,1415111,3,flower,herb-robert,0,350,492,70000,0,1555441
-39671795,-57219281,1383299,3,bush,salal,0,1200,581,18000,0,1634311
-39667297,-57219664,1382349,3,bush,salal,0,1200,602,10000,0,1635261
-39662287,-57219256,1382174,3,grass,woolly-fringe-moss,0,220,566,10000,0,1635436
-39659272,-57219864,1381974,3,grass,brook-moss-cushion,1,220,526,2000,0,1635636
-39655304,-57219996,1382066,3,bush,salal,0,1200,612,2000,0,1635544
-39647135,-57219300,1383692,3,flower,herb-robert,0,350,563,0,0,1633918
-39645469,-57219983,1383601,3,grass,moss-cushion,0,220,490,0,0,1634009
-39636586,-57219360,1383294,3,bush,salal,0,1200,530,12000,0,1634316
-39634712,-57219592,1382862,3,grass,meadow-grass,0,450,493,12000,0,1634748
-39631754,-57219466,1382655,3,flower,herb-robert,0,350,457,12000,0,1634955
-39624369,-57219688,1382395,3,flower,herb-robert,0,350,484,20000,0,1635215
-39617845,-57219279,1382879,3,bush,salal,0,1200,584,28000,0,1634731
-39610348,-57219845,1382586,3,bush,salal,0,1200,597,34000,0,1635024
-39789090,-57218852,1439703,3,grass,sword-fern,0,1200,132,130000,0,1530849
-39787368,-57218766,1439741,3,grass,feather-moss,0,220,104,124000,0,1530811
-39786525,-57218585,1439718,3,flower,primrose,0,240,138,124000,0,1530834
-39782319,-57218929,1439511,3,grass,wood-sedge,0,500,176,124000,0,1531041
-39781095,-57218939,1439418,3,grass,sword-fern,0,1200,203,124000,0,1531134
-39778372,-57218873,1439105,3,flower,red-clover,0,400,194,116000,0,1531447
-39773886,-57218966,1438493,3,grass,wood-sedge,0,500,235,116000,0,1532059
-39772904,-57218401,1438313,3,grass,cocksfoot,0,1000,250,116000,0,1532239
-39771720,-57219061,1438086,3,bush,salal,0,1200,221,110000,0,1532466
-39770419,-57219127,1437834,3,flower,cowslip,0,300,225,110000,0,1532718
-39769882,-57219095,1437708,3,flower,birdsfoot-trefoil,0,250,238,110000,0,1532844
-39768401,-57218997,1437347,3,grass,male-fern,0,1200,263,110000,0,1533205
-39763807,-57218483,1436121,3,grass,sword-fern,0,1200,326,102000,0,1534431
-39762608,-57219128,1435711,3,grass,woolly-fringe-moss,0,220,357,102000,0,1534841
-39762200,-57218562,1435596,3,flower,red-clover,0,400,371,102000,0,1534956
-39760745,-57219077,1435141,3,bush,salal,0,1200,412,102000,0,1535411
-39758868,-57218540,1434307,3,grass,feather-moss,0,220,492,102000,0,1536245
-39677304,-57218501,1384391,3,grass,meadow-grass,0,450,561,26000,0,1633219
-39674459,-57218491,1383993,3,grass,meadow-grass,0,450,528,18000,0,1633617
-39671438,-57218809,1383373,3,bush,salal,0,1200,584,18000,0,1634237
-39669800,-57218807,1383116,3,bush,salal,0,1200,600,18000,0,1634494
-39665342,-57218890,1382543,3,flower,herb-robert,0,350,555,10000,0,1635067
-39664492,-57218920,1382443,3,flower,herb-robert,0,350,554,10000,0,1635167
-39661168,-57218498,1382550,3,grass,feather-moss,0,220,505,10000,0,1635060
-39659998,-57218874,1382430,3,grass,woolly-fringe-moss,0,220,498,2000,0,1635180
-39657845,-57218545,1382693,3,grass,brook-moss-cushion,1,220,526,2000,0,1634917
-39641241,-57218800,1383834,3,flower,herb-robert,0,350,530,4000,0,1633776
-39636834,-57218585,1383498,3,bush,salal,0,1200,533,12000,0,1634112
-39633920,-57219091,1383027,3,flower,herb-robert,0,350,479,12000,0,1634583
-39631692,-57218698,1382982,3,flower,herb-robert,0,350,458,12000,0,1634628
-39630608,-57218450,1383034,3,grass,bilberry-mat,0,400,432,12000,0,1634576
-39629974,-57218514,1382978,3,grass,meadow-grass,0,450,427,20000,0,1634632
-39628026,-57218543,1382950,3,flower,herb-robert,0,350,444,20000,0,1634660
-39626052,-57218940,1382768,3,grass,meadow-grass,0,450,461,20000,0,1634842
-39623732,-57219024,1382827,3,grass,meadow-grass,0,450,510,20000,0,1634783
-39621719,-57218970,1383058,3,bush,salal,0,1200,567,28000,0,1634552
-39621368,-57219124,1382969,3,grass,meadow-grass,0,450,569,28000,0,1634641
-39619491,-57218499,1383447,3,grass,woolly-fringe-moss,0,220,585,28000,0,1634163
-39603895,-57218503,1382520,3,bush,salal,0,1200,837,42000,0,1635090
-39602631,-57218610,1382176,3,bush,salal,0,1200,850,42000,0,1635434
-39788338,-57217906,1439650,3,flower,cowslip,0,300,139,130000,0,1530902
-39785666,-57218164,1439639,3,flower,large-trillium,0,350,184,124000,0,1530913
-39783210,-57217987,1439456,3,grass,sword-fern,0,1200,169,124000,0,1531096
-39782103,-57218344,1439439,3,grass,jungle-groundcover,0,800,178,124000,0,1531113
-39774602,-57217665,1438616,3,grass,ribwort-plantain,0,300,232,116000,0,1531936
-39771752,-57218258,1438078,3,flower,large-trillium,0,350,228,110000,0,1532474
-39770853,-57217875,1437898,3,grass,understory-fern,0,900,230,110000,0,1532654
-39764709,-57217625,1436351,3,grass,ivy-ground-layer,0,220,339,102000,0,1534201
-39762412,-57218283,1435690,3,grass,male-fern,0,1200,373,102000,0,1534862
-39760699,-57217871,1435150,3,grass,sword-fern,0,1200,432,102000,0,1535402
-39736967,-57218007,1420842,3,bush,salal,0,1200,672,82000,0,1549710
-39727337,-57217757,1416854,3,bush,salal,0,1200,608,70000,0,1553698
-39673741,-57217985,1384168,3,grass,meadow-grass,0,450,521,18000,0,1633442
-39672365,-57217971,1383953,3,grass,moss-cushion,0,220,550,18000,0,1633657
-39668543,-57217657,1383431,3,bush,salal,0,1200,624,18000,0,1634179
-39667306,-57217923,1383176,3,bush,salal,0,1200,602,10000,0,1634434
-39662254,-57218376,1382720,3,grass,meadow-grass,0,450,533,10000,0,1634890
-39661325,-57218166,1382738,3,grass,meadow-grass,0,450,508,10000,0,1634872
-39656897,-57217691,1383248,3,flower,herb-robert,0,350,561,2000,0,1634362
-39656374,-57218353,1382883,3,grass,woolly-fringe-moss,0,220,550,2000,0,1634727
-39654890,-57218291,1382996,3,bush,salal,0,1200,572,2000,0,1634614
-39648824,-57217971,1383965,3,bush,salal,0,1200,610,0,0,1633645
-39644115,-57218141,1384201,3,grass,meadow-grass,0,450,475,4000,0,1633409
-39637706,-57217997,1383793,3,bush,salal,0,1200,539,4000,0,1633817
-39634827,-57217849,1383492,3,grass,feather-moss,0,220,501,12000,0,1634118
-39627389,-57218128,1383091,3,flower,herb-robert,0,350,438,20000,0,1634519
-39624282,-57218338,1383246,3,grass,meadow-grass,0,450,521,20000,0,1634364
-39622214,-57217750,1383726,3,flower,herb-robert,0,350,572,28000,0,1633884
-39621390,-57217616,1383893,3,bush,salal,0,1200,584,28000,0,1633717
-39789927,-57217025,1439497,3,grass,understory-fern,0,900,138,132000,0,1531055
-39777565,-57217229,1438921,3,grass,sword-fern,0,1200,167,120000,0,1531631
-39776032,-57217428,1438804,3,flower,large-trillium,0,350,180,120000,0,1531748
-39771228,-57217518,1437965,3,grass,ivy-ground-layer,0,220,227,110000,0,1532587
-39769669,-57216922,1437561,3,flower,meadow-daisy,0,420,290,112000,0,1532991
-39767199,-57217072,1436960,3,flower,herb-robert,0,350,306,112000,0,1533592
-39766280,-57217588,1436755,3,grass,sword-fern,0,1200,301,110000,0,1533797
-39765509,-57217315,1436567,3,grass,cocksfoot,0,1000,331,112000,0,1533985
-39755895,-57216944,1432315,3,bush,salal,0,1200,692,98000,0,1538237
-39747498,-57217389,1426256,3,bush,salal,0,1200,824,92000,0,1544296
-39742070,-57217245,1423291,3,bush,salal,0,1200,699,86000,0,1547261
-39738238,-57216982,1421791,3,bush,salal,0,1200,636,86000,0,1548761
-39732703,-57217320,1419352,3,bush,salal,0,1200,718,78000,0,1551200
-39729105,-57217206,1417744,3,bush,salal,0,1200,687,78000,0,1552808
-39683990,-57217117,1387511,3,grass,woolly-fringe-moss,0,220,601,32000,0,1630099
-39672128,-57217068,1384306,3,bush,salal,0,1200,536,18000,0,1633304
-39669678,-57216938,1384005,3,flower,herb-robert,0,350,589,18000,0,1633605
-39668038,-57217181,1383667,3,bush,salal,0,1200,619,18000,0,1633943
-39665023,-57217009,1383381,3,bush,salal,0,1200,570,10000,0,1634229
-39641236,-57216944,1384479,3,bush,salal,0,1200,559,4000,0,1633131
-39639396,-57217073,1384327,3,bush,salal,0,1200,556,4000,0,1633283
-39636784,-57217478,1383887,3,bush,salal,0,1200,544,12000,0,1633723
-39631732,-57216912,1383701,3,grass,meadow-grass,0,450,472,12000,0,1633909
-39626040,-57217228,1383693,3,flower,herb-robert,0,350,502,20000,0,1633917
-39624770,-57217585,1383616,3,grass,meadow-grass,0,450,526,20000,0,1633994
-39620944,-57217515,1384027,3,grass,meadow-grass,0,450,586,28000,0,1633583
-39619226,-57217088,1384248,3,bush,salal,0,1200,586,28000,0,1633362
-39618736,-57216956,1384266,3,grass,meadow-grass,0,450,588,28000,0,1633344
-39617611,-57217356,1383897,3,bush,salal,0,1200,588,28000,0,1633713
-39613993,-57216982,1384068,3,grass,moss-cushion,0,220,586,34000,0,1633542
-39612342,-57217422,1383647,3,bush,salal,0,1200,607,34000,0,1633963
-39593464,-57216940,1381852,3,bush,salal,0,1200,912,50000,0,1682816
-39787403,-57216268,1439447,3,flower,primrose,0,240,142,126000,0,1531105
-39787134,-57216072,1439418,3,grass,cocksfoot,0,1000,145,126000,0,1531134
-39785978,-57216220,1439415,3,flower,fireweed,0,1200,160,126000,0,1531137
-39785404,-57216045,1439370,3,flower,red-campion,0,700,158,126000,0,1531182
-39783002,-57216434,1439287,3,flower,herb-robert,0,350,165,126000,0,1531265
-39779279,-57216128,1438968,3,flower,red-clover,0,400,174,120000,0,1531584
-39776656,-57216447,1438779,3,flower,red-campion,0,700,171,120000,0,1531773
-39770624,-57216517,1437768,3,flower,herb-robert,0,350,251,112000,0,1532784
-39768377,-57216294,1437180,3,grass,ivy-ground-layer,0,220,315,112000,0,1533372
-39767178,-57216103,1436902,3,flower,birdsfoot-trefoil,0,250,334,112000,0,1533650
-39766034,-57216002,1436613,3,flower,meadow-daisy,0,420,366,112000,0,1533939
-39763317,-57216314,1435854,3,grass,ivy-ground-layer,0,220,411,106000,0,1534698
-39761115,-57216324,1435189,3,bush,salal,0,1200,437,106000,0,1535363
-39759276,-57216334,1434434,3,bush,salal,0,1200,486,106000,0,1536118
-39749406,-57216368,1427871,3,bush,salal,0,1200,798,92000,0,1542681
-39741385,-57216033,1423346,3,bush,salal,0,1200,700,86000,0,1547206
-39739692,-57216049,1422549,3,bush,salal,0,1200,650,86000,0,1548003
-39710818,-57216222,1402419,3,bush,salal,0,1200,894,56000,0,1615191
-39684448,-57216736,1387751,3,bush,salal,0,1200,582,32000,0,1629859
-39680551,-57216507,1386217,3,grass,woolly-fringe-moss,0,220,611,26000,0,1631393
-39676527,-57216213,1384951,3,grass,feather-moss,0,220,471,26000,0,1632659
-39673633,-57216360,1384791,3,grass,meadow-grass,0,450,479,18000,0,1632819
-39669876,-57216086,1384445,3,bush,salal,0,1200,555,18000,0,1633165
-39665835,-57216173,1383919,3,flower,herb-robert,0,350,583,10000,0,1633691
-39665083,-57216277,1383764,3,grass,meadow-grass,0,450,579,10000,0,1633846
-39661792,-57216340,1383787,3,grass,woolly-fringe-moss,0,220,554,10000,0,1633823
-39660870,-57216236,1383770,3,grass,woolly-fringe-moss,0,220,533,10000,0,1633840
-39658867,-57216567,1383647,3,grass,feather-moss,0,220,510,2000,0,1633963
-39645223,-57216483,1384941,3,grass,woolly-fringe-moss,0,220,512,0,0,1632669
-39642796,-57216127,1385092,3,bush,salal,0,1200,550,4000,0,1632518
-39634925,-57216340,1384137,3,bush,salal,0,1200,539,12000,0,1633473
-39633662,-57216031,1384250,3,flower,herb-robert,0,350,521,12000,0,1633360
-39633221,-57216627,1383952,3,grass,meadow-grass,0,450,492,12000,0,1633658
-39625264,-57216734,1384012,3,flower,herb-robert,0,350,535,20000,0,1633598
-39623576,-57216325,1384332,3,grass,meadow-grass,0,450,557,20000,0,1633278
-39623089,-57216383,1384456,3,bush,salal,0,1200,569,20000,0,1633154
-39618022,-57216308,1384516,3,bush,salal,0,1200,589,28000,0,1633094
-39790646,-57215662,1439283,3,grass,feather-moss,0,220,180,132000,0,1531269
-39775275,-57215475,1438494,3,grass,bilberry-mat,0,400,239,120000,0,1532058
-39774894,-57215639,1438459,3,grass,ivy-ground-layer,0,220,246,120000,0,1532093
-39773819,-57215695,1438273,3,flower,prairie-lupine,0,900,250,120000,0,1532279
-39771579,-57215878,1437887,3,flower,oxeye-daisy,0,700,245,112000,0,1532665
-39770956,-57215754,1437760,3,flower,red-campion,0,700,259,112000,0,1532792
-39767975,-57215620,1437058,3,flower,yarrow,0,600,323,112000,0,1533494
-39758457,-57215538,1434001,3,grass,moss-cushion,0,220,505,106000,0,1536551
-39756031,-57215746,1432491,3,bush,salal,0,1200,662,98000,0,1538061
-39752944,-57215680,1430660,3,bush,salal,0,1200,805,98000,0,1539892
-39749571,-57215747,1427978,3,bush,salal,0,1200,821,92000,0,1542574
-39746201,-57215368,1425685,3,bush,salal,0,1200,859,92000,0,1544867
-39735853,-57215692,1420934,3,bush,salal,0,1200,628,86000,0,1549618
-39678804,-57215209,1385850,3,flower,herb-robert,0,350,515,26000,0,1631760
-39672691,-57215763,1384861,3,flower,herb-robert,0,350,513,18000,0,1632749
-39670867,-57215491,1384858,3,flower,herb-robert,0,350,507,18000,0,1632752
-39668610,-57215532,1384555,3,bush,salal,0,1200,590,18000,0,1633055
-39665499,-57215261,1384418,3,flower,herb-robert,0,350,577,10000,0,1633192
-39660477,-57215495,1384111,3,grass,meadow-grass,0,450,534,10000,0,1633499
-39645707,-57215553,1385409,3,bush,salal,0,1200,537,0,0,1632201
-39638615,-57215551,1384974,3,grass,moss-cushion,0,220,588,4000,0,1632636
-39638096,-57215462,1384908,3,bush,salal,0,1200,592,4000,0,1632702
-39631766,-57215658,1384326,3,grass,meadow-grass,0,450,491,12000,0,1633284
-39630414,-57215766,1384251,3,flower,herb-robert,0,350,477,12000,0,1633359
-39630133,-57215604,1384307,3,grass,meadow-grass,0,450,478,12000,0,1633303
-39619022,-57215803,1384857,3,bush,salal,0,1200,594,28000,0,1632753
-39615789,-57215374,1385009,3,bush,salal,0,1200,590,28000,0,1632601
-39609629,-57215972,1384738,3,grass,woolly-fringe-moss,0,220,635,34000,0,1632872
-39596163,-57215668,1383334,3,bush,salal,0,1200,864,50000,0,1681334
-39787339,-57214715,1439247,3,grass,ivy-ground-layer,0,220,116,126000,0,1531305
-39773833,-57214740,1438165,3,grass,ivy-ground-layer,0,220,250,120000,0,1532387
-39771577,-57215171,1437810,3,grass,feather-moss,0,220,264,112000,0,1532742
-39769797,-57214872,1437422,3,flower,primrose,0,240,312,112000,0,1533130
-39768865,-57215077,1437213,3,grass,timothy,0,900,318,112000,0,1533339
-39767957,-57214955,1437007,3,grass,jungle-groundcover,0,800,323,112000,0,1533545
-39766000,-57214401,1436406,3,grass,feather-moss,0,220,380,112000,0,1534146
-39765429,-57215162,1436352,3,grass,cocksfoot,0,1000,382,112000,0,1534200
-39764091,-57214963,1435888,3,grass,sword-fern,0,1200,389,106000,0,1534664
-39756251,-57214506,1432797,3,grass,woolly-fringe-moss,0,220,579,98000,0,1537755
-39745089,-57215009,1425115,3,bush,salal,0,1200,839,92000,0,1545437
-39737938,-57214468,1422023,3,bush,salal,0,1200,620,86000,0,1548529
-39736573,-57214834,1421403,3,bush,salal,0,1200,566,86000,0,1549149
-39733497,-57214406,1420176,3,bush,salal,0,1200,587,78000,0,1550376
-39678036,-57214628,1385825,3,grass,meadow-grass,0,450,441,26000,0,1631785
-39673518,-57214586,1385349,3,flower,herb-robert,0,350,489,18000,0,1632261
-39670371,-57214543,1385312,3,bush,salal,0,1200,501,18000,0,1632298
-39667637,-57214811,1384862,3,flower,herb-robert,0,350,558,18000,0,1632748
-39664966,-57214959,1384552,3,bush,salal,0,1200,576,10000,0,1633058
-39663997,-57214732,1384623,3,bush,salal,0,1200,562,10000,0,1632987
-39662791,-57215056,1384460,3,flower,herb-robert,0,350,549,10000,0,1633150
-39661799,-57214541,1384561,3,bush,salal,0,1200,536,10000,0,1633049
-39660704,-57214790,1384428,3,bush,salal,0,1200,534,10000,0,1633182
-39658991,-57214870,1384416,3,flower,herb-robert,0,350,532,2000,0,1633194
-39655641,-57214885,1384635,3,bush,salal,0,1200,597,2000,0,1632975
-39644918,-57214581,1386005,3,grass,meadow-grass,0,450,517,4000,0,1631605
-39626310,-57214472,1385057,3,grass,meadow-grass,0,450,567,20000,0,1632553
-39619822,-57214689,1385564,3,bush,salal,0,1200,606,28000,0,1632046
-39617158,-57214856,1385306,3,bush,salal,0,1200,613,28000,0,1632304
-39615477,-57215155,1385158,3,bush,salal,0,1200,586,28000,0,1632452
-39790303,-57214176,1439059,3,grass,bilberry-mat,0,400,203,132000,0,1531493
-39787116,-57213818,1439141,3,grass,ivy-ground-layer,0,220,109,126000,0,1531411
-39784279,-57213892,1439077,3,grass,feather-moss,0,220,155,126000,0,1531475
-39783646,-57214330,1439097,3,grass,feather-moss,0,220,157,126000,0,1531455
-39771978,-57213848,1437685,3,grass,ribwort-plantain,0,300,278,112000,0,1532867
-39768002,-57213729,1436973,3,grass,ivy-ground-layer,0,220,354,112000,0,1533579
-39765305,-57213702,1436097,3,grass,feather-moss,0,220,413,112000,0,1534455
-39756809,-57213606,1433210,3,bush,salal,0,1200,614,98000,0,1537342
-39755497,-57213983,1432404,3,bush,salal,0,1200,625,98000,0,1538148
-39730939,-57214304,1418744,3,bush,salal,0,1200,638,78000,0,1551808
-39710341,-57214177,1404072,3,bush,salal,0,1200,960,56000,0,1613538
-39676384,-57214325,1385724,3,grass,meadow-grass,0,450,420,26000,0,1631886
-39670952,-57214350,1385360,3,grass,meadow-grass,0,450,493,18000,0,1632250
-39669685,-57214003,1385481,3,flower,herb-robert,0,350,519,18000,0,1632129
-39665619,-57214004,1385160,3,bush,salal,0,1200,560,10000,0,1632450
-39663631,-57214194,1384992,3,bush,salal,0,1200,558,10000,0,1632618
-39657673,-57213604,1384967,3,grass,meadow-grass,0,450,573,2000,0,1632643
-39652640,-57213861,1385401,3,bush,salal,0,1200,670,2000,0,1632209
-39639623,-57213986,1385890,3,bush,salal,0,1200,622,4000,0,1631720
-39630289,-57214078,1385127,3,grass,meadow-grass,0,450,495,12000,0,1632483
-39625651,-57213660,1385552,3,bush,salal,0,1200,585,20000,0,1632058
-39622512,-57213663,1385849,3,bush,salal,0,1200,638,20000,0,1631761
-39620531,-57214014,1385822,3,bush,salal,0,1200,616,28000,0,1631788
-39617585,-57213758,1385983,3,bush,salal,0,1200,627,28000,0,1631627
-39616208,-57213718,1385974,3,bush,salal,0,1200,590,28000,0,1631636
-39615885,-57214309,1385658,3,bush,salal,0,1200,587,28000,0,1631952
-39789097,-57213152,1439025,3,flower,red-clover,0,400,173,132000,0,1531527
-39786593,-57213361,1439088,3,flower,red-campion,0,700,110,126000,0,1531464
-39785941,-57212858,1439028,3,grass,feather-moss,0,220,122,126000,0,1531524
-39785510,-57212848,1439021,3,flower,primrose,0,240,132,126000,0,1531531
-39782125,-57213093,1438862,3,flower,red-campion,0,700,129,126000,0,1531690
-39775863,-57213201,1438326,3,grass,ivy-ground-layer,0,220,212,120000,0,1532226
-39773108,-57213405,1437870,3,grass,bilberry-mat,0,400,290,120000,0,1532682
-39771472,-57213361,1437547,3,grass,feather-moss,0,220,280,112000,0,1533005
-39769614,-57212936,1437221,3,grass,cocksfoot,0,1000,324,112000,0,1533331
-39766973,-57213202,1436625,3,bush,salal,0,1200,357,112000,0,1533927
-39766349,-57213140,1436417,3,grass,understory-fern,0,900,369,112000,0,1534135
-39746466,-57213308,1426041,3,bush,salal,0,1200,852,92000,0,1544511
-39735562,-57213269,1421336,3,grass,moss-cushion,0,220,523,86000,0,1549216
-39678259,-57213085,1386373,3,grass,meadow-grass,0,450,459,26000,0,1631237
-39676349,-57212982,1386271,3,flower,primrose,0,240,374,26000,0,1631339
-39674781,-57213053,1386017,3,grass,meadow-grass,0,450,428,18000,0,1631593
-39669673,-57213324,1385856,3,flower,herb-robert,0,350,509,18000,0,1631754
-39669383,-57213412,1385766,3,grass,woolly-fringe-moss,0,220,518,18000,0,1631844
-39664377,-57212806,1385686,3,flower,herb-robert,0,350,562,10000,0,1631924
-39661045,-57213529,1384933,3,grass,meadow-grass,0,450,528,10000,0,1632677
-39638635,-57213293,1386066,3,bush,salal,0,1200,626,4000,0,1631544
-39634795,-57212856,1385989,3,grass,woolly-fringe-moss,0,220,606,12000,0,1631621
-39632269,-57213138,1385739,3,bush,salal,0,1200,581,12000,0,1631871
-39628591,-57212978,1385661,3,flower,herb-robert,0,350,550,20000,0,1631949
-39623554,-57213453,1385804,3,bush,salal,0,1200,623,20000,0,1631806
-39622637,-57213507,1385885,3,bush,salal,0,1200,639,20000,0,1631725
-39620892,-57212893,1386475,3,bush,salal,0,1200,651,28000,0,1631135
-39615574,-57213100,1386450,3,bush,salal,0,1200,601,28000,0,1631160
-39614244,-57212912,1386709,3,bush,salal,0,1200,624,34000,0,1630901
-39607894,-57213385,1386130,3,bush,salal,0,1200,693,34000,0,1631480
-39592926,-57212915,1384536,3,bush,salal,0,1200,865,50000,0,1680132
-39790374,-57212415,1438827,3,grass,male-fern,0,1200,202,132000,0,1531725
-39786874,-57212185,1438951,3,grass,sword-fern,0,1200,127,126000,0,1531601
-39785910,-57212493,1438984,3,flower,red-clover,0,400,126,126000,0,1531568
-39785337,-57212313,1438959,3,grass,male-fern,0,1200,142,126000,0,1531593
-39783989,-57212059,1438872,3,flower,red-campion,0,700,144,126000,0,1531680
-39780903,-57212106,1438686,3,grass,feather-moss,0,220,156,126000,0,1531866
-39780521,-57212794,1438704,3,flower,meadow-daisy,0,420,157,126000,0,1531848
-39777214,-57212048,1438412,3,grass,bilberry-mat,0,400,189,120000,0,1532140
-39775927,-57212103,1438253,3,flower,red-campion,0,700,203,120000,0,1532299
-39775150,-57212192,1438128,3,flower,fireweed,0,1200,226,120000,0,1532424
-39773599,-57212494,1437838,3,grass,sword-fern,0,1200,273,120000,0,1532714
-39762110,-57212049,1435000,3,grass,wood-sedge,0,500,380,106000,0,1535552
-39735438,-57212413,1421325,3,bush,salal,0,1200,564,86000,0,1549227
-39676155,-57212291,1386505,3,grass,hair-cap-moss,1,240,370,26000,0,1631105
-39675148,-57212378,1386342,3,flower,primrose,0,240,400,26000,0,1631268
-39673233,-57212427,1386115,3,flower,herb-robert,0,350,457,18000,0,1631495
-39672073,-57212487,1386150,3,grass,feather-moss,0,220,476,18000,0,1631460
-39671836,-57212491,1386169,3,bush,salal,0,1200,477,18000,0,1631441
-39663021,-57212338,1385712,3,bush,salal,0,1200,535,10000,0,1631898
-39661367,-57212199,1385675,3,flower,harebell,0,350,532,10000,0,1631935
-39659036,-57212513,1385522,3,grass,meadow-grass,0,450,536,2000,0,1632088
-39656000,-57212103,1385956,3,bush,salal,0,1200,618,2000,0,1631654
-39653216,-57212756,1385895,3,bush,salal,0,1200,675,2000,0,1631715
-39652217,-57212099,1386409,3,bush,salal,0,1200,691,0,0,1631201
-39648093,-57212529,1386698,3,bush,salal,0,1200,635,0,0,1630912
-39645661,-57212473,1387078,3,bush,salal,0,1200,547,0,0,1630532
-39639140,-57212171,1386757,3,bush,salal,0,1200,638,4000,0,1630853
-39626898,-57212091,1386275,3,bush,salal,0,1200,609,20000,0,1631335
-39617334,-57212558,1386597,3,bush,salal,0,1200,627,28000,0,1631013
-39612323,-57212551,1386958,3,grass,woolly-fringe-moss,0,220,601,34000,0,1630652
-39611177,-57212174,1387175,3,bush,salal,0,1200,630,34000,0,1630435
-39606489,-57212443,1386586,3,bush,salal,0,1200,738,42000,0,1631024
-39606094,-57212153,1386723,3,bush,salal,0,1200,749,42000,0,1630887
-39596961,-57212643,1385524,3,bush,salal,0,1200,865,50000,0,1679144
-39576073,-57212214,1383097,3,bush,salal,0,1200,871,50000,0,1681571
-39779505,-57211641,1438550,3,grass,feather-moss,0,220,135,120000,0,1532002
-39776836,-57211882,1438360,3,flower,field-scabious,0,800,188,120000,0,1532192
-39776087,-57211335,1438238,3,grass,ivy-ground-layer,0,220,183,120000,0,1532314
-39774999,-57211490,1438080,3,grass,bilberry-mat,0,400,207,120000,0,1532472
-39773268,-57211997,1437763,3,flower,yarrow,0,600,249,120000,0,1532789
-39766539,-57211734,1436426,3,flower,herb-robert,0,350,256,112000,0,1534126
-39766029,-57211490,1436268,3,flower,red-campion,0,700,299,112000,0,1534284
-39764242,-57211748,1435600,3,grass,feather-moss,0,220,393,106000,0,1534952
-39763600,-57211782,1435398,3,grass,feather-moss,0,220,406,106000,0,1535154
-39761316,-57211694,1434839,3,flower,herb-robert,0,350,485,106000,0,1535713
-39759858,-57211924,1434265,3,grass,feather-moss,0,220,470,106000,0,1536287
-39756510,-57211887,1433065,3,bush,salal,0,1200,742,98000,0,1537487
-39747546,-57211244,1427371,3,bush,salal,0,1200,846,92000,0,1543181
-39744059,-57211490,1425413,3,bush,salal,0,1200,815,92000,0,1545139
-39740401,-57211959,1423551,3,bush,salal,0,1200,659,86000,0,1547001
-39737946,-57211857,1422544,3,flower,herb-robert,0,350,582,86000,0,1548008
-39736511,-57211697,1421881,3,bush,salal,0,1200,558,86000,0,1548671
-39718596,-57211301,1407378,3,flower,herb-robert,0,350,531,62000,0,1610232
-39675119,-57211324,1386674,3,grass,hair-cap-moss,1,240,386,26000,0,1630936
-39674105,-57211617,1386462,3,grass,ivy-ground-layer,0,220,423,18000,0,1631148
-39672894,-57211889,1386333,3,bush,salal,0,1200,451,18000,0,1631277
-39671320,-57211655,1386531,3,flower,herb-robert,0,350,468,18000,0,1631079
-39670193,-57211828,1386537,3,grass,meadow-grass,0,450,479,18000,0,1631073
-39664127,-57211789,1386149,3,grass,meadow-grass,0,450,538,10000,0,1631461
-39661917,-57211723,1385887,3,grass,woolly-fringe-moss,0,220,520,10000,0,1631723
-39646955,-57211382,1387454,3,bush,salal,0,1200,609,0,0,1630156
-39643511,-57211337,1387653,3,bush,salal,0,1200,550,4000,0,1629957
-39639519,-57211724,1387030,3,bush,salal,0,1200,639,4000,0,1630580
-39637023,-57211908,1386542,3,bush,salal,0,1200,664,12000,0,1631068
-39635477,-57211628,1386525,3,bush,salal,0,1200,642,12000,0,1631085
-39629528,-57211637,1386411,3,bush,salal,0,1200,567,20000,0,1631199
-39626392,-57211371,1386700,3,bush,salal,0,1200,644,20000,0,1630910
-39623310,-57211588,1386971,3,bush,salal,0,1200,678,20000,0,1630639
-39607123,-57211635,1387143,3,bush,salal,0,1200,721,42000,0,1630467
-39592550,-57211362,1385595,3,bush,salal,0,1200,906,50000,0,1679073
-39587991,-57211644,1384939,3,bush,salal,0,1200,917,56000,0,1679729
-39575798,-57211726,1383673,3,bush,salal,0,1200,881,50000,0,1680995
-39791309,-57210893,1438536,3,flower,oxeye-daisy,0,700,208,132000,0,1532016
-39787374,-57210824,1438757,3,grass,male-fern,0,1200,172,126000,0,1531795
-39786981,-57211075,1438796,3,flower,prairie-lupine,0,900,158,126000,0,1531756
-39776899,-57211042,1438328,3,grass,ribwort-plantain,0,300,172,120000,0,1532224
-39773537,-57210539,1437861,3,grass,male-fern,0,1200,224,120000,0,1532691
-39771044,-57210893,1437398,3,grass,sword-fern,0,1200,204,112000,0,1533154
-39767727,-57210732,1436745,3,grass,bilberry-mat,0,400,220,112000,0,1533807
-39764255,-57211140,1435747,3,grass,cocksfoot,0,1000,417,106000,0,1534805
-39763602,-57210796,1435642,3,grass,bilberry-mat,0,400,417,106000,0,1534910
-39739180,-57210928,1423317,3,bush,salal,0,1200,618,86000,0,1547235
-39737794,-57211013,1422570,3,flower,herb-robert,0,350,548,86000,0,1547982
-39716132,-57210773,1406814,3,bush,salal,0,1200,676,62000,0,1610796
-39645223,-57210507,1388020,3,bush,salal,0,1200,528,0,0,1629590
-39639363,-57210405,1387745,3,bush,salal,0,1200,640,4000,0,1629865
-39637744,-57211174,1387024,3,bush,salal,0,1200,643,4000,0,1630586
-39632175,-57210489,1387000,3,bush,salal,0,1200,614,12000,0,1630610
-39631790,-57211014,1386698,3,bush,salal,0,1200,602,12000,0,1630912
-39600739,-57210561,1387481,3,bush,salal,0,1200,856,42000,0,1630129
-39590285,-57211065,1385621,3,bush,salal,0,1200,920,56000,0,1679047
-39790852,-57210034,1438464,3,flower,red-campion,0,700,212,132000,0,1532088
-39790153,-57210198,1438526,3,grass,jungle-groundcover,0,800,212,132000,0,1532026
-39786131,-57210051,1438640,3,grass,cocksfoot,0,1000,146,126000,0,1531912
-39785409,-57210010,1438632,3,grass,ivy-ground-layer,0,220,137,126000,0,1531920
-39782477,-57209878,1438578,3,bush,salal,0,1200,122,130000,0,1531974
-39778936,-57210220,1438427,3,grass,feather-moss,0,220,139,120000,0,1532125
-39778321,-57210263,1438397,3,grass,moss-cushion,0,220,148,120000,0,1532155
-39777015,-57209686,1438284,3,grass,ivy-ground-layer,0,220,182,122000,0,1532268
-39775327,-57209933,1438121,3,grass,ivy-ground-layer,0,220,195,122000,0,1532431
-39774929,-57209753,1438062,3,grass,feather-moss,0,220,211,122000,0,1532490
-39773457,-57209700,1437845,3,grass,feather-moss,0,220,249,122000,0,1532707
-39765664,-57209737,1436271,3,grass,bilberry-mat,0,400,233,116000,0,1534281
-39764615,-57210024,1436020,3,grass,cocksfoot,0,1000,289,106000,0,1534532
-39737939,-57210229,1422794,3,bush,salal,0,1200,588,86000,0,1547758
-39718407,-57210168,1407537,3,bush,salal,0,1200,557,62000,0,1610073
-39718323,-57210235,1407462,3,grass,woolly-fringe-moss,0,220,559,62000,0,1610148
-39684607,-57209664,1389175,3,bush,salal,0,1200,689,32000,0,1628435
-39683269,-57209879,1388532,3,bush,salal,0,1200,600,32000,0,1629078
-39678962,-57210109,1387139,3,grass,cocksfoot,0,1000,345,26000,0,1630471
-39673164,-57209772,1387130,3,flower,foxglove,0,1500,393,18000,0,1630480
-39672256,-57209753,1387204,3,grass,hair-cap-moss,1,240,398,18000,0,1630406
-39667421,-57209767,1387249,3,grass,feather-moss,0,220,460,10000,0,1630361
-39644942,-57210387,1388137,3,grass,meadow-grass,0,450,513,4000,0,1629473
-39638378,-57210048,1387680,3,bush,salal,0,1200,639,4000,0,1629930
-39636122,-57209864,1387449,3,bush,salal,0,1200,628,12000,0,1630161
-39633834,-57209941,1387340,3,bush,salal,0,1200,621,12000,0,1630270
-39631137,-57210399,1387134,3,grass,moss-cushion,0,220,593,12000,0,1630476
-39613032,-57210007,1388359,3,bush,salal,0,1200,655,34000,0,1629251
-39606033,-57210389,1387933,3,bush,salal,0,1200,777,42000,0,1629677
-39777792,-57209570,1438320,3,grass,bilberry-mat,0,400,174,122000,0,1532232
-39773966,-57209297,1437897,3,flower,primrose,0,240,260,122000,0,1532655
-39772652,-57208934,1437665,3,flower,large-trillium,0,350,277,122000,0,1532887
-39769294,-57208822,1436970,3,grass,feather-moss,0,220,297,116000,0,1533582
-39763497,-57209512,1435751,3,flower,common-knapweed,0,800,272,108000,0,1534801
-39759037,-57209277,1434637,3,flower,oxeye-daisy,0,700,285,108000,0,1535915
-39745885,-57209042,1426971,3,bush,salal,0,1200,686,92000,0,1543581
-39745289,-57209130,1426603,3,bush,salal,0,1200,667,92000,0,1543949
-39744156,-57208993,1425977,3,bush,salal,0,1200,579,92000,0,1544575
-39741518,-57209302,1424619,3,bush,salal,0,1200,629,86000,0,1545933
-39739935,-57209477,1423984,3,bush,salal,0,1200,630,86000,0,1546568
-39738868,-57209084,1423332,3,bush,salal,0,1200,728,86000,0,1547220
-39716588,-57208905,1407948,3,bush,salal,0,1200,778,62000,0,1562604
-39680059,-57209561,1387390,3,grass,harts-tongue-fern,1,500,322,26000,0,1630220
-39676137,-57209178,1387377,3,flower,primrose,0,240,324,26000,0,1630233
-39674684,-57209345,1387318,3,flower,large-trillium,0,350,327,18000,0,1630292
-39673783,-57209237,1387321,3,bush,salal,0,1200,362,18000,0,1630289
-39673600,-57209401,1387247,3,flower,herb-robert,0,350,377,18000,0,1630363
-39672342,-57209068,1387474,3,flower,red-clover,0,400,375,18000,0,1630136
-39668411,-57209348,1387500,3,grass,meadow-grass,0,450,429,18000,0,1630110
-39663295,-57209019,1387268,3,flower,herb-robert,0,350,493,10000,0,1630342
-39662885,-57209375,1387032,3,grass,meadow-grass,0,450,494,10000,0,1630578
-39658610,-57208867,1387356,3,bush,salal,0,1200,596,2000,0,1630254
-39651841,-57208986,1388079,3,bush,salal,0,1200,708,0,0,1629531
-39644057,-57209025,1388783,3,bush,salal,0,1200,538,4000,0,1628827
-39626616,-57209359,1387930,3,bush,salal,0,1200,703,20000,0,1629680
-39625927,-57208932,1388224,3,bush,salal,0,1200,731,20000,0,1629386
-39791466,-57208030,1438120,3,grass,sword-fern,0,1200,213,134000,0,1532432
-39783590,-57208205,1438402,3,grass,sword-fern,0,1200,128,130000,0,1532150
-39773403,-57208473,1437728,3,grass,bilberry-mat,0,400,291,122000,0,1532824
-39771682,-57208591,1437447,3,flower,oxeye-daisy,0,700,266,116000,0,1533105
-39770326,-57208757,1437212,3,grass,feather-moss,0,220,274,116000,0,1533340
-39768319,-57208744,1436757,3,flower,oxeye-daisy,0,700,300,116000,0,1533795
-39758808,-57208593,1434527,3,grass,timothy,0,900,324,108000,0,1536025
-39720110,-57208052,1408744,3,grass,moss-cushion,0,220,505,70000,0,1561808
-39718439,-57208494,1408398,3,grass,woolly-fringe-moss,0,220,611,62000,0,1562154
-39679700,-57208149,1387668,3,grass,lady-fern,1,900,276,26000,0,1629942
-39675120,-57208653,1387542,3,grass,sword-fern,0,1200,324,26000,0,1630068
-39672621,-57208473,1387670,3,flower,herb-robert,0,350,359,18000,0,1629940
-39669966,-57208070,1388003,3,grass,lady-fern,1,900,372,18000,0,1629607
-39668358,-57208550,1387844,3,flower,fireweed,0,1200,414,18000,0,1629766
-39665425,-57208219,1387842,3,bush,salal,0,1200,486,10000,0,1629768
-39663836,-57208632,1387538,3,grass,meadow-grass,0,450,497,10000,0,1630072
-39658575,-57208734,1387449,3,bush,salal,0,1200,600,2000,0,1630161
-39650067,-57208260,1388751,3,bush,salal,0,1200,673,0,0,1628859
-39645239,-57208641,1389013,3,bush,salal,0,1200,507,0,0,1628597
-39644393,-57208326,1389142,3,bush,salal,0,1200,512,4000,0,1628468
-39637730,-57208731,1388225,3,bush,salal,0,1200,641,4000,0,1629385
-39634008,-57208427,1388082,3,bush,salal,0,1200,593,12000,0,1629528
-39632868,-57208344,1388088,3,bush,salal,0,1200,588,12000,0,1629522
-39614353,-57208446,1389547,3,bush,salal,0,1200,731,34000,0,1628063
-39613167,-57208033,1389780,3,bush,salal,0,1200,767,34000,0,1627830
-39780065,-57207775,1438231,3,grass,feather-moss,0,220,178,130000,0,1532321
-39777178,-57207918,1438102,3,grass,feather-moss,0,220,232,122000,0,1532450
-39768606,-57207616,1436735,3,grass,feather-moss,0,220,277,116000,0,1533817
-39765918,-57207406,1436157,3,flower,meadow-daisy,0,420,282,116000,0,1534395
-39764546,-57207237,1435792,3,grass,woolly-fringe-moss,0,220,289,108000,0,1534760
-39763927,-57207644,1435677,3,grass,woolly-fringe-moss,0,220,312,108000,0,1534875
-39678111,-57207421,1387887,3,grass,lady-fern,1,900,278,26000,0,1629723
-39675847,-57207579,1387869,3,grass,wood-horsetail,1,500,348,26000,0,1629741
-39673145,-57207814,1387861,3,grass,male-fern,0,1200,355,18000,0,1629749
-39663646,-57207938,1387867,3,grass,meadow-grass,0,450,479,10000,0,1629743
-39662760,-57207799,1387811,3,grass,feather-moss,0,220,516,10000,0,1629799
-39661969,-57207624,1387846,3,bush,salal,0,1200,531,10000,0,1629764
-39660282,-57207766,1387900,3,grass,woolly-fringe-moss,0,220,547,10000,0,1629710
-39651197,-57207510,1389091,3,bush,salal,0,1200,658,0,0,1628519
-39643105,-57207861,1389394,3,grass,meadow-grass,0,450,555,4000,0,1628216
-39642097,-57207530,1389563,3,bush,salal,0,1200,579,4000,0,1628047
-39640259,-57207453,1389429,3,bush,salal,0,1200,595,4000,0,1628181
-39637917,-57207543,1388935,3,bush,salal,0,1200,637,4000,0,1628675
-39632211,-57207362,1388740,3,bush,salal,0,1200,585,12000,0,1628870
-39627556,-57207208,1389165,3,bush,salal,0,1200,736,20000,0,1628445
-39625831,-57207645,1389108,3,bush,salal,0,1200,769,20000,0,1628502
-39611668,-57207845,1389991,3,bush,salal,0,1200,762,34000,0,1627619
-39594496,-57207686,1389442,3,bush,salal,0,1200,965,50000,0,1628168
-39788840,-57206439,1437943,3,flower,red-campion,0,700,233,134000,0,1532609
-39787682,-57207070,1438140,3,grass,ivy-ground-layer,0,220,218,134000,0,1532412
-39777475,-57207126,1437988,3,grass,moss-cushion,0,220,244,122000,0,1532564
-39776225,-57206879,1437818,3,grass,wood-sedge,0,500,257,122000,0,1532734
-39774673,-57207073,1437675,3,flower,primrose,0,240,266,122000,0,1532877
-39769202,-57206629,1436755,3,grass,bilberry-mat,0,400,265,116000,0,1533797
-39767914,-57207026,1436549,3,grass,ivy-ground-layer,0,220,273,116000,0,1534003
-39764789,-57206865,1435785,3,grass,ribwort-plantain,0,300,274,108000,0,1534767
-39761117,-57207178,1435012,3,flower,primrose,0,240,239,108000,0,1535540
-39759138,-57206475,1434517,3,grass,ivy-ground-layer,0,220,252,108000,0,1536035
-39756891,-57206527,1433956,3,grass,bilberry-mat,0,400,257,100000,0,1536596
-39756433,-57207123,1433781,3,grass,moss-cushion,0,220,335,100000,0,1536771
-39723180,-57206856,1409843,3,flower,herb-robert,0,350,520,70000,0,1560709
-39722059,-57206660,1409375,3,grass,feather-moss,0,220,446,70000,0,1561177
-39682038,-57206495,1388316,3,bush,salal,0,1200,362,26000,0,1629294
-39681592,-57206731,1388182,3,grass,bilberry-mat,0,400,244,26000,0,1629428
-39673784,-57207128,1388144,3,grass,harts-tongue-fern,1,500,355,18000,0,1629466
-39673018,-57206504,1388385,3,grass,lady-fern,1,900,335,18000,0,1629225
-39663032,-57206853,1388317,3,bush,salal,0,1200,508,10000,0,1629293
-39660761,-57206671,1388467,3,flower,herb-robert,0,350,540,10000,0,1629143
-39658487,-57206869,1388521,3,grass,woolly-fringe-moss,0,220,600,2000,0,1629089
-39658378,-57207183,1388339,3,bush,salal,0,1200,606,2000,0,1629271
-39646253,-57206586,1390078,3,grass,brook-moss-cushion,1,220,531,0,0,1627532
-39640794,-57206996,1389734,3,bush,salal,0,1200,576,4000,0,1627876
-39639993,-57206857,1389697,3,bush,salal,0,1200,588,4000,0,1627913
-39631388,-57207096,1389045,3,bush,salal,0,1200,592,12000,0,1628565
-39629970,-57207153,1389186,3,bush,salal,0,1200,648,20000,0,1628424
-39625397,-57206662,1389758,3,bush,salal,0,1200,802,20000,0,1627852
-39617107,-57206888,1390279,3,bush,salal,0,1200,838,28000,0,1627331
-39615293,-57207129,1390235,3,bush,salal,0,1200,793,28000,0,1627375
-39791161,-57205816,1437722,3,flower,primrose,0,240,247,134000,0,1532830
-39789061,-57205734,1437766,3,grass,wood-sedge,0,500,251,134000,0,1532786
-39785759,-57205991,1438014,3,flower,herb-robert,0,350,211,130000,0,1532538
-39784317,-57206227,1438097,3,flower,red-campion,0,700,163,130000,0,1532455
-39775432,-57206063,1437579,3,grass,wood-sedge,0,500,256,122000,0,1532973
-39773344,-57206372,1437426,3,grass,understory-fern,0,900,267,122000,0,1533126
-39769733,-57205973,1436767,3,flower,primrose,0,240,264,116000,0,1533785
-39769161,-57205879,1436650,3,grass,bilberry-mat,0,400,267,116000,0,1533902
-39766660,-57205687,1436133,3,grass,ivy-ground-layer,0,220,287,116000,0,1534419
-39761344,-57205706,1434992,3,flower,meadow-daisy,0,420,237,108000,0,1535560
-39759271,-57205700,1434513,3,grass,sword-fern,0,1200,242,108000,0,1536039
-39724616,-57206020,1410385,3,bush,salal,0,1200,716,70000,0,1560167
-39681649,-57206200,1388238,3,grass,timothy,0,900,235,26000,0,1629372
-39676300,-57206209,1388312,3,grass,sword-fern,0,1200,311,26000,0,1629298
-39671423,-57206083,1388560,3,grass,male-fern,0,1200,333,18000,0,1629050
-39666707,-57205609,1389014,3,grass,male-fern,0,1200,390,10000,0,1628596
-39658306,-57205684,1389204,3,bush,salal,0,1200,596,2000,0,1628406
-39644562,-57205617,1390539,3,bush,salal,0,1200,470,4000,0,1627071
-39643779,-57206122,1390276,3,bush,salal,0,1200,483,4000,0,1627334
-39640400,-57205814,1390244,3,bush,salal,0,1200,552,4000,0,1627366
-39634209,-57205780,1389879,3,bush,salal,0,1200,601,12000,0,1627731
-39626919,-57205930,1390024,3,bush,salal,0,1200,782,20000,0,1627586
-39624074,-57206259,1390015,3,bush,salal,0,1200,826,20000,0,1627595
-39621412,-57205995,1390653,3,bush,salal,0,1200,862,28000,0,1626957
-39616059,-57205935,1390984,3,bush,salal,0,1200,851,28000,0,1626626
-39609301,-57206127,1391515,3,bush,salal,0,1200,834,34000,0,1626095
-39608005,-57206089,1391557,3,bush,salal,0,1200,848,34000,0,1626053
-39548400,-57206346,1391508,3,bush,salal,0,1200,929,56000,0,1626102
-39784552,-57205180,1437916,3,grass,sword-fern,0,1200,174,130000,0,1532636
-39783060,-57205290,1437942,3,grass,sword-fern,0,1200,160,130000,0,1532610
-39780871,-57205244,1437966,3,grass,male-fern,0,1200,170,130000,0,1532586
-39778384,-57205444,1437811,3,grass,moss-cushion,0,220,218,122000,0,1532741
-39776861,-57205188,1437596,3,bush,salal,0,1200,237,122000,0,1532956
-39770703,-57205532,1436927,3,grass,timothy,0,900,266,116000,0,1533625
-39761305,-57204858,1434957,3,grass,feather-moss,0,220,253,108000,0,1535595
-39757081,-57205556,1434050,3,grass,ivy-ground-layer,0,220,286,100000,0,1536502
-39725728,-57204925,1410409,3,flower,herb-robert,0,350,520,70000,0,1560143
-39682861,-57205138,1388713,3,grass,meadow-grass,0,450,516,32000,0,1628897
-39681947,-57205478,1388365,3,grass,male-fern,0,1200,358,26000,0,1629245
-39680713,-57205243,1388336,3,grass,wood-sedge,0,500,252,26000,0,1629274
-39678216,-57205170,1388524,3,flower,red-clover,0,400,254,26000,0,1629086
-39675670,-57204804,1388708,3,grass,sedge-tussock,1,600,274,26000,0,1628902
-39675101,-57205585,1388559,3,grass,moss-cushion,0,220,291,26000,0,1629051
-39674056,-57205338,1388694,3,grass,ribwort-plantain,0,300,309,18000,0,1628916
-39671857,-57204881,1388931,3,flower,herb-robert,0,350,327,18000,0,1628679
-39661643,-57205180,1389171,3,bush,salal,0,1200,536,10000,0,1628439
-39651964,-57204804,1390519,3,bush,salal,0,1200,619,0,0,1627091
-39649690,-57204917,1390805,3,bush,salal,0,1200,561,0,0,1626805
-39648507,-57205013,1390779,3,grass,brook-moss-cushion,1,220,540,0,0,1626831
-39644518,-57205148,1390764,3,grass,feather-moss,0,220,463,4000,0,1626846
-39641086,-57205313,1390542,3,grass,woolly-fringe-moss,0,220,542,4000,0,1627068
-39640538,-57205388,1390521,3,flower,herb-robert,0,350,542,4000,0,1627089
-39639881,-57204897,1390715,3,grass,meadow-grass,0,450,539,4000,0,1626895
-39638651,-57205271,1390428,3,bush,salal,0,1200,576,4000,0,1627182
-39634984,-57204979,1390358,3,bush,salal,0,1200,586,12000,0,1627252
-39634152,-57205309,1390116,3,bush,salal,0,1200,593,12000,0,1627494
-39630025,-57205347,1390385,3,bush,salal,0,1200,719,12000,0,1627225
-39627584,-57205189,1390501,3,bush,salal,0,1200,788,20000,0,1627109
-39790636,-57204146,1437393,3,grass,ivy-ground-layer,0,220,234,134000,0,1533159
-39789528,-57204699,1437511,3,grass,wood-sedge,0,500,243,134000,0,1533041
-39786561,-57204201,1437634,3,grass,feather-moss,0,220,260,130000,0,1532918
-39783194,-57204231,1437783,3,flower,large-trillium,0,350,163,130000,0,1532769
-39779092,-57204038,1437705,3,grass,ivy-ground-layer,0,220,210,122000,0,1532847
-39772952,-57204551,1437156,3,grass,sword-fern,0,1200,262,122000,0,1533396
-39769836,-57204429,1436654,3,grass,male-fern,0,1200,251,116000,0,1533898
-39767716,-57204679,1436291,3,grass,ivy-ground-layer,0,220,272,116000,0,1534261
-39764794,-57204508,1435598,3,grass,bilberry-mat,0,400,238,108000,0,1534954
-39759975,-57204012,1434603,3,grass,ivy-ground-layer,0,220,262,108000,0,1535949
-39758852,-57204098,1434400,3,grass,bilberry-mat,0,400,227,108000,0,1536152
-39722564,-57204291,1410224,3,grass,woolly-fringe-moss,0,220,630,70000,0,1560328
-39683605,-57204013,1389066,3,grass,moss-cushion,0,220,457,32000,0,1628544
-39679383,-57204642,1388560,3,grass,hair-cap-moss,1,240,209,26000,0,1629050
-39678956,-57204600,1388607,3,flower,harebell,0,350,229,26000,0,1629003
-39676674,-57204512,1388729,3,grass,sedge-tussock,1,600,267,26000,0,1628881
-39672970,-57204446,1388996,3,bush,salal,0,1200,318,18000,0,1628614
-39671300,-57204251,1389099,3,grass,cocksfoot,0,1000,347,18000,0,1628511
-39669944,-57204426,1389056,3,flower,impatiens,1,350,383,18000,0,1628554
-39668182,-57204278,1389323,3,flower,primrose,0,240,402,18000,0,1628287
-39666337,-57204222,1389548,3,flower,meadow-daisy,0,420,418,10000,0,1628062
-39663821,-57204527,1389459,3,bush,salal,0,1200,483,10000,0,1628151
-39659208,-57204239,1389821,3,bush,salal,0,1200,598,2000,0,1627789
-39658712,-57204464,1389831,3,bush,salal,0,1200,605,2000,0,1627779
-39653245,-57204087,1390876,3,bush,salal,0,1200,610,2000,0,1626734
-39651585,-57204274,1390893,3,bush,salal,0,1200,593,0,0,1626717
-39646446,-57204520,1391013,3,grass,feather-moss,0,220,503,0,0,1626597
-39645265,-57204577,1391062,3,grass,feather-moss,0,220,478,0,0,1626548
-39644144,-57204184,1391235,3,grass,feather-moss,0,220,464,4000,0,1626375
-39629405,-57204080,1391269,3,bush,salal,0,1200,784,20000,0,1626341
-39628107,-57204616,1390869,3,bush,salal,0,1200,786,20000,0,1626741
-39615756,-57204575,1391998,3,bush,salal,0,1200,910,28000,0,1625612
-39609363,-57204341,1393173,3,bush,salal,0,1200,870,34000,0,1624437
-39607049,-57204241,1393141,3,bush,salal,0,1200,866,42000,0,1624469
-39552934,-57204522,1393209,3,bush,salal,0,1200,851,56000,0,1624401
-39791249,-57203223,1437232,3,grass,feather-moss,0,220,226,134000,0,1533320
-39789796,-57203368,1437287,3,flower,red-campion,0,700,226,134000,0,1533265
-39785205,-57203953,1437682,3,grass,male-fern,0,1200,227,130000,0,1532870
-39779292,-57203647,1437659,3,bush,salal,0,1200,208,122000,0,1532893
-39778334,-57203277,1437527,3,grass,bilberry-mat,0,400,238,122000,0,1533025
-39776449,-57203620,1437345,3,flower,primrose,0,240,266,122000,0,1533207
-39774339,-57203551,1437115,3,grass,bilberry-mat,0,400,261,122000,0,1533437
-39764613,-57203324,1435546,3,grass,moss-cushion,0,220,216,108000,0,1535006
-39759147,-57203359,1434434,3,flower,herb-robert,0,350,255,108000,0,1536118
-39758069,-57203880,1434229,3,grass,woolly-fringe-moss,0,220,374,108000,0,1536323
-39727700,-57203417,1410751,3,flower,herb-robert,0,350,500,78000,0,1559801
-39724576,-57203865,1410302,3,bush,salal,0,1200,250,70000,0,1560250
-39723131,-57203817,1410291,3,bush,salal,0,1200,619,70000,0,1560261
-39680841,-57203795,1388654,3,flower,primrose,0,240,222,26000,0,1628956
-39680052,-57203608,1388721,3,grass,ivy-ground-layer,0,220,209,26000,0,1628889
-39678862,-57203493,1388824,3,grass,ivy-ground-layer,0,220,240,26000,0,1628786
-39660229,-57203937,1389863,3,flower,herb-robert,0,350,579,10000,0,1627747
-39651485,-57203839,1391083,3,bush,salal,0,1200,583,0,0,1626527
-39650320,-57203776,1391313,3,grass,woolly-fringe-moss,0,220,552,0,0,1626297
-39648884,-57203249,1391643,3,bush,salal,0,1200,532,0,0,1625967
-39640166,-57203364,1391464,3,grass,meadow-grass,0,450,533,4000,0,1626146
-39637673,-57203571,1391284,3,bush,salal,0,1200,561,4000,0,1626326
-39637073,-57203202,1391391,3,grass,meadow-grass,0,450,568,12000,0,1626219
-39630818,-57203342,1391600,3,bush,salal,0,1200,783,12000,0,1626010
-39550615,-57203264,1394339,3,bush,salal,0,1200,783,56000,0,1623271
-39790758,-57202765,1437167,3,grass,timothy,0,900,230,134000,0,1533385
-39786812,-57202921,1437400,3,grass,timothy,0,900,237,130000,0,1533152
-39780978,-57202877,1437598,3,bush,salal,0,1200,166,130000,0,1532954
-39779723,-57203196,1437614,3,grass,wood-sedge,0,500,196,122000,0,1532938
-39776088,-57203015,1437215,3,grass,sword-fern,0,1200,266,122000,0,1533337
-39774471,-57202425,1436961,3,flower,herb-robert,0,350,266,122000,0,1533591
-39774264,-57202801,1437009,3,grass,bilberry-mat,0,400,264,122000,0,1533543
-39767227,-57202775,1436013,3,grass,wood-sedge,0,500,251,116000,0,1534539
-39766834,-57202600,1435913,3,grass,male-fern,0,1200,240,116000,0,1534639
-39765645,-57202625,1435711,3,grass,wood-sedge,0,500,216,116000,0,1534841
-39765459,-57202455,1435669,3,grass,wood-sedge,0,500,214,116000,0,1534883
-39762136,-57202471,1435096,3,grass,moss-cushion,0,220,253,108000,0,1535456
-39761302,-57202917,1434943,3,grass,wood-sedge,0,500,248,108000,0,1535609
-39759590,-57202725,1434536,3,bush,salal,0,1200,251,108000,0,1536016
-39729176,-57202429,1411147,3,bush,salal,0,1200,638,78000,0,1559405
-39725227,-57202838,1410590,3,bush,salal,0,1200,621,70000,0,1559962
-39674951,-57202647,1389223,3,grass,ribwort-plantain,0,300,287,18000,0,1628387
-39667519,-57202546,1390007,3,grass,meadow-grass,0,450,406,18000,0,1627603
-39652767,-57202834,1391507,3,bush,salal,0,1200,585,2000,0,1626103
-39651556,-57203125,1391384,3,bush,salal,0,1200,577,0,0,1626226
-39642671,-57202724,1391858,3,grass,woolly-fringe-moss,0,220,511,4000,0,1625752
-39641037,-57203040,1391674,3,bush,salal,0,1200,532,4000,0,1625936
-39639776,-57202450,1391944,3,grass,meadow-grass,0,450,534,4000,0,1625666
-39638665,-57202596,1391846,3,grass,meadow-grass,0,450,531,4000,0,1625764
-39638229,-57202696,1391764,3,grass,meadow-grass,0,450,533,4000,0,1625846
-39633532,-57202643,1391741,3,bush,salal,0,1200,653,12000,0,1625869
-39629890,-57202404,1392435,3,bush,salal,0,1200,831,20000,0,1625175
-39538535,-57202737,1395089,3,bush,salal,0,1200,876,54000,0,1622521
-39790561,-57202356,1437116,3,flower,primrose,0,240,238,136000,0,1533436
-39789331,-57202123,1437124,3,flower,meadow-daisy,0,420,246,136000,0,1533428
-39783355,-57201788,1437342,3,grass,bilberry-mat,0,400,224,130000,0,1533210
-39780749,-57202183,1437492,3,flower,red-campion,0,700,168,130000,0,1533060
-39779512,-57201746,1437397,3,grass,sword-fern,0,1200,214,122000,0,1533155
-39778545,-57201673,1437296,3,flower,large-trillium,0,350,258,122000,0,1533256
-39770982,-57202181,1436506,3,bush,salal,0,1200,221,116000,0,1534046
-39765148,-57201956,1435602,3,grass,sword-fern,0,1200,214,116000,0,1534950
-39763330,-57201956,1435319,3,grass,ivy-ground-layer,0,220,233,108000,0,1535233
-39761095,-57201699,1434876,3,grass,bilberry-mat,0,400,227,108000,0,1535676
-39760364,-57202224,1434743,3,flower,red-campion,0,700,214,108000,0,1535809
-39729908,-57201906,1411449,3,bush,salal,0,1200,714,78000,0,1559103
-39682363,-57202042,1389024,3,flower,jungle-understory-flower,0,750,218,26000,0,1628586
-39680861,-57202224,1388987,3,grass,harts-tongue-fern,1,500,199,26000,0,1628623
-39679810,-57201811,1389090,3,grass,bilberry-mat,0,400,225,26000,0,1628520
-39677369,-57202200,1389109,3,grass,hair-cap-moss,1,240,264,26000,0,1628501
-39673758,-57202191,1389454,3,flower,birdsfoot-trefoil,0,250,317,18000,0,1628156
-39670005,-57201701,1390007,3,grass,hair-cap-moss,1,240,416,18000,0,1627603
-39666574,-57202278,1390198,3,bush,salal,0,1200,419,10000,0,1627412
-39649484,-57201948,1392124,3,bush,salal,0,1200,537,0,1,1625486
-39646790,-57201783,1392251,3,grass,meadow-grass,0,450,504,0,0,1625359
-39645310,-57201713,1392286,3,grass,meadow-grass,0,450,473,0,0,1625324
-39643825,-57202261,1392070,3,grass,woolly-fringe-moss,0,220,478,4000,0,1625540
-39639534,-57201865,1392243,3,bush,salal,0,1200,537,4000,0,1625367
-39637573,-57201920,1392123,3,grass,woolly-fringe-moss,0,220,545,4000,0,1625487
-39636244,-57201613,1392296,3,bush,salal,0,1200,594,12000,0,1625314
-39633538,-57202386,1392015,3,bush,salal,0,1200,670,12000,0,1625595
-39604615,-57202352,1394616,3,bush,salal,0,1200,969,42000,0,1622994
-39560369,-57201832,1394346,3,bush,salal,0,1200,935,64000,0,1623264
-39544183,-57201623,1395538,3,bush,salal,0,1200,755,62000,0,1622072
-39540708,-57202040,1395502,3,bush,salal,0,1200,816,62000,0,1622108
-39785475,-57200888,1437055,3,grass,cocksfoot,0,1000,242,130000,0,1533497
-39780329,-57201339,1437364,3,bush,salal,0,1200,184,130000,0,1533188
-39778724,-57200892,1437174,3,grass,wood-sedge,0,500,261,122000,0,1533378
-39775288,-57201422,1436907,3,flower,large-trillium,0,350,260,122000,0,1533645
-39773846,-57201094,1436679,3,grass,wood-sedge,0,500,246,122000,0,1533873
-39769088,-57200993,1436153,3,grass,bilberry-mat,0,400,239,116000,0,1534399
-39762032,-57200822,1435013,3,flower,birdsfoot-trefoil,0,250,269,108000,0,1535539
-39731060,-57200895,1411348,3,bush,salal,0,1200,626,78000,0,1559204
-39729437,-57201469,1411050,3,flower,fireweed,0,1200,264,78000,0,1559502
-39727952,-57201191,1410997,3,grass,feather-moss,0,220,495,78000,0,1559555
-39708897,-57201247,1416047,3,bush,salal,0,1200,782,56000,0,1554505
-39682663,-57201408,1389142,3,flower,primrose,0,240,426,32000,0,1628468
-39674918,-57201463,1389503,3,grass,male-fern,0,1200,290,18000,0,1628107
-39673863,-57201102,1389687,3,grass,wood-horsetail,1,500,321,18000,0,1627923
-39672647,-57200915,1389861,3,grass,jungle-groundcover,0,800,371,18000,0,1627749
-39665184,-57201169,1390623,3,grass,meadow-grass,0,450,453,10000,0,1626987
-39663862,-57200847,1390931,3,grass,meadow-grass,0,450,536,10000,0,1626679
-39661151,-57200980,1391518,3,bush,salal,0,1200,637,10000,0,1626092
-39660430,-57201014,1391650,3,bush,salal,0,1200,637,10000,0,1625960
-39650721,-57201337,1392311,3,grass,woolly-fringe-moss,0,220,562,0,0,1625299
-39650347,-57201579,1392246,3,grass,moss-cushion,0,220,552,0,0,1625364
-39647574,-57201466,1392369,3,grass,meadow-grass,0,450,524,0,0,1625241
-39644711,-57201054,1392600,3,grass,feather-moss,0,220,477,4000,0,1625010
-39641692,-57201393,1392584,3,grass,moss-cushion,0,220,529,4000,0,1625026
-39550914,-57200963,1396188,3,bush,salal,0,1200,677,62000,0,1621422
-39550370,-57201047,1396154,3,bush,salal,0,1200,681,62000,0,1621456
-39787946,-57200170,1436860,3,grass,timothy,0,900,259,136000,0,1533692
-39783911,-57200040,1436961,3,grass,ribwort-plantain,0,300,261,130000,0,1533591
-39779913,-57200687,1437233,3,grass,wood-sedge,0,500,214,122000,0,1533319
-39777213,-57200211,1436922,3,grass,cocksfoot,0,1000,235,122000,0,1533630
-39773028,-57200561,1436523,3,flower,cowslip,0,300,224,122000,0,1534029
-39766634,-57200263,1435722,3,grass,wood-sedge,0,500,246,116000,0,1534830
-39759851,-57200494,1434626,3,flower,cowslip,0,300,279,108000,0,1535926
-39750713,-57200076,1427802,3,bush,salal,0,1200,955,100000,0,1542750
-39743235,-57200395,1422846,3,bush,salal,0,1200,868,92000,0,1547706
-39742811,-57200213,1422568,3,bush,salal,0,1200,858,92000,0,1547984
-39731275,-57200425,1411386,3,grass,woolly-fringe-moss,0,220,532,78000,0,1559166
-39730715,-57200154,1411236,3,grass,wood-sedge,0,500,184,78000,0,1559316
-39729447,-57200018,1411192,3,grass,ivy-ground-layer,0,220,422,78000,0,1559360
-39714110,-57200344,1417427,3,bush,salal,0,1200,836,62000,0,1553125
-39711369,-57200380,1417116,3,bush,salal,0,1200,745,56000,0,1553436
-39675508,-57200330,1389649,3,grass,male-fern,0,1200,276,26000,0,1627961
-39670521,-57200466,1390267,3,grass,feather-moss,0,220,420,18000,0,1627343
-39670124,-57200586,1390300,3,grass,sword-fern,0,1200,416,18000,0,1627310
-39664102,-57200169,1391126,3,grass,woolly-fringe-moss,0,220,515,10000,0,1626484
-39663109,-57200096,1391419,3,bush,salal,0,1200,613,10000,0,1626191
-39660549,-57200074,1392061,3,bush,salal,0,1200,641,10000,0,1625549
-39659487,-57200050,1392221,3,bush,salal,0,1200,640,2000,0,1625389
-39655024,-57200488,1392625,3,grass,woolly-fringe-moss,0,220,633,2000,0,1624985
-39646334,-57200606,1392781,3,flower,herb-robert,0,350,494,0,0,1624829
-39644893,-57200064,1393116,3,grass,moss-cushion,0,220,480,4000,0,1624494
-39633343,-57200744,1393136,3,bush,salal,0,1200,790,12000,0,1624474
-39549445,-57200735,1396193,3,bush,salal,0,1200,674,62000,0,1621417
-39547786,-57200325,1396289,3,bush,salal,0,1200,690,62000,0,1621321
-39538917,-57200008,1397172,3,bush,salal,0,1200,919,62000,0,1620438
-39789506,-57199610,1436642,3,flower,oxeye-daisy,0,700,236,136000,0,1533910
-39788188,-57199895,1436789,3,flower,herb-robert,0,350,258,136000,0,1533763
-39787726,-57199497,1436741,3,grass,moss-cushion,0,220,253,136000,0,1533811
-39782656,-57199728,1437006,3,grass,feather-moss,0,220,251,130000,0,1533546
-39774593,-57199692,1436592,3,grass,bilberry-mat,0,400,219,122000,0,1533960
-39771568,-57199938,1436292,3,grass,ivy-ground-layer,0,220,217,116000,0,1534260
-39769877,-57199692,1436109,3,grass,male-fern,0,1200,225,116000,0,1534443
-39769204,-57199292,1435995,3,flower,foxglove,0,1500,239,116000,0,1534557
-39765481,-57199458,1435464,3,grass,sword-fern,0,1200,255,116000,0,1535088
-39762280,-57199238,1434951,3,grass,sword-fern,0,1200,201,108000,0,1535601
-39673725,-57199942,1389956,3,grass,understory-fern,0,900,339,18000,0,1627654
-39671556,-57199281,1390432,3,bush,salal,0,1200,443,18000,0,1627178
-39667906,-57199512,1390895,3,grass,meadow-grass,0,450,448,18000,0,1626715
-39655882,-57199488,1393000,3,bush,salal,0,1200,639,2000,0,1624610
-39648830,-57199672,1393312,3,flower,herb-robert,0,350,556,0,0,1624298
-39648773,-57199310,1393484,3,flower,herb-robert,0,350,550,0,0,1624126
-39643718,-57199800,1393288,3,grass,feather-moss,0,220,490,4000,0,1624322
-39642489,-57199416,1393557,3,grass,meadow-grass,0,450,518,4000,0,1624053
-39641399,-57199374,1393594,3,grass,moss-cushion,0,220,540,4000,0,1624016
-39635014,-57199944,1393579,3,bush,salal,0,1200,747,12000,0,1624031
-39631615,-57199481,1394363,3,bush,salal,0,1200,920,12000,0,1623247
-39554345,-57199535,1396882,3,bush,salal,0,1200,700,62000,0,1620728
-39551901,-57199903,1396835,3,bush,salal,0,1200,653,62000,0,1620775
-39550724,-57199519,1397159,3,bush,salal,0,1200,644,62000,0,1620451
-39791480,-57199161,1436477,3,flower,oxeye-daisy,0,700,258,136000,0,1534075
-39788845,-57198437,1436462,3,grass,moss-cushion,0,220,254,136000,0,1534090
-39785829,-57198538,1436601,3,grass,ribwort-plantain,0,300,216,130000,0,1533951
-39784570,-57198539,1436646,3,grass,moss-cushion,0,220,240,130000,0,1533906
-39783491,-57198904,1436788,3,grass,bilberry-mat,0,400,261,130000,0,1533764
-39783066,-57199152,1436849,3,flower,herb-robert,0,350,261,130000,0,1533703
-39778665,-57199087,1436801,3,grass,ivy-ground-layer,0,220,238,122000,0,1533751
-39776938,-57198557,1436603,3,flower,primrose,0,240,213,122000,0,1533949
-39775661,-57199183,1436621,3,grass,jungle-groundcover,0,800,213,122000,0,1533931
-39774613,-57198738,1436472,3,flower,herb-robert,0,350,219,122000,0,1534080
-39774174,-57198583,1436391,3,flower,oxeye-daisy,0,700,234,122000,0,1534161
-39772197,-57198853,1436203,3,grass,ivy-ground-layer,0,220,241,116000,0,1534349
-39770474,-57198827,1436049,3,grass,jungle-groundcover,0,800,237,116000,0,1534503
-39770139,-57198502,1435982,3,flower,prairie-lupine,0,900,246,116000,0,1534570
-39766741,-57198457,1435553,3,grass,bilberry-mat,0,400,252,116000,0,1534999
-39764935,-57198513,1435262,3,grass,sword-fern,0,1200,243,108000,0,1535290
-39763647,-57198517,1435056,3,grass,timothy,0,900,220,108000,0,1535496
-39762708,-57199036,1435001,3,grass,understory-fern,0,900,200,108000,0,1535551
-39762100,-57198837,1434905,3,grass,bilberry-mat,0,400,176,108000,0,1535647
-39759438,-57198894,1434198,3,bush,salal,0,1200,698,108000,0,1536354
-39733219,-57198430,1411746,3,grass,feather-moss,0,220,458,78000,0,1558806
-39731044,-57198848,1411414,3,flower,yarrow,0,600,340,78000,0,1559138
-39668460,-57198705,1391033,3,grass,meadow-grass,0,450,485,18000,0,1626577
-39658897,-57199012,1392692,3,bush,salal,0,1200,636,2000,0,1624918
-39656037,-57199005,1393094,3,bush,salal,0,1200,639,2000,0,1624516
-39654240,-57198924,1393439,3,bush,salal,0,1200,629,2000,0,1624171
-39652306,-57198974,1393536,3,flower,herb-robert,0,350,581,0,0,1624074
-39649065,-57198656,1393897,3,grass,meadow-grass,0,450,540,0,86,1623713
-39648290,-57198431,1393999,3,grass,brook-moss-cushion,1,220,531,0,0,1623611
-39646983,-57199126,1393570,3,grass,feather-moss,0,220,510,0,0,1624040
-39637632,-57198600,1394194,3,bush,salal,0,1200,697,4000,0,1623416
-39636146,-57198652,1394294,3,bush,salal,0,1200,747,12000,0,1623316
-39568813,-57198805,1395614,3,bush,salal,0,1200,939,64000,0,1621996
-39562954,-57199053,1395999,3,bush,salal,0,1200,892,64000,0,1621611
-39790048,-57198131,1436325,3,grass,ivy-ground-layer,0,220,259,136000,0,1534227
-39783539,-57197899,1436567,3,grass,ribwort-plantain,0,300,249,130000,0,1533985
-39779234,-57198248,1436663,3,grass,cocksfoot,0,1000,221,122000,0,1533889
-39777196,-57198052,1436527,3,grass,feather-moss,0,220,213,122000,0,1534025
-39773136,-57197828,1436139,3,grass,ivy-ground-layer,0,220,261,122000,0,1534413
-39764661,-57198267,1435172,3,flower,meadow-daisy,0,420,240,108000,0,1535380
-39760914,-57197977,1434713,3,grass,ivy-ground-layer,0,220,334,108000,0,1535839
-39732322,-57197832,1411615,3,flower,primrose,0,240,240,78000,0,1558937
-39675427,-57197694,1390223,3,grass,meadow-grass,0,450,333,26000,0,1627387
-39670172,-57198246,1390917,3,flower,herb-robert,0,350,472,18000,0,1626693
-39669220,-57197733,1391209,3,grass,woolly-fringe-moss,0,220,525,18000,0,1626401
-39668368,-57197883,1391306,3,bush,salal,0,1200,537,18000,0,1626304
-39667850,-57197833,1391365,3,grass,woolly-fringe-moss,0,220,535,18000,0,1626245
-39652291,-57197916,1393960,3,grass,moss-cushion,0,220,574,0,0,1623650
-39650874,-57197874,1394231,3,flower,herb-robert,0,350,556,0,0,1623379
-39649947,-57197654,1394394,3,flower,herb-robert,0,350,562,0,0,1623216
-39644526,-57197961,1394298,3,grass,moss-cushion,0,220,530,4000,0,1623312
-39640811,-57197741,1394456,3,bush,salal,0,1200,614,4000,0,1623154
-39788329,-57197498,1436260,3,flower,large-trillium,0,350,262,136000,0,1534292
-39784297,-57197286,1436425,3,grass,feather-moss,0,220,230,130000,0,1534127
-39775553,-57197482,1436345,3,flower,herb-robert,0,350,229,122000,0,1534207
-39766211,-57197075,1435345,3,flower,meadow-daisy,0,420,194,116000,0,1535207
-39764193,-57197437,1435001,3,grass,male-fern,0,1200,196,108000,0,1535551
-39761727,-57196950,1434763,3,grass,bilberry-mat,0,400,325,108000,0,1535789
-39747555,-57197426,1424954,3,bush,salal,0,1200,945,92000,0,1545598
-39716683,-57197070,1419888,3,bush,salal,0,1200,622,62000,0,1550664
-39711046,-57197221,1418425,3,bush,salal,0,1200,693,56000,0,1552127
-39680725,-57196835,1390040,3,grass,wood-horsetail,1,500,345,26000,0,1627570
-39667208,-57197223,1391648,3,bush,salal,0,1200,545,10000,0,1625962
-39648207,-57197571,1394579,3,grass,moss-cushion,0,220,556,0,0,1623031
-39646464,-57197135,1394728,3,bush,salal,0,1200,555,0,0,1622882
-39645528,-57197579,1394506,3,bush,salal,0,1200,542,0,0,1623104
-39639462,-57197551,1394696,3,bush,salal,0,1200,664,4000,0,1622914
-39564579,-57197204,1397471,3,bush,salal,0,1200,893,64000,0,1620139
-39563676,-57196983,1397706,3,bush,salal,0,1200,875,64000,0,1619904
-39550474,-57196859,1398906,3,bush,salal,0,1200,648,62000,0,1618704
-39548581,-57197520,1398222,3,bush,salal,0,1200,646,62000,0,1619388
-39547788,-57197324,1398291,3,bush,salal,0,1200,664,62000,0,1619319
-39790825,-57196719,1435976,3,grass,sword-fern,0,1200,297,136000,0,1534576
-39786578,-57196710,1436209,3,flower,primrose,0,240,250,130000,0,1534343
-39785626,-57196548,1436226,3,grass,bilberry-mat,0,400,244,130000,0,1534326
-39784952,-57196611,1436287,3,grass,moss-cushion,0,220,233,130000,0,1534265
-39780106,-57196622,1436327,3,grass,ivy-ground-layer,0,220,187,130000,0,1534225
-39778931,-57196223,1436260,3,grass,male-fern,0,1200,179,122000,0,1534292
-39776471,-57196304,1436176,3,flower,large-trillium,0,350,253,122000,0,1534376
-39773771,-57196141,1435915,3,flower,red-campion,0,700,254,122000,0,1534637
-39761811,-57196297,1434668,3,grass,ivy-ground-layer,0,220,440,108000,0,1535884
-39750864,-57196614,1427214,3,bush,salal,0,1200,928,100000,0,1543338
-39735740,-57196199,1412391,3,bush,salal,0,1200,680,86000,0,1558161
-39717643,-57196114,1420286,3,flower,herb-robert,0,350,566,62000,0,1550266
-39714500,-57196752,1419936,3,bush,salal,0,1200,653,62000,0,1550616
-39677089,-57196034,1390470,3,grass,hair-cap-moss,1,240,275,26000,0,1627140
-39674909,-57196654,1390513,3,grass,hair-cap-moss,1,240,371,18000,0,1627097
-39672386,-57196346,1391055,3,grass,meadow-grass,0,450,480,18000,0,1626555
-39671945,-57196186,1391199,3,grass,woolly-fringe-moss,0,220,491,18000,0,1626411
-39670557,-57196508,1391339,3,bush,salal,0,1200,514,18000,0,1626271
-39668834,-57196621,1391670,3,grass,meadow-grass,0,450,561,18000,0,1625940
-39667388,-57196092,1392082,3,grass,meadow-grass,0,450,569,10000,0,1625528
-39657254,-57196709,1393787,3,bush,salal,0,1200,681,2000,0,1623823
-39647446,-57196690,1395025,3,bush,salal,0,1200,579,0,0,1622585
-39643872,-57196745,1395025,3,bush,salal,0,1200,573,4000,0,1622585
-39640863,-57196309,1395122,3,bush,salal,0,1200,655,4000,0,1622488
-39639901,-57196014,1395461,3,bush,salal,0,1200,704,4000,0,1622149
-39553423,-57196024,1399469,3,bush,salal,0,1200,690,62000,0,1618141
-39549168,-57196645,1398907,3,bush,salal,0,1200,651,62000,0,1618703
-39548038,-57196342,1398982,3,bush,salal,0,1200,683,62000,0,1618628
-39791205,-57195554,1435676,3,flower,cowslip,0,300,331,136000,0,1534876
-39789570,-57195539,1435807,3,grass,moss-cushion,0,220,275,136000,0,1534745
-39788316,-57195964,1435929,3,grass,feather-moss,0,220,270,136000,0,1534623
-39787388,-57195529,1435885,3,grass,ivy-ground-layer,0,220,266,130000,0,1534667
-39786118,-57195261,1435895,3,grass,male-fern,0,1200,264,130000,0,1534657
-39784883,-57195486,1436014,3,grass,moss-cushion,0,220,262,130000,0,1534538
-39782234,-57195389,1436054,3,grass,understory-fern,0,900,241,130000,0,1534498
-39779290,-57195823,1436194,3,grass,ribwort-plantain,0,300,171,122000,0,1534358
-39773006,-57195804,1435793,3,grass,timothy,0,900,235,122000,0,1534759
-39765397,-57195337,1435100,3,grass,male-fern,0,1200,163,116000,0,1535452
-39761389,-57195328,1434419,3,bush,salal,0,1200,658,108000,0,1536133
-39759445,-57195567,1433456,3,bush,salal,0,1200,944,108000,0,1537096
-39719215,-57195480,1420589,3,bush,salal,0,1200,677,62000,0,1549963
-39673134,-57195386,1391213,3,grass,meadow-grass,0,450,491,18000,0,1626397
-39668931,-57195404,1391993,3,bush,salal,0,1200,554,18000,0,1625617
-39668148,-57195221,1392209,3,grass,woolly-fringe-moss,0,220,574,18000,0,1625401
-39664878,-57195261,1393018,3,bush,salal,0,1200,658,10000,0,1624592
-39659058,-57195600,1394272,3,bush,salal,0,1200,792,2000,0,1623338
-39650212,-57195680,1395578,3,bush,salal,0,1200,673,0,0,1622032
-39643833,-57195558,1395636,3,bush,salal,0,1200,636,4000,0,1621974
-39640349,-57195609,1395744,3,bush,salal,0,1200,718,4000,0,1621866
-39639279,-57195967,1395748,3,bush,salal,0,1200,745,4000,0,1621862
-39560020,-57195330,1399455,3,bush,salal,0,1200,777,64000,0,1618155
-39552606,-57195733,1399643,3,bush,salal,0,1200,683,62000,0,1617967
-39786714,-57194490,1435685,3,grass,feather-moss,0,220,266,130000,0,1534867
-39780548,-57194715,1435976,3,grass,ivy-ground-layer,0,220,201,130000,0,1534576
-39769118,-57194756,1435412,3,grass,ivy-ground-layer,0,220,195,116000,0,1535140
-39768563,-57194498,1435334,3,flower,herb-robert,0,350,173,116000,0,1535218
-39767025,-57195101,1435302,3,grass,feather-moss,0,220,163,116000,0,1535250
-39755047,-57194671,1429839,3,bush,salal,0,1200,968,100000,0,1540713
-39751754,-57194599,1427657,3,bush,salal,0,1200,868,100000,0,1542895
-39719296,-57194406,1421373,3,flower,herb-robert,0,350,522,62000,0,1549179
-39675540,-57194653,1390932,3,grass,hair-cap-moss,1,240,402,26000,0,1626678
-39672853,-57194641,1391512,3,bush,salal,0,1200,518,18000,0,1626098
-39670696,-57194415,1391936,3,grass,meadow-grass,0,450,561,18000,0,1625674
-39665538,-57195068,1392953,3,bush,salal,0,1200,662,10000,0,1624657
-39640581,-57195165,1395934,3,bush,salal,0,1200,761,4000,0,1621676
-39559002,-57194606,1399851,3,bush,salal,0,1200,777,70000,0,1617759
-39781963,-57194214,1435835,3,grass,sword-fern,0,1200,220,130000,0,1534717
-39780255,-57193803,1435826,3,grass,bilberry-mat,0,400,201,130000,0,1534726
-39776544,-57193777,1435793,3,flower,primrose,0,240,243,122000,0,1534759
-39774472,-57193763,1435667,3,flower,herb-robert,0,350,217,122000,0,1534885
-39774069,-57193777,1435644,3,flower,primrose,0,240,215,122000,0,1534908
-39773314,-57194224,1435642,3,grass,male-fern,0,1200,218,122000,0,1534910
-39772645,-57193785,1435550,3,flower,primrose,0,240,207,122000,0,1535002
-39771371,-57193744,1435470,3,grass,bilberry-mat,0,400,204,116000,0,1535082
-39762686,-57193917,1434517,3,bush,salal,0,1200,547,108000,0,1536035
-39755321,-57194232,1429930,3,bush,salal,0,1200,961,100000,0,1540622
-39750115,-57193789,1426426,3,bush,salal,0,1200,851,100000,0,1544126
-39712704,-57194160,1419643,3,bush,salal,0,1200,674,62000,0,1550909
-39674363,-57194204,1391292,3,bush,salal,0,1200,508,18000,0,1626318
-39669377,-57193603,1392504,3,bush,salal,0,1200,610,18000,0,1625106
-39666234,-57194104,1393136,3,bush,salal,0,1200,685,10000,0,1624474
-39568196,-57193869,1399975,3,bush,salal,0,1200,818,72000,0,1617635
-39551406,-57194118,1400726,3,bush,salal,0,1200,665,70000,0,1616884
-39544698,-57194178,1400924,3,bush,salal,0,1200,825,70000,0,1616686
-39543515,-57194393,1401071,3,bush,salal,0,1200,861,70000,0,1616539
-39788533,-57193396,1435384,3,grass,sword-fern,0,1200,278,138000,0,1535168
-39786472,-57193091,1435426,3,flower,red-campion,0,700,222,130000,0,1535126
-39786187,-57192867,1435408,3,grass,wood-sedge,0,500,208,130000,0,1535144
-39779119,-57193265,1435738,3,grass,male-fern,0,1200,205,122000,0,1534814
-39777881,-57193192,1435748,3,flower,meadow-daisy,0,420,229,122000,0,1534804
-39775519,-57193438,1435679,3,flower,birdsfoot-trefoil,0,250,219,122000,0,1534873
-39772391,-57193370,1435489,3,flower,oxeye-daisy,0,700,199,116000,0,1535063
-39768038,-57193100,1435148,3,flower,common-knapweed,0,800,135,116000,0,1535404
-39758298,-57193549,1431911,3,bush,salal,0,1200,912,108000,0,1538641
-39752202,-57192845,1427924,3,bush,salal,0,1200,823,100000,0,1542628
-39751545,-57192909,1427411,3,bush,salal,0,1200,825,100000,0,1543141
-39737323,-57193389,1412854,3,flower,red-campion,0,700,433,86000,0,1557698
-39719197,-57193056,1422163,3,flower,herb-robert,0,350,517,62000,0,1548389
-39717822,-57193028,1421893,3,grass,feather-moss,0,220,532,62000,0,1548659
-39679628,-57193008,1391155,3,bush,salal,0,1200,756,26000,0,1626455
-39677323,-57193141,1390996,3,grass,wood-horsetail,1,500,437,26000,0,1626614
-39676729,-57192845,1391227,3,bush,salal,0,1200,514,26000,0,1626383
-39672702,-57193491,1391883,3,grass,meadow-grass,0,450,557,18000,0,1625727
-39671467,-57193124,1392275,3,bush,salal,0,1200,596,18000,0,1625335
-39656647,-57192814,1396544,3,bush,salal,0,1200,812,2000,0,1621066
-39652584,-57192830,1397323,3,bush,salal,0,1200,761,2000,0,1620287
-39651551,-57193428,1396954,3,bush,salal,0,1200,749,0,0,1620656
-39556046,-57193045,1400985,3,bush,salal,0,1200,738,70000,0,1616625
-39548547,-57192816,1401727,3,bush,salal,0,1200,818,70000,0,1615883
-39789830,-57192515,1435134,3,grass,timothy,0,900,323,138000,0,1535418
-39788087,-57192627,1435277,3,grass,male-fern,0,1200,241,138000,0,1535275
-39786164,-57192508,1435366,3,grass,male-fern,0,1200,205,130000,0,1535186
-39778180,-57192070,1435560,3,flower,yarrow,0,600,192,122000,0,1534992
-39773489,-57192661,1435463,3,flower,large-trillium,0,350,194,122000,0,1535089
-39772091,-57192769,1435401,3,grass,ribwort-plantain,0,300,185,116000,0,1535151
-39770873,-57192192,1435254,3,flower,cowslip,0,300,159,116000,0,1535298
-39769309,-57192692,1435196,3,flower,primrose,0,240,129,116000,0,1535356
-39767640,-57192706,1435100,3,flower,herb-robert,0,350,136,116000,0,1535452
-39766202,-57192496,1434969,3,flower,primrose,0,240,147,116000,0,1535583
-39721340,-57192026,1422696,3,grass,moss-cushion,0,220,565,70000,0,1547856
-39718101,-57192693,1422080,3,flower,herb-robert,0,350,531,62000,0,1548472
-39674094,-57192192,1392125,3,bush,salal,0,1200,585,18000,0,1625485
-39673078,-57192774,1392112,3,bush,salal,0,1200,581,18000,0,1625498
-39663868,-57192782,1394611,3,bush,salal,0,1200,869,10000,0,1622999
-39647092,-57192429,1397602,3,bush,salal,0,1200,744,0,0,1620008
-39571593,-57192617,1401464,3,bush,salal,0,1200,877,72000,0,1616146
-39570784,-57192107,1401757,3,bush,salal,0,1200,853,72000,0,1615853
-39551124,-57192698,1401720,3,bush,salal,0,1200,759,70000,0,1615890
-39789532,-57191711,1434937,3,flower,herb-robert,0,350,445,138000,0,1535615
-39785291,-57191758,1435302,3,grass,ivy-ground-layer,0,220,276,130000,0,1535250
-39778299,-57191754,1435512,3,flower,oxeye-daisy,0,700,183,122000,0,1535040
-39776130,-57191758,1435494,3,grass,cocksfoot,0,1000,188,122000,0,1535058
-39773913,-57191977,1435385,3,grass,ivy-ground-layer,0,220,188,122000,0,1535167
-39773597,-57191567,1435304,3,flower,birdsfoot-trefoil,0,250,164,122000,0,1535248
-39769226,-57191292,1435079,3,grass,moss-cushion,0,220,110,116000,0,1535473
-39768265,-57191414,1435048,3,grass,bilberry-mat,0,400,125,116000,0,1535504
-39766583,-57191663,1434947,3,flower,herb-robert,0,350,141,116000,0,1535605
-39717645,-57191485,1422190,3,bush,salal,0,1200,532,62000,0,1548362
-39670492,-57191737,1392962,3,bush,salal,0,1200,658,18000,0,1624648
-39667834,-57191965,1393600,3,bush,salal,0,1200,739,18000,0,1624010
-39664334,-57191791,1395074,3,bush,salal,0,1200,879,10000,0,1622536
-39646577,-57191456,1398250,3,bush,salal,0,1200,751,0,0,1619360
-39646214,-57191544,1398161,3,bush,salal,0,1200,752,0,0,1619449
-39566746,-57191612,1401575,3,bush,salal,0,1200,772,72000,0,1616035
-39554232,-57191372,1402332,3,bush,salal,0,1200,832,70000,0,1615278
-39779961,-57191180,1435410,3,grass,sword-fern,0,1200,88,122000,0,1535142
-39776589,-57190700,1435330,3,grass,ivy-ground-layer,0,220,193,122000,0,1535222
-39774086,-57190893,1435225,3,grass,bilberry-mat,0,400,146,122000,0,1535327
-39772902,-57190581,1435147,3,flower,oxeye-daisy,0,700,129,122000,0,1535405
-39768331,-57191045,1435026,3,flower,large-trillium,0,350,131,116000,0,1535526
-39717397,-57190464,1422150,3,bush,salal,0,1200,534,62000,0,1548402
-39676272,-57190673,1392519,3,bush,salal,0,1200,722,26000,0,1625091
-39672709,-57190495,1393121,3,bush,salal,0,1200,706,18000,0,1624489
-39653416,-57190771,1398531,3,bush,salal,0,1200,715,2000,0,1619079
-39651461,-57191008,1398452,3,bush,salal,0,1200,708,0,0,1619158
-39648569,-57190537,1399071,3,bush,salal,0,1200,723,0,0,1618539
-39565806,-57190425,1402503,3,bush,salal,0,1200,750,72000,0,1615107
-39786013,-57190382,1434741,3,bush,salal,0,1200,728,130000,0,1535811
-39784136,-57190379,1435078,3,grass,moss-cushion,0,220,510,130000,0,1535474
-39782761,-57189893,1435115,3,bush,salal,0,1200,450,130000,0,1535437
-39780563,-57189873,1435321,3,flower,cowslip,0,300,181,130000,0,1535231
-39778105,-57190075,1435266,3,grass,wood-sedge,0,500,183,122000,0,1535286
-39766152,-57189634,1434804,3,grass,sword-fern,0,1200,115,116000,0,1535748
-39722476,-57189656,1423789,3,grass,woolly-fringe-moss,0,220,506,70000,0,1546763
-39718207,-57190090,1422529,3,bush,salal,0,1200,533,62000,0,1548023
-39715124,-57189824,1420780,3,bush,salal,0,1200,919,62000,0,1549772
-39707184,-57189701,1413738,3,bush,salal,0,1200,888,56000,0,1556814
-39676829,-57189998,1392898,3,bush,salal,0,1200,819,26000,0,1624712
-39672470,-57190023,1393372,3,bush,salal,0,1200,677,18000,0,1624238
-39661817,-57190204,1396537,3,bush,salal,0,1200,852,10000,0,1621073
-39645087,-57190305,1399221,3,bush,salal,0,1200,838,0,0,1618389
-39594391,-57189991,1406900,3,bush,salal,0,1200,972,50000,0,1610710
-39566391,-57189889,1402908,3,bush,salal,0,1200,760,72000,0,1614702
-39559512,-57189645,1403121,3,bush,salal,0,1200,791,70000,0,1614489
-39782475,-57189462,1435047,3,flower,herb-robert,0,350,530,130000,0,1535505
-39779008,-57189520,1435273,3,flower,primrose,0,240,194,122000,0,1535279
-39778165,-57189062,1435146,3,grass,feather-moss,0,220,143,122000,0,1535406
-39774562,-57189141,1435038,3,grass,feather-moss,0,220,129,122000,0,1535514
-39773634,-57189010,1434987,3,flower,oxeye-daisy,0,700,143,122000,0,1535565
-39772484,-57188831,1434918,3,grass,understory-fern,0,900,125,116000,0,1535634
-39771827,-57189443,1434960,3,flower,oxeye-daisy,0,700,132,116000,0,1535592
-39771147,-57189439,1434941,3,flower,primrose,0,240,116,116000,0,1535611
-39766239,-57189194,1434786,3,flower,oxeye-daisy,0,700,100,116000,0,1535766
-39759603,-57189198,1432020,3,bush,salal,0,1200,828,108000,0,1538532
-39723241,-57189536,1423878,3,grass,moss-cushion,0,220,521,70000,0,1546674
-39720872,-57189381,1423580,3,grass,feather-moss,0,220,531,70000,0,1546972
-39718223,-57188836,1422439,3,bush,salal,0,1200,666,62000,0,1548113
-39679774,-57189479,1393551,3,bush,salal,0,1200,937,26000,0,1624059
-39672814,-57189451,1393672,3,bush,salal,0,1200,649,18000,0,1623938
-39664297,-57189207,1396152,3,bush,salal,0,1200,850,10000,0,1621458
-39655742,-57189274,1398730,3,bush,salal,0,1200,770,2000,0,1618880
-39565794,-57189083,1403525,3,bush,salal,0,1200,780,72000,0,1614085
-39777801,-57188225,1435049,3,grass,moss-cushion,0,220,194,122000,0,1535503
-39777336,-57188042,1435036,3,grass,timothy,0,900,174,122000,0,1535516
-39776164,-57188702,1435065,3,grass,ribwort-plantain,0,300,79,122000,0,1535487
-39775569,-57188039,1434985,3,grass,bilberry-mat,0,400,158,122000,0,1535567
-39772384,-57188478,1434880,3,flower,oxeye-daisy,0,700,109,116000,0,1535672
-39768037,-57188717,1434836,3,flower,red-campion,0,700,106,116000,0,1535716
-39767773,-57188248,1434791,3,flower,yarrow,0,600,89,116000,0,1535761
-39764870,-57188514,1434501,3,grass,bilberry-mat,0,400,437,108000,0,1536051
-39753919,-57188632,1428384,3,bush,salal,0,1200,712,100000,0,1542168
-39750564,-57188775,1426208,3,bush,salal,0,1200,821,100000,0,1544344
-39719335,-57188398,1423064,3,bush,salal,0,1200,563,62000,0,1547488
-39666653,-57188060,1395906,3,bush,salal,0,1200,809,10000,0,1621704
-39653932,-57188446,1399532,3,bush,salal,0,1200,695,2000,0,1618078
-39781025,-57187930,1434593,3,bush,salal,0,1200,867,130000,0,1535959
-39778870,-57187994,1434916,3,grass,woolly-fringe-moss,0,220,518,122000,0,1535636
-39774314,-57187222,1434847,3,grass,feather-moss,0,220,89,122000,0,1535705
-39772961,-57187478,1434827,3,flower,common-knapweed,0,800,70,122000,0,1535725
-39766358,-57187792,1434741,3,grass,wood-sedge,0,500,67,116000,0,1535811
-39756051,-57187291,1429459,3,bush,salal,0,1200,721,100000,0,1541093
-39723095,-57187914,1424521,3,grass,woolly-fringe-moss,0,220,552,70000,0,1546031
-39720108,-57187975,1423501,3,grass,moss-cushion,0,220,533,70000,0,1547051
-39662195,-57187369,1397789,3,bush,salal,0,1200,814,10000,0,1619821
-39649332,-57187804,1400730,3,bush,salal,0,1200,705,0,0,1616880
-39647378,-57187875,1400901,3,bush,salal,0,1200,759,0,0,1616709
-39565012,-57187630,1404672,3,bush,salal,0,1200,835,72000,0,1612938
-39775441,-57186948,1434789,3,grass,ivy-ground-layer,0,220,318,122000,0,1535763
-39774450,-57186854,1434807,3,flower,primrose,0,240,146,122000,0,1535745
-39772564,-57186606,1434785,3,grass,sword-fern,0,1200,91,122000,0,1535767
-39768777,-57186699,1434724,3,grass,ribwort-plantain,0,300,96,116000,0,1535828
-39724661,-57186803,1425153,3,bush,salal,0,1200,554,70000,0,1545399
-39676792,-57187173,1394950,3,bush,salal,0,1200,848,26000,0,1622660
-39646154,-57186939,1401641,3,bush,salal,0,1200,804,0,0,1615969
-39566922,-57187142,1405219,3,bush,salal,0,1200,907,78000,0,1612391
-39774762,-57185999,1434533,3,bush,salal,0,1200,584,122000,0,1536019
-39773633,-57185913,1434733,3,flower,primrose,0,240,218,122000,0,1535819
-39772734,-57186305,1434778,3,flower,field-scabious,0,800,102,122000,0,1535774
-39771428,-57185787,1434706,3,grass,bilberry-mat,0,400,92,116000,0,1535846
-39768709,-57186155,1434694,3,grass,cocksfoot,0,1000,81,116000,0,1535858
-39766108,-57186014,1434662,3,grass,wood-sedge,0,500,77,116000,0,1535890
-39763837,-57185632,1433696,3,bush,salal,0,1200,890,108000,0,1536856
-39756353,-57185950,1429406,3,bush,salal,0,1200,630,100000,0,1541146
-39723798,-57186334,1425183,3,bush,salal,0,1200,579,70000,0,1545369
-39722926,-57185858,1424962,3,bush,salal,0,1200,601,70000,0,1545590
-39668477,-57186354,1396241,3,bush,salal,0,1200,778,18000,0,1621369
-39644299,-57186076,1402500,3,bush,salal,0,1200,865,4000,0,1615110
-39773773,-57185110,1434527,3,flower,herb-robert,0,350,558,122000,0,1536025
-39768814,-57184803,1434657,3,grass,feather-moss,0,220,44,116000,0,1535895
-39766676,-57185170,1434581,3,grass,ivy-ground-layer,0,220,50,116000,0,1535971
-39766329,-57185510,1434616,3,bush,salal,0,1200,92,116000,0,1535936
-39765491,-57185048,1434495,3,grass,sword-fern,0,1200,375,116000,0,1536057
-39713886,-57184984,1418854,3,bush,salal,0,1200,606,62000,0,1551698
-39709364,-57185283,1416528,3,bush,salal,0,1200,764,56000,0,1554024
-39673149,-57185232,1396409,3,bush,salal,0,1200,780,18000,0,1621201
-39669238,-57184858,1396616,3,bush,salal,0,1200,707,18000,0,1620994
-39652450,-57185513,1401573,3,bush,salal,0,1200,694,0,0,1616037
-39650453,-57184909,1402234,3,bush,salal,0,1200,694,0,0,1615376
-39765697,-57184069,1434340,3,bush,salal,0,1200,491,116000,0,1536212
-39763624,-57184083,1433242,3,bush,salal,0,1200,860,108000,0,1537310
-39757155,-57184335,1429734,3,flower,herb-robert,0,350,516,100000,0,1540818
-39721717,-57184663,1424322,3,bush,salal,0,1200,765,70000,0,1546230
-39709888,-57184433,1416967,3,bush,salal,0,1200,748,56000,0,1553585
-39707561,-57184312,1416705,3,bush,salal,0,1200,899,56000,0,1553847
-39680735,-57184530,1397777,3,bush,salal,0,1200,853,26000,0,1619833
-39678318,-57184149,1397868,3,bush,salal,0,1200,898,26000,0,1619742
-39669044,-57184773,1396691,3,bush,salal,0,1200,728,18000,0,1620919
-39648679,-57184764,1402656,3,bush,salal,0,1200,733,0,0,1614954
-39568290,-57184003,1408586,3,bush,salal,0,1200,891,78000,0,1609024
-39768810,-57183360,1434635,3,grass,ivy-ground-layer,0,220,108,116000,0,1535917
-39767914,-57183920,1434593,3,grass,male-fern,0,1200,91,116000,0,1535959
-39759109,-57183748,1430603,3,bush,salal,0,1200,490,108000,0,1539949
-39727603,-57183327,1427051,3,bush,salal,0,1200,638,78000,0,1543501
-39725622,-57183279,1426700,3,bush,salal,0,1200,648,70000,0,1543852
-39723000,-57183987,1424981,3,bush,salal,0,1200,700,70000,0,1545571
-39669184,-57183451,1397355,3,bush,salal,0,1200,758,18000,0,1620255
-39664110,-57183501,1398846,3,bush,salal,0,1200,849,10000,0,1618764
-39572973,-57183876,1408899,3,bush,salal,0,1200,914,72000,0,1608711
-39569787,-57183867,1408519,3,bush,salal,0,1200,870,78000,0,1609091
-39568097,-57183648,1408876,3,bush,salal,0,1200,866,78000,0,1608734
-39558529,-57183824,1408544,3,bush,salal,0,1200,956,78000,0,1609066
-39770605,-57182805,1434591,3,grass,feather-moss,0,220,318,116000,0,1535961
-39770074,-57183124,1434664,3,grass,jungle-groundcover,0,800,89,116000,0,1535888
-39766238,-57182494,1434119,3,bush,salal,0,1200,542,116000,0,1536433
-39763394,-57182831,1432935,3,grass,moss-cushion,0,220,483,108000,0,1537617
-39760111,-57182616,1431427,3,bush,salal,0,1200,861,108000,0,1539125
-39743133,-57182539,1423647,3,bush,salal,0,1200,853,92000,0,1546905
-39728330,-57182424,1427494,3,bush,salal,0,1200,736,78000,0,1543058
-39770622,-57182136,1434495,3,flower,herb-robert,0,350,519,116000,0,1536057
-39769766,-57181776,1434590,3,bush,salal,0,1200,185,116000,0,1535962
-39764413,-57182256,1433281,3,grass,moss-cushion,0,220,451,108000,0,1537271
-39757831,-57181835,1430668,3,bush,salal,0,1200,642,108000,0,1539884
-39726026,-57182325,1427057,3,bush,salal,0,1200,648,70000,0,1543495
-39724376,-57182053,1425915,3,bush,salal,0,1200,636,70000,0,1544637
-39717576,-57181645,1420795,3,bush,salal,0,1200,612,62000,0,1549757
-39713874,-57182185,1419345,3,bush,salal,0,1200,696,62000,0,1551207
-39677339,-57181870,1399531,3,bush,salal,0,1200,952,26000,0,1618079
-39650480,-57182190,1403482,3,bush,salal,0,1200,737,0,0,1614128
-39643438,-57182356,1404806,3,bush,salal,0,1200,865,4000,0,1612804
-39568255,-57182274,1409550,3,bush,salal,0,1200,762,78000,0,1608060
-39562614,-57182367,1409574,3,bush,salal,0,1200,833,78000,0,1608036
-39772487,-57180987,1432985,3,bush,salal,0,1200,934,116000,0,1537567
-39769476,-57181537,1434575,3,grass,timothy,0,900,109,116000,0,1535977
-39765491,-57181032,1433669,3,grass,sword-fern,0,1200,416,116000,0,1536883
-39764175,-57181143,1433402,3,bush,salal,0,1200,511,108000,0,1537150
-39756821,-57181496,1430460,3,bush,salal,0,1200,598,100000,0,1540092
-39754982,-57180844,1429899,3,bush,salal,0,1200,673,100000,0,1540653
-39741003,-57181164,1425042,3,bush,salal,0,1200,796,86000,0,1545510
-39728463,-57181187,1427988,3,grass,feather-moss,0,220,354,78000,0,1542564
-39724510,-57180897,1426071,3,bush,salal,0,1200,654,70000,0,1544481
-39668727,-57181164,1398939,3,bush,salal,0,1200,834,18000,0,1618671
-39666764,-57181127,1399327,3,bush,salal,0,1200,974,10000,0,1618283
-39661433,-57181057,1401239,3,bush,salal,0,1200,930,10000,0,1616371
-39651682,-57181355,1403731,3,bush,salal,0,1200,729,0,0,1613879
-39769502,-57180156,1434432,3,grass,moss-cushion,0,220,356,116000,0,1536120
-39766397,-57180213,1434012,3,flower,large-trillium,0,350,420,116000,0,1536540
-39765381,-57180569,1433758,3,grass,jungle-groundcover,0,800,399,116000,0,1536794
-39764348,-57180793,1433613,3,bush,salal,0,1200,445,108000,0,1536939
-39758635,-57180106,1431512,3,bush,salal,0,1200,682,108000,0,1539040
-39751940,-57180145,1428168,3,bush,salal,0,1200,952,100000,0,1542384
-39746039,-57180352,1425114,3,bush,salal,0,1200,684,92000,0,1545438
-39740174,-57180694,1425263,3,bush,salal,0,1200,790,86000,0,1545289
-39728087,-57180694,1428027,3,grass,feather-moss,0,220,411,78000,0,1542525
-39727023,-57180609,1427637,3,bush,salal,0,1200,514,70000,0,1542915
-39726359,-57180239,1427269,3,bush,salal,0,1200,579,70000,0,1543283
-39724622,-57180687,1426127,3,bush,salal,0,1200,634,70000,0,1544425
-39719606,-57180172,1421854,3,bush,salal,0,1200,712,62000,0,1548698
-39714836,-57180329,1420497,3,bush,salal,0,1200,791,62000,0,1550055
-39646120,-57180562,1404873,3,bush,salal,0,1200,785,0,0,1612737
-39642561,-57180327,1406030,3,bush,salal,0,1200,902,4000,0,1611580
-39767352,-57179724,1434376,3,flower,primrose,0,240,393,116000,0,1536176
-39766284,-57179371,1434165,3,grass,feather-moss,0,220,412,116000,0,1536387
-39764279,-57179619,1434060,3,grass,feather-moss,0,220,440,108000,0,1536492
-39763359,-57179525,1434081,3,bush,salal,0,1200,523,108000,0,1536471
-39761870,-57179623,1433458,3,bush,salal,0,1200,961,108000,0,1537094
-39755211,-57179684,1430306,3,bush,salal,0,1200,637,100000,0,1540246
-39754217,-57179914,1429772,3,bush,salal,0,1200,698,100000,0,1540780
-39746410,-57179270,1425839,3,bush,salal,0,1200,753,92000,0,1544713
-39735819,-57179741,1426513,3,bush,salal,0,1200,901,86000,0,1544039
-39728146,-57179505,1428175,3,bush,salal,0,1200,588,78000,0,1542377
-39727622,-57179412,1427931,3,bush,salal,0,1200,632,78000,0,1542621
-39726393,-57179401,1427200,3,bush,salal,0,1200,560,70000,0,1543352
-39669146,-57179861,1399619,3,bush,salal,0,1200,797,18000,0,1570933
-39785959,-57178990,1424821,3,bush,salal,0,1200,830,130000,0,1545731
-39766254,-57178929,1434260,3,flower,herb-robert,0,350,390,116000,0,1536292
-39763372,-57178573,1434308,3,grass,male-fern,0,1200,374,108000,0,1536244
-39762727,-57179176,1434029,3,bush,salal,0,1200,729,108000,0,1536523
-39743860,-57178767,1426347,3,bush,salal,0,1200,780,92000,0,1544205
-39725832,-57178660,1427253,3,bush,salal,0,1200,724,70000,0,1543299
-39724827,-57179180,1426289,3,bush,salal,0,1200,748,70000,0,1544263
-39648313,-57179080,1405446,3,bush,salal,0,1200,794,0,0,1565106
-39647853,-57178852,1405782,3,bush,salal,0,1200,802,0,0,1564770
-39786262,-57177808,1424169,3,bush,salal,0,1200,743,130000,0,1546383
-39763238,-57177622,1434441,3,grass,moss-cushion,0,220,341,108000,0,1536111
-39757816,-57177913,1431601,3,bush,salal,0,1200,674,108000,0,1538951
-39757088,-57178071,1431271,3,bush,salal,0,1200,647,100000,0,1539281
-39754210,-57178035,1430028,3,bush,salal,0,1200,694,100000,0,1540524
-39729876,-57178338,1429055,3,bush,salal,0,1200,695,78000,0,1541497
-39729186,-57178314,1428713,3,bush,salal,0,1200,620,78000,0,1541839
-39653747,-57178022,1405252,3,bush,salal,0,1200,906,2000,0,1565300
-39639142,-57178171,1408816,3,bush,salal,0,1200,919,4000,0,1561736
-39637897,-57178287,1409107,3,bush,salal,0,1200,962,4000,0,1561445
-39783840,-57177462,1424694,3,bush,salal,0,1200,807,130000,0,1545858
-39773863,-57177413,1431182,3,bush,salal,0,1200,944,122000,0,1539370
-39766584,-57177404,1434592,3,flower,red-campion,0,700,233,116000,0,1535960
-39764463,-57177164,1434519,3,grass,ivy-ground-layer,0,220,198,108000,0,1536033
-39755035,-57176903,1430660,3,bush,salal,0,1200,663,100000,0,1539892
-39746705,-57177011,1427123,3,bush,salal,0,1200,611,92000,0,1543429
-39740192,-57177028,1427758,3,bush,salal,0,1200,804,86000,0,1542794
-39737898,-57177134,1428085,3,bush,salal,0,1200,849,86000,0,1542467
-39731175,-57177540,1429749,3,bush,salal,0,1200,637,78000,0,1540803
-39668782,-57177377,1401760,3,bush,salal,0,1200,929,18000,0,1568792
-39667406,-57176969,1402237,3,bush,salal,0,1200,886,10000,0,1568315
-39660835,-57177104,1404256,3,bush,salal,0,1200,917,10000,0,1566296
-39654415,-57177032,1405996,3,bush,salal,0,1200,886,2000,0,1564556
-39642714,-57177448,1408353,3,bush,salal,0,1200,926,4000,0,1562199
-39766623,-57176726,1434678,3,flower,red-clover,0,400,135,116000,0,1535874
-39765774,-57176129,1434674,3,flower,fireweed,0,1200,184,116000,0,1535878
-39764438,-57176563,1434588,3,grass,understory-fern,0,900,179,108000,0,1535964
-39763818,-57176435,1434628,3,grass,ivy-ground-layer,0,220,160,108000,0,1535924
-39761864,-57176022,1434291,3,bush,salal,0,1200,739,108000,0,1536261
-39752174,-57176330,1429523,3,bush,salal,0,1200,837,100000,0,1541029
-39662648,-57176120,1404299,3,bush,salal,0,1200,913,10000,0,1566253
-39659871,-57176077,1405063,3,bush,salal,0,1200,874,2000,0,1565489
-39653504,-57176720,1406466,3,bush,salal,0,1200,820,2000,0,1564086
-39637980,-57176105,1410701,3,bush,salal,0,1200,788,4000,0,1559851
-39761854,-57175397,1434426,3,bush,salal,0,1200,689,108000,0,1536126
-39747255,-57175845,1427714,3,bush,salal,0,1200,516,92000,0,1542838
-39746081,-57175740,1427819,3,bush,salal,0,1200,715,92000,0,1542733
-39731597,-57175244,1430439,3,bush,salal,0,1200,614,78000,0,1540113
-39729125,-57175535,1429492,3,bush,salal,0,1200,736,78000,0,1541060
-39661394,-57175848,1404808,3,bush,salal,0,1200,876,10000,0,1565744
-39651609,-57175455,1407542,3,bush,salal,0,1200,598,0,0,1563010
-39650493,-57175296,1407808,3,bush,salal,0,1200,635,0,0,1562744
-39638313,-57175834,1410730,3,bush,salal,0,1200,765,4000,0,1559822
-39567459,-57175856,1413115,3,bush,salal,0,1200,818,72000,0,1557437
-39768302,-57174972,1434511,3,grass,sword-fern,0,1200,443,116000,0,1536041
-39766233,-57175031,1434815,3,bush,salal,0,1200,83,116000,0,1535737
-39763062,-57174528,1434852,3,grass,male-fern,0,1200,292,108000,0,1535700
-39762166,-57175156,1434559,3,bush,salal,0,1200,595,108000,0,1535993
-39752260,-57174942,1430145,3,bush,salal,0,1200,705,100000,0,1540407
-39742889,-57174674,1428822,3,bush,salal,0,1200,724,92000,0,1541730
-39731904,-57174801,1430710,3,bush,salal,0,1200,650,78000,0,1539842
-39730531,-57174438,1430231,3,bush,salal,0,1200,682,78000,0,1540321
-39689646,-57174529,1410485,3,bush,salal,0,1200,798,32000,0,1560067
-39659465,-57174410,1406028,3,bush,salal,0,1200,774,2000,0,1564524
-39643979,-57174559,1409578,3,bush,salal,0,1200,773,4000,0,1560974
-39639370,-57174527,1410860,3,bush,salal,0,1200,718,4000,0,1559692
-39637413,-57174913,1411286,3,bush,salal,0,1200,576,12000,0,1559266
-39789879,-57173688,1421324,3,grass,sword-fern,0,1200,396,138000,0,1549228
-39751477,-57174065,1430330,3,bush,salal,0,1200,715,100000,0,1540222
-39728258,-57173728,1429711,3,bush,salal,0,1200,687,78000,0,1540841
-39655115,-57173626,1407436,3,bush,salal,0,1200,635,2000,0,1563116
-39651905,-57173887,1408033,3,bush,salal,0,1200,619,0,0,1562519
-39643882,-57173755,1409924,3,bush,salal,0,1200,729,4000,0,1560628
-39641580,-57174294,1410415,3,bush,salal,0,1200,766,4000,0,1560137
-39767843,-57173563,1434643,3,bush,salal,0,1200,300,116000,0,1535909
-39766691,-57172835,1434871,3,grass,moss-cushion,0,220,157,116000,0,1535681
-39762754,-57173555,1434881,3,flower,birdsfoot-trefoil,0,250,371,108000,0,1535671
-39748364,-57172971,1429092,3,bush,salal,0,1200,732,92000,0,1541460
-39746104,-57173371,1429002,3,bush,salal,0,1200,749,92000,0,1541550
-39744618,-57173297,1429449,3,bush,salal,0,1200,766,92000,0,1541103
-39736566,-57173086,1430979,3,bush,salal,0,1200,834,86000,0,1539573
-39733005,-57173062,1431717,3,bush,salal,0,1200,676,78000,0,1538835
-39689413,-57172996,1411490,3,bush,salal,0,1200,609,32000,0,1559062
-39662607,-57173015,1406150,3,bush,salal,0,1200,822,10000,0,1564402
-39661569,-57172922,1406416,3,bush,salal,0,1200,773,10000,0,1564136
-39658824,-57173444,1406723,3,bush,salal,0,1200,701,2000,0,1563829
-39654071,-57173342,1407812,3,bush,salal,0,1200,624,2000,0,1562740
-39647479,-57172960,1409261,3,bush,salal,0,1200,656,0,0,1561291
-39646672,-57172831,1409408,3,bush,salal,0,1200,668,0,0,1561144
-39641486,-57173549,1410557,3,bush,salal,0,1200,721,4000,0,1559995
-39768179,-57172787,1434511,3,flower,large-trillium,0,350,340,116000,0,1536041
-39763130,-57172008,1435120,3,grass,timothy,0,900,133,108000,0,1535432
-39752656,-57172066,1431606,3,bush,salal,0,1200,690,100000,0,1538946
-39745371,-57172429,1429648,3,bush,salal,0,1200,780,92000,0,1540904
-39738032,-57172563,1430939,3,bush,salal,0,1200,841,86000,0,1539613
-39733085,-57172664,1431875,3,bush,salal,0,1200,670,78000,0,1538677
-39726768,-57172696,1429449,3,bush,salal,0,1200,669,70000,0,1541103
-39716714,-57172305,1428235,3,bush,salal,0,1200,748,62000,0,1542317
-39715390,-57172244,1428062,3,bush,salal,0,1200,829,62000,0,1542490
-39661322,-57172687,1406631,3,bush,salal,0,1200,760,10000,0,1563921
-39657723,-57172384,1407488,3,bush,salal,0,1200,645,2000,0,1563064
-39645052,-57172162,1410080,3,bush,salal,0,1200,662,0,0,1560472
-39615740,-57172155,1425990,3,bush,salal,0,1200,743,24000,0,1544562
-39608680,-57172624,1428064,3,bush,salal,0,1200,811,34000,0,1542488
-39764343,-57171249,1435147,3,grass,ivy-ground-layer,0,220,100,108000,0,1535405
-39757931,-57171501,1433292,3,bush,salal,0,1200,753,108000,0,1537260
-39754721,-57171421,1432316,3,bush,salal,0,1200,707,100000,0,1538236
-39751030,-57171402,1431145,3,bush,salal,0,1200,678,100000,0,1539407
-39747660,-57171826,1429333,3,grass,male-fern,0,1200,413,92000,0,1541219
-39746082,-57171925,1429665,3,bush,salal,0,1200,771,92000,0,1540887
-39743310,-57171586,1430676,3,bush,salal,0,1200,794,92000,0,1539876
-39733588,-57171744,1432350,3,grass,feather-moss,0,220,436,78000,0,1538202
-39728565,-57171351,1430501,3,bush,salal,0,1200,713,78000,0,1540051
-39659040,-57171924,1407457,3,bush,salal,0,1200,627,2000,0,1563095
-39655578,-57171494,1408313,3,bush,salal,0,1200,591,2000,0,1562239
-39648486,-57171821,1409360,3,bush,salal,0,1200,630,0,0,1561192
-39646876,-57171286,1410081,3,bush,salal,0,1200,643,0,0,1560471
-39646312,-57171623,1410034,3,bush,salal,0,1200,650,0,0,1560518
-39645423,-57171404,1410265,3,bush,salal,0,1200,647,0,0,1560287
-39638749,-57171492,1412297,3,bush,salal,0,1200,684,4000,0,1558255
-39615915,-57171708,1426322,3,bush,salal,0,1200,755,24000,0,1544230
-39587900,-57171641,1429852,3,bush,salal,0,1200,911,50000,0,1540700
-39768229,-57170905,1434445,3,flower,oxeye-daisy,0,700,256,116000,0,1536107
-39766558,-57170585,1434862,3,grass,sword-fern,0,1200,214,116000,0,1535690
-39765185,-57170563,1435127,3,flower,large-trillium,0,350,123,116000,0,1535425
-39763942,-57171087,1435178,3,flower,red-clover,0,400,128,108000,0,1535374
-39753266,-57170457,1432318,3,bush,salal,0,1200,722,100000,0,1538234
-39743633,-57170410,1431135,3,bush,salal,0,1200,770,92000,0,1539417
-39733243,-57170505,1432680,3,bush,salal,0,1200,625,78000,0,1537872
-39731323,-57170910,1431749,3,bush,salal,0,1200,843,78000,0,1538803
-39719293,-57170420,1429278,3,bush,salal,0,1200,549,62000,0,1541274
-39717852,-57171026,1428965,3,bush,salal,0,1200,573,62000,0,1541587
-39717491,-57170432,1429230,3,grass,moss-cushion,0,220,564,62000,0,1541322
-39716136,-57170708,1429098,3,bush,salal,0,1200,627,62000,0,1541454
-39654190,-57171019,1408768,3,grass,moss-cushion,0,220,568,2000,0,1561784
-39651912,-57171085,1409061,3,grass,moss-cushion,0,220,581,0,0,1561491
-39647437,-57171057,1409978,3,bush,salal,0,1200,639,0,0,1560574
-39643893,-57170824,1410979,3,bush,salal,0,1200,644,4000,0,1559573
-39638848,-57170858,1412498,3,bush,salal,0,1200,670,4000,0,1558054
-39638394,-57170962,1412686,3,bush,salal,0,1200,649,4000,0,1557866
-39636390,-57170923,1413121,3,bush,salal,0,1200,593,12000,0,1557431
-39615329,-57170555,1427165,3,bush,salal,0,1200,660,24000,0,1543387
-39763486,-57169644,1435285,3,grass,bilberry-mat,0,400,161,108000,0,1535267
-39762960,-57169879,1435348,3,grass,sword-fern,0,1200,201,108000,0,1535204
-39762371,-57170140,1435415,3,grass,ribwort-plantain,0,300,165,108000,0,1535137
-39757121,-57170361,1433579,3,bush,salal,0,1200,774,100000,0,1536973
-39755618,-57170180,1433156,3,bush,salal,0,1200,748,100000,0,1537396
-39754979,-57170246,1432882,3,bush,salal,0,1200,732,100000,0,1537670
-39745491,-57169778,1430761,3,bush,salal,0,1200,744,92000,0,1539791
-39744426,-57170355,1430866,3,bush,salal,0,1200,768,92000,0,1539686
-39718367,-57170327,1429295,3,grass,woolly-fringe-moss,0,220,544,62000,0,1541257
-39715091,-57169916,1429614,3,bush,salal,0,1200,609,62000,0,1540938
-39661354,-57169929,1408188,3,bush,salal,0,1200,649,10000,0,1562364
-39658023,-57170104,1408532,3,bush,salal,0,1200,589,2000,0,1562020
-39657433,-57169791,1408819,3,bush,salal,0,1200,568,2000,0,1561733
-39652704,-57170037,1409392,3,flower,herb-robert,0,350,558,2000,0,1561160
-39649024,-57170076,1410048,3,bush,salal,0,1200,607,0,0,1560504
-39648640,-57170096,1410142,3,bush,salal,0,1200,618,0,0,1560410
-39643766,-57169915,1411359,3,bush,salal,0,1200,642,4000,0,1559193
-39767381,-57168975,1434737,3,flower,oxeye-daisy,0,700,248,116000,0,1535815
-39762962,-57169479,1435357,3,grass,sword-fern,0,1200,181,108000,0,1535195
-39760808,-57168948,1435442,3,flower,oxeye-daisy,0,700,314,108000,0,1535110
-39724673,-57169563,1430026,3,flower,herb-robert,0,350,511,70000,0,1540526
-39721002,-57169197,1429890,3,bush,salal,0,1200,572,70000,0,1540662
-39715697,-57168918,1430256,3,grass,feather-moss,0,220,546,62000,0,1540296
-39654990,-57169594,1409278,3,flower,herb-robert,0,350,522,2000,0,1561274
-39653617,-57169581,1409442,3,bush,salal,0,1200,536,2000,0,1561110
-39650692,-57169097,1410128,3,flower,herb-robert,0,350,559,0,0,1560424
-39648434,-57169559,1410411,3,bush,salal,0,1200,612,0,0,1560141
-39646625,-57169060,1411104,3,bush,salal,0,1200,616,0,0,1559448
-39645450,-57168833,1411506,3,bush,salal,0,1200,614,0,0,1559046
-39643931,-57169502,1411533,3,bush,salal,0,1200,637,4000,0,1559019
-39640824,-57169096,1412654,3,bush,salal,0,1200,641,4000,0,1557898
-39640381,-57169084,1412768,3,bush,salal,0,1200,642,4000,0,1557784
-39639789,-57169244,1412861,3,bush,salal,0,1200,644,4000,0,1557691
-39635329,-57169053,1414120,3,bush,salal,0,1200,736,12000,0,1556432
-39600361,-57169261,1427768,3,bush,salal,0,1200,770,38000,0,1542784
-39589425,-57169084,1431760,3,bush,salal,0,1200,693,50000,0,1538792
-39771747,-57168507,1434440,3,flower,herb-robert,0,350,546,116000,0,1536112
-39769518,-57168755,1434491,3,flower,primrose,0,240,307,116000,0,1536061
-39767699,-57168758,1434706,3,grass,jungle-groundcover,0,800,251,116000,0,1535846
-39765325,-57168789,1435079,3,grass,sword-fern,0,1200,209,116000,0,1535473
-39762531,-57168574,1435438,3,grass,sword-fern,0,1200,151,108000,0,1535114
-39753450,-57168283,1432925,3,bush,salal,0,1200,731,100000,0,1537627
-39750531,-57168734,1431465,3,bush,salal,0,1200,770,100000,0,1539087
-39748516,-57168651,1430474,3,bush,salal,0,1200,699,92000,0,1540078
-39742003,-57168102,1432562,3,bush,salal,0,1200,749,86000,0,1537990
-39720082,-57168282,1430248,3,grass,woolly-fringe-moss,0,220,546,70000,0,1540304
-39719462,-57168665,1430025,3,flower,herb-robert,0,350,539,62000,0,1540527
-39659334,-57168400,1409295,3,bush,salal,0,1200,507,2000,0,1561257
-39657952,-57168210,1409506,3,grass,moss-cushion,0,220,491,2000,0,1561046
-39657411,-57168497,1409428,3,grass,feather-moss,0,220,497,2000,0,1561124
-39650444,-57168452,1410444,3,bush,salal,0,1200,543,0,0,1560108
-39649030,-57168231,1410856,3,bush,salal,0,1200,564,0,0,1559696
-39647668,-57168722,1410970,3,bush,salal,0,1200,600,0,0,1559582
-39645127,-57168736,1411576,3,bush,salal,0,1200,615,0,0,1558976
-39643908,-57168617,1411933,3,bush,salal,0,1200,632,4000,0,1558619
-39642199,-57168292,1412593,3,bush,salal,0,1200,638,4000,0,1557959
-39636554,-57168579,1413982,3,bush,salal,0,1200,601,12000,0,1556570
-39635424,-57168161,1414416,3,bush,salal,0,1200,698,12000,0,1556136
-39587714,-57168478,1432127,3,bush,salal,0,1200,720,50000,0,1538425
-39766697,-57167600,1434979,3,grass,bilberry-mat,0,400,267,116000,0,1535573
-39762290,-57167359,1435562,3,grass,ivy-ground-layer,0,220,177,108000,0,1534990
-39755327,-57167864,1433957,3,bush,salal,0,1200,724,100000,0,1536595
-39752198,-57167448,1432534,3,bush,salal,0,1200,718,100000,0,1538018
-39751188,-57167637,1431987,3,bush,salal,0,1200,725,100000,0,1538565
-39723813,-57167412,1430808,3,grass,woolly-fringe-moss,0,220,485,70000,0,1539744
-39721990,-57167753,1430586,3,grass,woolly-fringe-moss,0,220,506,70000,0,1539966
-39720441,-57167672,1430600,3,bush,salal,0,1200,541,70000,0,1539952
-39719510,-57167581,1430632,3,bush,salal,0,1200,538,62000,0,1539920
-39718929,-57167833,1430461,3,bush,salal,0,1200,534,62000,0,1540091
-39717874,-57167981,1430436,3,bush,salal,0,1200,534,62000,0,1540116
-39713492,-57167806,1430754,3,bush,salal,0,1200,584,62000,0,1539798
-39660118,-57167292,1409673,3,bush,salal,0,1200,488,10000,0,1560879
-39659641,-57167902,1409426,3,bush,salal,0,1200,498,2000,0,1561126
-39653840,-57167365,1410277,3,bush,salal,0,1200,509,2000,0,1560275
-39650741,-57167965,1410550,3,bush,salal,0,1200,536,0,0,1560002
-39648432,-57167368,1411279,3,bush,salal,0,1200,580,0,0,1559273
-39646519,-57167252,1411740,3,bush,salal,0,1200,586,0,0,1558812
-39644401,-57167540,1412170,3,bush,salal,0,1200,624,4000,0,1558382
-39643448,-57167401,1412569,3,bush,salal,0,1200,641,4000,0,1557983
-39642417,-57167347,1412834,3,bush,salal,0,1200,639,4000,0,1557718
-39636642,-57167339,1414417,3,bush,salal,0,1200,627,12000,0,1556135
-39588962,-57167988,1432470,3,bush,salal,0,1200,621,50000,0,1538082
-39532940,-57167941,1431848,3,bush,salal,0,1200,759,92000,0,1538704
-39531023,-57167407,1432673,3,bush,salal,0,1200,661,90000,0,1537879
-39770561,-57166452,1435138,3,grass,cocksfoot,0,1000,261,116000,0,1535414
-39768724,-57166634,1434988,3,flower,herb-robert,0,350,259,116000,0,1535564
-39749873,-57167005,1431613,3,bush,salal,0,1200,868,92000,0,1538939
-39725790,-57166511,1431471,3,flower,herb-robert,0,350,515,70000,0,1539081
-39723445,-57167162,1430917,3,flower,herb-robert,0,350,482,70000,0,1539635
-39722783,-57166823,1431031,3,bush,salal,0,1200,480,70000,0,1539521
-39722350,-57167121,1430881,3,flower,herb-robert,0,350,485,70000,0,1539671
-39720767,-57166706,1431062,3,bush,salal,0,1200,517,70000,0,1539490
-39717181,-57166577,1431232,3,bush,salal,0,1200,563,62000,0,1539320
-39703189,-57166575,1429049,3,bush,salal,0,1200,885,48000,0,1541503
-39662322,-57167101,1409687,3,bush,salal,0,1200,643,10000,0,1560865
-39659549,-57166997,1409882,3,flower,herb-robert,0,350,469,2000,0,1560670
-39653270,-57166552,1410638,3,grass,feather-moss,0,220,492,2000,0,1559914
-39651850,-57166581,1410833,3,flower,herb-robert,0,350,522,0,0,1559719
-39649912,-57167065,1410945,3,grass,woolly-fringe-moss,0,220,561,0,0,1559607
-39649407,-57167050,1411062,3,bush,salal,0,1200,570,0,0,1559490
-39646030,-57166423,1412043,3,bush,salal,0,1200,588,0,0,1558509
-39645317,-57167044,1412046,3,bush,salal,0,1200,600,0,0,1558506
-39641672,-57167092,1413203,3,bush,salal,0,1200,645,4000,0,1557349
-39639826,-57166758,1413819,3,bush,salal,0,1200,671,4000,0,1556733
-39635138,-57166535,1415124,3,bush,salal,0,1200,696,12000,0,1555428
-39607409,-57166816,1431854,3,bush,salal,0,1200,757,38000,0,1538698
-39760596,-57166051,1435983,3,grass,ivy-ground-layer,0,220,226,108000,0,1534569
-39759469,-57166395,1435939,3,grass,feather-moss,0,220,358,108000,0,1534613
-39758940,-57165851,1435938,3,grass,feather-moss,0,220,441,108000,0,1534614
-39753804,-57165687,1433856,3,bush,salal,0,1200,736,100000,0,1536696
-39724395,-57165947,1431537,3,bush,salal,0,1200,512,70000,0,1539015
-39719743,-57166317,1431265,3,bush,salal,0,1200,546,62000,0,1539287
-39655734,-57166081,1410462,3,grass,woolly-fringe-moss,0,220,463,2000,0,1560090
-39651034,-57165810,1411087,3,flower,herb-robert,0,350,543,0,0,1559465
-39644351,-57166169,1412607,3,bush,salal,0,1200,631,4000,0,1557945
-39638120,-57165730,1414538,3,bush,salal,0,1200,672,4000,0,1556014
-39601507,-57166194,1429538,3,bush,salal,0,1200,646,38000,0,1541014
-39772838,-57165019,1435287,3,flower,herb-robert,0,350,490,122000,0,1535265
-39768251,-57165498,1435349,3,grass,moss-cushion,0,220,238,116000,0,1535203
-39759483,-57165237,1436132,3,grass,ivy-ground-layer,0,220,203,108000,0,1534420
-39759115,-57165517,1436052,3,flower,red-clover,0,400,327,108000,0,1534500
-39755514,-57165002,1434957,3,bush,salal,0,1200,932,100000,0,1535595
-39754810,-57165526,1434369,3,bush,salal,0,1200,772,100000,0,1536183
-39752807,-57165581,1433365,3,bush,salal,0,1200,750,100000,0,1537187
-39747995,-57165095,1431252,3,grass,moss-cushion,0,220,436,92000,0,1539300
-39745784,-57165328,1431743,3,bush,salal,0,1200,693,92000,0,1538809
-39745006,-57164946,1432159,3,bush,salal,0,1200,761,92000,0,1538393
-39725854,-57164818,1432221,3,flower,herb-robert,0,350,478,70000,0,1538331
-39721544,-57164936,1432032,3,bush,salal,0,1200,551,70000,0,1538520
-39720501,-57165237,1431877,3,bush,salal,0,1200,558,70000,0,1538675
-39719395,-57165547,1431686,3,bush,salal,0,1200,572,62000,0,1538866
-39715292,-57164897,1432326,3,bush,salal,0,1200,585,62000,0,1538226
-39709940,-57165152,1431729,3,bush,salal,0,1200,780,56000,0,1538823
-39709481,-57165384,1431501,3,bush,salal,0,1200,782,56000,0,1539051
-39708713,-57165305,1431492,3,bush,salal,0,1200,792,56000,0,1539060
-39703481,-57165159,1429910,3,bush,salal,0,1200,897,48000,0,1540642
-39659196,-57164915,1410633,3,flower,herb-robert,0,350,437,2000,0,1559919
-39655651,-57164818,1410816,3,grass,understory-fern,0,900,444,2000,0,1559736
-39653075,-57165292,1411055,3,bush,salal,0,1200,458,2000,0,1559497
-39648718,-57165225,1411638,3,bush,salal,0,1200,572,0,0,1558914
-39647358,-57164815,1412144,3,grass,moss-cushion,0,220,562,0,0,1558408
-39639405,-57164948,1414539,3,bush,salal,0,1200,683,2000,0,1556013
-39635794,-57165453,1415330,3,bush,salal,0,1200,660,12000,0,1555222
-39613715,-57165086,1430276,3,bush,salal,0,1200,765,32000,0,1540276
-39537269,-57164878,1432271,3,bush,salal,0,1200,979,88000,0,1538281
-39770009,-57164256,1435566,3,grass,ribwort-plantain,0,300,201,116000,0,1534986
-39764606,-57164342,1435637,3,grass,ribwort-plantain,0,300,259,108000,0,1534915
-39757752,-57164412,1436205,3,bush,salal,0,1200,558,108000,0,1534347
-39756912,-57164107,1436151,3,bush,salal,0,1200,767,100000,0,1534401
-39752493,-57164409,1433586,3,bush,salal,0,1200,789,100000,0,1536966
-39748127,-57164651,1431445,3,bush,salal,0,1200,563,92000,0,1539107
-39744080,-57164108,1432968,3,bush,salal,0,1200,798,92000,0,1537584
-39726920,-57164591,1432431,3,bush,salal,0,1200,493,70000,0,1538121
-39660083,-57164384,1410858,3,flower,herb-robert,0,350,435,10000,0,1559694
-39658874,-57164083,1410953,3,grass,wood-sedge,0,500,442,2000,0,1559599
-39654308,-57164677,1411123,3,flower,herb-robert,0,350,433,2000,0,1559429
-39647897,-57164247,1412163,3,flower,herb-robert,0,350,549,0,0,1558389
-39647194,-57164484,1412318,3,grass,moss-cushion,0,220,559,0,0,1558234
-39646219,-57164302,1412642,3,bush,salal,0,1200,591,0,0,1557910
-39636691,-57164015,1415562,3,bush,salal,0,1200,696,8000,0,1554990
-39614689,-57164441,1430519,3,flower,herb-robert,0,350,512,28000,0,1540033
-39612574,-57164125,1431156,3,bush,salal,0,1200,894,28000,0,1539396
-39600879,-57164448,1430122,3,flower,herb-robert,0,350,489,34000,0,1540430
-39592902,-57164119,1434469,3,bush,salal,0,1200,816,40000,0,1536083
-39589681,-57164285,1434738,3,grass,feather-moss,0,220,523,46000,0,1535814
-39772005,-57163947,1435542,3,flower,large-trillium,0,350,172,116000,0,1535010
-39764378,-57163233,1435850,3,grass,timothy,0,900,262,108000,0,1534702
-39761186,-57163749,1436239,3,grass,feather-moss,0,220,240,108000,0,1534313
-39756405,-57163512,1436149,3,bush,salal,0,1200,837,100000,0,1534403
-39753459,-57163368,1434493,3,bush,salal,0,1200,774,100000,0,1536059
-39747848,-57163715,1431630,3,flower,herb-robert,0,350,455,92000,0,1538922
-39728464,-57163268,1433377,3,bush,salal,0,1200,768,78000,0,1537175
-39712165,-57163378,1433160,3,bush,salal,0,1200,703,56000,0,1537392
-39660392,-57163461,1411239,3,grass,sword-fern,0,1200,413,10000,0,1559313
-39654504,-57163879,1411339,3,flower,oxeye-daisy,0,700,415,2000,0,1559213
-39649119,-57163553,1412067,3,grass,brook-moss-cushion,1,220,538,0,0,1558485
-39639377,-57163790,1415085,3,bush,salal,0,1200,673,2000,0,1555467
-39619898,-57163493,1432666,3,bush,salal,0,1200,836,22000,0,1537886
-39615291,-57163336,1431104,3,flower,herb-robert,0,350,523,22000,0,1539448
-39614202,-57163441,1430929,3,bush,salal,0,1200,582,28000,0,1539623
-39602216,-57163413,1430970,3,bush,salal,0,1200,782,34000,0,1539582
-39591538,-57163771,1435002,3,bush,salal,0,1200,665,46000,0,1535550
-39773167,-57162990,1435626,3,bush,salal,0,1200,200,122000,0,1534926
-39770907,-57162635,1435792,3,flower,birdsfoot-trefoil,0,250,206,116000,0,1534760
-39764564,-57163064,1435881,3,flower,herb-robert,0,350,261,108000,0,1534671
-39760124,-57162985,1436461,3,grass,ribwort-plantain,0,300,234,108000,0,1534091
-39758099,-57162757,1436690,3,flower,meadow-daisy,0,420,180,108000,0,1533862
-39756783,-57162557,1436513,3,bush,salal,0,1200,614,100000,0,1534039
-39755000,-57162793,1435576,3,bush,salal,0,1200,856,100000,0,1534976
-39746390,-57162736,1432077,3,flower,herb-robert,0,350,511,92000,0,1538475
-39734831,-57162955,1435879,3,bush,salal,0,1200,836,78000,0,1534673
-39728050,-57162548,1433507,3,bush,salal,0,1200,730,78000,0,1537045
-39717577,-57162537,1433463,3,bush,salal,0,1200,636,62000,0,1537089
-39712867,-57163076,1433287,3,bush,salal,0,1200,660,62000,0,1537265
-39660171,-57162952,1411430,3,grass,moss-cushion,0,220,425,10000,0,1559122
-39659938,-57162942,1411432,3,grass,moss-cushion,0,220,428,2000,0,1559120
-39658754,-57162481,1411617,3,flower,herb-robert,0,350,461,2000,0,1558935
-39655423,-57162492,1411683,3,grass,cocksfoot,0,1000,396,2000,0,1558869
-39653601,-57163170,1411672,3,grass,brook-moss-cushion,1,220,430,2000,0,1558880
-39653263,-57162759,1411817,3,grass,woolly-fringe-moss,0,220,458,2000,0,1558735
-39643942,-57162419,1413991,3,bush,salal,0,1200,649,2000,0,1556561
-39614576,-57162627,1431265,3,bush,salal,0,1200,484,28000,0,1539287
-39611445,-57163164,1432095,3,bush,salal,0,1200,897,28000,0,1538457
-39607190,-57162936,1433536,3,grass,woolly-fringe-moss,0,220,580,34000,0,1537016
-39533610,-57162650,1434435,3,bush,salal,0,1200,894,88000,0,1536117
-39770180,-57162008,1435920,3,flower,red-clover,0,400,180,116000,0,1534632
-39769332,-57162085,1435941,3,grass,sword-fern,0,1200,186,116000,0,1534611
-39767381,-57162208,1435965,3,grass,sword-fern,0,1200,222,116000,0,1534587
-39766892,-57161917,1436026,3,grass,jungle-groundcover,0,800,238,116000,0,1534526
-39763800,-57161648,1436247,3,bush,salal,0,1200,243,108000,0,1534305
-39762309,-57161650,1436397,3,bush,salal,0,1200,288,108000,0,1534155
-39760407,-57162358,1436503,3,flower,red-campion,0,700,216,108000,0,1534049
-39758518,-57161890,1436781,3,flower,herb-robert,0,350,258,108000,0,1533771
-39757250,-57161887,1436717,3,grass,feather-moss,0,220,386,100000,0,1533835
-39756145,-57161642,1436300,3,bush,salal,0,1200,768,100000,0,1534252
-39754409,-57161624,1435464,3,bush,salal,0,1200,800,100000,0,1535088
-39748464,-57162277,1432453,3,bush,salal,0,1200,746,92000,0,1538099
-39747682,-57162381,1432085,3,flower,herb-robert,0,350,501,92000,0,1538467
-39746714,-57162150,1432160,3,grass,sword-fern,0,1200,348,92000,0,1538392
-39736684,-57161804,1436981,3,grass,bilberry-mat,0,400,422,86000,0,1533571
-39721416,-57161630,1433979,3,bush,salal,0,1200,704,70000,0,1536573
-39718708,-57161793,1433939,3,bush,salal,0,1200,660,62000,0,1536613
-39641962,-57162357,1414776,3,bush,salal,0,1200,686,2000,0,1555776
-39638549,-57162344,1415755,3,bush,salal,0,1200,692,2000,0,1554797
-39620301,-57162302,1433330,3,bush,salal,0,1200,598,22000,0,1537222
-39620000,-57162377,1433179,3,bush,salal,0,1200,879,22000,0,1537373
-39616281,-57161685,1431973,3,bush,salal,0,1200,783,22000,0,1538579
-39615875,-57162016,1431729,3,bush,salal,0,1200,700,22000,0,1538823
-39613640,-57161893,1431705,3,bush,salal,0,1200,680,28000,0,1538847
-39611758,-57161887,1432330,3,bush,salal,0,1200,825,28000,0,1538222
-39608085,-57162396,1433816,3,grass,moss-cushion,0,220,373,28000,0,1536736
-39547797,-57162145,1433945,3,bush,salal,0,1200,580,74000,0,1536607
-39772280,-57161592,1435878,3,grass,sword-fern,0,1200,226,116000,0,1534674
-39747329,-57161588,1432333,3,bush,salal,0,1200,539,92000,0,1538219
-39656758,-57161408,1411992,3,grass,brook-moss-cushion,1,220,387,2000,0,1558560
-39654855,-57161423,1412106,3,grass,hair-cap-moss,1,240,392,2000,0,1558446
-39635741,-57161566,1416973,3,bush,salal,0,1200,590,8000,0,1553579
